TMPDIR is being set to /tmp/genus_temp_2880516_vlsi32.ee.iitb.ac.in_2035ayush_R1SOYz
Cadence Genus(TM) Synthesis Solution.
Copyright 2021 Cadence Design Systems, Inc. All rights reserved worldwide.
Cadence and the Cadence logo are registered trademarks and Genus is a trademark
of Cadence Design Systems, Inc. in the United States and other countries.

Version: 20.12-s150_1, built Wed Oct 13 22:08:13 PDT 2021
Options: -legacy_ui -files ../scripts/synthesis.tcl 
Date:    Mon May 25 07:18:19 2026
Host:    vlsi32.ee.iitb.ac.in (x86_64 w/Linux 4.18.0-553.123.1.el8_10.x86_64) (64cores*256cpus*2physical cpus*AMD EPYC 7713 64-Core Processor 512KB) (527617248KB)
PID:     2880516
OS:      Red Hat Enterprise Linux release 8.10 (Ootpa)

Checking out license: Genus_Synthesis


***********************************************************************************************************
***********************************************************************************************************



Loading tool scripts...
Finished loading tool scripts (18 seconds elapsed).

#@ Processing -files option
@genus 1> source ../scripts/synthesis.tcl
  Setting attribute of message 'LBR-9': 'max_print' = 0
  Setting attribute of message 'LBR-40': 'max_print' = 0
  Setting attribute of message 'LBR-518': 'max_print' = 0
  Setting attribute of message 'PHYS-279': 'max_print' = 0
  Setting attribute of root '/': 'auto_super_thread' = false
  Setting attribute of root '/': 'super_thread_servers' = 
  Setting attribute of root '/': 'max_cpus_per_server' = 1
  Setting attribute of root '/': 'init_hdl_search_path' = /home/users/2035ayush/Ayush/neonatal/sourcecode/rtl
  Setting attribute of root '/': 'init_lib_search_path' = /vlsi/pdk/tsmc_gp_65_stdio/tcbn65gplushvt_200a/TSMCHOME/digital/Front_End/verilog/tcbn65gplushvt_200a/ /home/users/2035ayush/Ayush/neonatal/macros/picosoc_sram_2048x32 /home/users/2035ayush/Ayush/neonatal/macros/pingpong_sram_4096x16 /home/users/2035ayush/Ayush/neonatal/macros/pe_spad_1024x16_dp /home/users/2035ayush/Ayush/neonatal/macros/lut_sram_1024x16

  Message Summary for Library all 5 libraries:
  ********************************************
  Missing a function attribute in the output pin definition. [LBR-518]: 1
  An unsupported construct was detected in this library. [LBR-40]: 5
  Appending library. [LBR-3]: 3
  ********************************************
 
Info    : Created nominal operating condition. [LBR-412]
        : Operating condition '_nominal_' was created for the PVT values (1.000000, 1.000000, 25.000000) in library 'tcbn65gplushvttc_ccs.lib'.
        : The nominal operating condition is represented, either by the nominal PVT values specified in the library source (via nom_process,nom_voltage and nom_temperature respectively), or by the default PVT values (1.0,1.0,1.0).
Info    : Created nominal operating condition. [LBR-412]
        : Operating condition '_nominal_' was created for the PVT values (1.000000, 1.000000, 25.000000) in library 'lut_sram_1024x16_nldm_tt_1p00v_1p00v_25c_syn.lib'.
Warning : Unusable clock gating integrated cell found at the time of loading libraries. This warning happens because a particular library cell is defined as 'clock_gating_integrated_cell', but 'dont_use' attribute is defined as true in the liberty library. To make Genus use this cell for clock gating insertion, 'dont_use' attribute should be set to false. [LBR-101]
        : Clock gating integrated cell name: 'CKLHQD20HVT'
        : To make the cell usable, change the value of 'dont_use' attribute to false.
Warning : Unusable clock gating integrated cell found at the time of loading libraries. This warning happens because a particular library cell is defined as 'clock_gating_integrated_cell', but 'dont_use' attribute is defined as true in the liberty library. To make Genus use this cell for clock gating insertion, 'dont_use' attribute should be set to false. [LBR-101]
        : Clock gating integrated cell name: 'CKLHQD24HVT'
Warning : Unusable clock gating integrated cell found at the time of loading libraries. This warning happens because a particular library cell is defined as 'clock_gating_integrated_cell', but 'dont_use' attribute is defined as true in the liberty library. To make Genus use this cell for clock gating insertion, 'dont_use' attribute should be set to false. [LBR-101]
        : Clock gating integrated cell name: 'CKLNQD20HVT'
Warning : Unusable clock gating integrated cell found at the time of loading libraries. This warning happens because a particular library cell is defined as 'clock_gating_integrated_cell', but 'dont_use' attribute is defined as true in the liberty library. To make Genus use this cell for clock gating insertion, 'dont_use' attribute should be set to false. [LBR-101]
        : Clock gating integrated cell name: 'CKLNQD24HVT'
  Setting attribute of root '/': 'library' = /vlsi/pdk/tsmc_gp_65_stdio/tcbn65gplushvt_200a/TSMCHOME/digital/Front_End/timing_power_noise/CCS/tcbn65gplushvt_200a/tcbn65gplushvttc_ccs.lib /home/users/2035ayush/Ayush/neonatal/macros/picosoc_sram_2048x32/picosoc_sram_2048x32_nldm_tt_1p00v_1p00v_25c_syn.lib /home/users/2035ayush/Ayush/neonatal/macros/pingpong_sram_4096x16/pingpong_sram_4096x16_nldm_tt_1p00v_1p00v_25c_syn.lib /home/users/2035ayush/Ayush/neonatal/macros/pe_spad_1024x16_dp/pe_spad_1024x16_dp_nldm_tt_1p00v_1p00v_25c_syn.lib /home/users/2035ayush/Ayush/neonatal/macros/lut_sram_1024x16/lut_sram_1024x16_nldm_tt_1p00v_1p00v_25c_syn.lib

  According to lef_library, there are total 10 routing layers [ V(5) / H(5) ]

Warning : The variant range of wire parameters is too large. An example of wire parameters are, a WIDTH for layer, PITCH for layer, MINSPACING for layers, etc. [PHYS-12]
        : The variant range (0.09, 3) of 'WIDTH' for layers 'M1' and 'AP' is too large.
        : Check the consistency of the parameters, and see if you can ignore this message or you're using different LEF file with wrong parameters.
Warning : The variant range of wire parameters is too large. An example of wire parameters are, a WIDTH for layer, PITCH for layer, MINSPACING for layers, etc. [PHYS-12]
        : The variant range (0.2, 6.5) of 'PITCH' for layers 'M6' and 'AP' is too large.
Warning : The variant range of wire parameters is too large. An example of wire parameters are, a WIDTH for layer, PITCH for layer, MINSPACING for layers, etc. [PHYS-12]
        : The variant range (0.09, 2) of 'MINSPACING' for layers 'M1' and 'AP' is too large.
  Libraries have 441 usable logic and 280 usable sequential lib-cells.
  Setting attribute of root '/': 'lef_library' = /vlsi/pdk/tsmc_gp_65_stdio/tcbn65gplushvt_200a/TSMCHOME/digital/Back_End/lef/tcbn65gplushvt_200a/lef/tcbn65gplushvt_9lmT2.lef /vlsi/pdk/tsmc_gp_65_stdio/tpan65gpgv2od3_200b/TSMCHOME/digital/Back_End/lef/tpan65gpgv2od3_200a/mt/9lm/lef/antenna_9lm.lef /vlsi/pdk/tsmc_gp_65_stdio/tpbn65v_200b/TSMCHOME/digital/Back_End/lef/tpbn65v_200b/wb/9m/9M_6X2Z/lef/tpbn65v_9lm.lef /home/users/2035ayush/Ayush/neonatal/macros/picosoc_sram_2048x32/picosoc_sram_2048x32.lef /home/users/2035ayush/Ayush/neonatal/macros/pingpong_sram_4096x16/pingpong_sram_4096x16.lef /home/users/2035ayush/Ayush/neonatal/macros/pe_spad_1024x16_dp/pe_spad_1024x16_dp.lef /home/users/2035ayush/Ayush/neonatal/macros/lut_sram_1024x16/lut_sram_1024x16.lef
  Setting attribute of root '/': 'lp_insert_clock_gating' = false
	initial begin
	      |
Warning : Ignoring unsynthesizable construct. [VLOGPT-37]
        : Initial in file '/home/users/2035ayush/Ayush/neonatal/sourcecode/rtl/picorv32.v' on line 189, column 8.
        : For example, the following constructs will be ignored:
    - initial block
    - final block
    - program block
    - property block
    - sequence block
    - covergroup
    - checker block
    - gate drive strength
    - system task enable
    - reg declaration with initial value
    - specify block.
reg [9:0]  addr_d1  = 10'd0;
                           |
Warning : Ignoring unsynthesizable construct. [VLOGPT-37]
        : Initial value assignment to reg in file '/home/users/2035ayush/Ayush/neonatal/sourcecode/rtl/reciprocal_lut.v' on line 51, column 28.
reg [5:0]  k_d1     = 6'd0;
                          |
Warning : Ignoring unsynthesizable construct. [VLOGPT-37]
        : Initial value assignment to reg in file '/home/users/2035ayush/Ayush/neonatal/sourcecode/rtl/reciprocal_lut.v' on line 52, column 27.
reg        zero_d1  = 1'b0;
                          |
Warning : Ignoring unsynthesizable construct. [VLOGPT-37]
        : Initial value assignment to reg in file '/home/users/2035ayush/Ayush/neonatal/sourcecode/rtl/reciprocal_lut.v' on line 53, column 27.
reg        valid_d1 = 1'b0;   // MUST init 0: lut_cen=~valid_d1; X?failedWrite
                          |
Warning : Ignoring unsynthesizable construct. [VLOGPT-37]
        : Initial value assignment to reg in file '/home/users/2035ayush/Ayush/neonatal/sourcecode/rtl/reciprocal_lut.v' on line 54, column 27.
reg [5:0]  k_d2    = 6'd0;
                         |
Warning : Ignoring unsynthesizable construct. [VLOGPT-37]
        : Initial value assignment to reg in file '/home/users/2035ayush/Ayush/neonatal/sourcecode/rtl/reciprocal_lut.v' on line 92, column 26.
reg        zero_d2 = 1'b0;
                         |
Warning : Ignoring unsynthesizable construct. [VLOGPT-37]
        : Initial value assignment to reg in file '/home/users/2035ayush/Ayush/neonatal/sourcecode/rtl/reciprocal_lut.v' on line 93, column 26.
reg        valid_d2 = 1'b0;
                          |
Warning : Ignoring unsynthesizable construct. [VLOGPT-37]
        : Initial value assignment to reg in file '/home/users/2035ayush/Ayush/neonatal/sourcecode/rtl/reciprocal_lut.v' on line 94, column 27.
reg         lut_valid_in  = 1'b0;
                                |
Warning : Ignoring unsynthesizable construct. [VLOGPT-37]
        : Initial value assignment to reg in file '/home/users/2035ayush/Ayush/neonatal/sourcecode/rtl/RMS_PE.v' on line 111, column 33.
reg signed [31:0] p_stage1  = 32'd0;
                                   |
Warning : Ignoring unsynthesizable construct. [VLOGPT-37]
        : Initial value assignment to reg in file '/home/users/2035ayush/Ayush/neonatal/sourcecode/rtl/sigmoid_hardware.v' on line 42, column 36.
reg               valid_d1  = 1'b0;
                                  |
Warning : Ignoring unsynthesizable construct. [VLOGPT-37]
        : Initial value assignment to reg in file '/home/users/2035ayush/Ayush/neonatal/sourcecode/rtl/sigmoid_hardware.v' on line 43, column 35.
reg [9:0]  addr_stage2 = 10'd0;
                              |
Warning : Ignoring unsynthesizable construct. [VLOGPT-37]
        : Initial value assignment to reg in file '/home/users/2035ayush/Ayush/neonatal/sourcecode/rtl/sigmoid_hardware.v' on line 59, column 31.
reg        valid_d2    = 1'b0;   // MUST init to 0: lut_cen=~valid_d2; X here
                             |
Warning : Ignoring unsynthesizable construct. [VLOGPT-37]
        : Initial value assignment to reg in file '/home/users/2035ayush/Ayush/neonatal/sourcecode/rtl/sigmoid_hardware.v' on line 60, column 30.
reg valid_d3 = 1'b0;
                   |
Warning : Ignoring unsynthesizable construct. [VLOGPT-37]
        : Initial value assignment to reg in file '/home/users/2035ayush/Ayush/neonatal/sourcecode/rtl/sigmoid_hardware.v' on line 108, column 20.
Info    : Elaborating Design. [ELAB-1]
        : Elaborating top-level block 'hardware' from file '/home/users/2035ayush/Ayush/neonatal/sourcecode/rtl/hardware.v'.
Warning : Ignored redundant case item. [CDFG-480]
        : Case item '0' in module 'picorv32_BARREL_SHIFTER1_ENABLE_PCPI1_ENABLE_IRQ1_ENABLE_IRQ_QREGS1_PROGADDR_RESET0_PROGADDR_IRQ16_STACKADDR8192' in file '/home/users/2035ayush/Ayush/neonatal/sourcecode/rtl/picorv32.v' on line 324.
        : When multiple case item expressions match the case condition, only the statements associated with the first matching item are considered.
Warning : Unreachable statements for case item. [CDFG-472]
        : Case item '2' in module 'picorv32_BARREL_SHIFTER1_ENABLE_PCPI1_ENABLE_IRQ1_ENABLE_IRQ_QREGS1_PROGADDR_RESET0_PROGADDR_IRQ16_STACKADDR8192' in file '/home/users/2035ayush/Ayush/neonatal/sourcecode/rtl/picorv32.v' on line 324.
Warning : Removing unused register. [CDFG-508]
        : Removing unused flip-flop register 'mem_la_firstword_reg' in module 'picorv32_BARREL_SHIFTER1_ENABLE_PCPI1_ENABLE_IRQ1_ENABLE_IRQ_QREGS1_PROGADDR_RESET0_PROGADDR_IRQ16_STACKADDR8192' in file '/home/users/2035ayush/Ayush/neonatal/sourcecode/rtl/picorv32.v' on line 373.
        : Genus removes the flip-flop or latch inferred for an unused signal or variable. To preserve the flip-flop or latch, set the hdl_preserve_unused_registers attribute to true or use a pragma in the RTL.
Warning : Removing unused register. [CDFG-508]
        : Removing unused flip-flop register 'last_mem_valid' in module 'picorv32_BARREL_SHIFTER1_ENABLE_PCPI1_ENABLE_IRQ1_ENABLE_IRQ_QREGS1_PROGADDR_RESET0_PROGADDR_IRQ16_STACKADDR8192' in file '/home/users/2035ayush/Ayush/neonatal/sourcecode/rtl/picorv32.v' on line 373.
Warning : Removing unused register. [CDFG-508]
        : Removing unused flip-flop register 'next_insn_opcode' in module 'picorv32_BARREL_SHIFTER1_ENABLE_PCPI1_ENABLE_IRQ1_ENABLE_IRQ_QREGS1_PROGADDR_RESET0_PROGADDR_IRQ16_STACKADDR8192' in file '/home/users/2035ayush/Ayush/neonatal/sourcecode/rtl/picorv32.v' on line 413.
Warning : Removing unused register. [CDFG-508]
        : Removing unused flip-flop register 'mem_la_secondword' in module 'picorv32_BARREL_SHIFTER1_ENABLE_PCPI1_ENABLE_IRQ1_ENABLE_IRQ_QREGS1_PROGADDR_RESET0_PROGADDR_IRQ16_STACKADDR8192' in file '/home/users/2035ayush/Ayush/neonatal/sourcecode/rtl/picorv32.v' on line 548.
Warning : Removing unused register. [CDFG-508]
        : Removing unused flip-flop register 'prefetched_high_word' in module 'picorv32_BARREL_SHIFTER1_ENABLE_PCPI1_ENABLE_IRQ1_ENABLE_IRQ_QREGS1_PROGADDR_RESET0_PROGADDR_IRQ16_STACKADDR8192' in file '/home/users/2035ayush/Ayush/neonatal/sourcecode/rtl/picorv32.v' on line 548.
Warning : Removing unused register. [CDFG-508]
        : Removing unused latch register 'new_ascii_instr' in module 'picorv32_BARREL_SHIFTER1_ENABLE_PCPI1_ENABLE_IRQ1_ENABLE_IRQ_QREGS1_PROGADDR_RESET0_PROGADDR_IRQ16_STACKADDR8192' in file '/home/users/2035ayush/Ayush/neonatal/sourcecode/rtl/picorv32.v' on line 683.
Warning : Removing unused register. [CDFG-508]
        : Removing unused flip-flop register 'dbg_insn_addr' in module 'picorv32_BARREL_SHIFTER1_ENABLE_PCPI1_ENABLE_IRQ1_ENABLE_IRQ_QREGS1_PROGADDR_RESET0_PROGADDR_IRQ16_STACKADDR8192' in file '/home/users/2035ayush/Ayush/neonatal/sourcecode/rtl/picorv32.v' on line 759.
Warning : Removing unused register. [CDFG-508]
        : Removing unused flip-flop register 'q_ascii_instr' in module 'picorv32_BARREL_SHIFTER1_ENABLE_PCPI1_ENABLE_IRQ1_ENABLE_IRQ_QREGS1_PROGADDR_RESET0_PROGADDR_IRQ16_STACKADDR8192' in file '/home/users/2035ayush/Ayush/neonatal/sourcecode/rtl/picorv32.v' on line 759.
Warning : Removing unused register. [CDFG-508]
        : Removing unused flip-flop register 'q_insn_imm' in module 'picorv32_BARREL_SHIFTER1_ENABLE_PCPI1_ENABLE_IRQ1_ENABLE_IRQ_QREGS1_PROGADDR_RESET0_PROGADDR_IRQ16_STACKADDR8192' in file '/home/users/2035ayush/Ayush/neonatal/sourcecode/rtl/picorv32.v' on line 759.
Warning : Removing unused register. [CDFG-508]
        : Removing unused flip-flop register 'q_insn_opcode' in module 'picorv32_BARREL_SHIFTER1_ENABLE_PCPI1_ENABLE_IRQ1_ENABLE_IRQ_QREGS1_PROGADDR_RESET0_PROGADDR_IRQ16_STACKADDR8192' in file '/home/users/2035ayush/Ayush/neonatal/sourcecode/rtl/picorv32.v' on line 759.
Warning : Removing unused register. [CDFG-508]
        : Removing unused flip-flop register 'q_insn_rs1' in module 'picorv32_BARREL_SHIFTER1_ENABLE_PCPI1_ENABLE_IRQ1_ENABLE_IRQ_QREGS1_PROGADDR_RESET0_PROGADDR_IRQ16_STACKADDR8192' in file '/home/users/2035ayush/Ayush/neonatal/sourcecode/rtl/picorv32.v' on line 759.
Warning : Removing unused register. [CDFG-508]
        : Removing unused flip-flop register 'q_insn_rs2' in module 'picorv32_BARREL_SHIFTER1_ENABLE_PCPI1_ENABLE_IRQ1_ENABLE_IRQ_QREGS1_PROGADDR_RESET0_PROGADDR_IRQ16_STACKADDR8192' in file '/home/users/2035ayush/Ayush/neonatal/sourcecode/rtl/picorv32.v' on line 759.
Warning : Removing unused register. [CDFG-508]
        : Removing unused flip-flop register 'q_insn_rd' in module 'picorv32_BARREL_SHIFTER1_ENABLE_PCPI1_ENABLE_IRQ1_ENABLE_IRQ_QREGS1_PROGADDR_RESET0_PROGADDR_IRQ16_STACKADDR8192' in file '/home/users/2035ayush/Ayush/neonatal/sourcecode/rtl/picorv32.v' on line 759.
Warning : Removing unused register. [CDFG-508]
        : Removing unused flip-flop register 'dbg_next' in module 'picorv32_BARREL_SHIFTER1_ENABLE_PCPI1_ENABLE_IRQ1_ENABLE_IRQ_QREGS1_PROGADDR_RESET0_PROGADDR_IRQ16_STACKADDR8192' in file '/home/users/2035ayush/Ayush/neonatal/sourcecode/rtl/picorv32.v' on line 759.
Warning : Removing unused register. [CDFG-508]
        : Removing unused flip-flop register 'dbg_valid_insn' in module 'picorv32_BARREL_SHIFTER1_ENABLE_PCPI1_ENABLE_IRQ1_ENABLE_IRQ_QREGS1_PROGADDR_RESET0_PROGADDR_IRQ16_STACKADDR8192' in file '/home/users/2035ayush/Ayush/neonatal/sourcecode/rtl/picorv32.v' on line 759.
Warning : Removing unused register. [CDFG-508]
        : Removing unused flip-flop register 'cached_ascii_instr' in module 'picorv32_BARREL_SHIFTER1_ENABLE_PCPI1_ENABLE_IRQ1_ENABLE_IRQ_QREGS1_PROGADDR_RESET0_PROGADDR_IRQ16_STACKADDR8192' in file '/home/users/2035ayush/Ayush/neonatal/sourcecode/rtl/picorv32.v' on line 759.
Warning : Removing unused register. [CDFG-508]
        : Removing unused flip-flop register 'cached_insn_imm' in module 'picorv32_BARREL_SHIFTER1_ENABLE_PCPI1_ENABLE_IRQ1_ENABLE_IRQ_QREGS1_PROGADDR_RESET0_PROGADDR_IRQ16_STACKADDR8192' in file '/home/users/2035ayush/Ayush/neonatal/sourcecode/rtl/picorv32.v' on line 759.
Warning : Removing unused register. [CDFG-508]
        : Removing unused flip-flop register 'cached_insn_opcode' in module 'picorv32_BARREL_SHIFTER1_ENABLE_PCPI1_ENABLE_IRQ1_ENABLE_IRQ_QREGS1_PROGADDR_RESET0_PROGADDR_IRQ16_STACKADDR8192' in file '/home/users/2035ayush/Ayush/neonatal/sourcecode/rtl/picorv32.v' on line 759.
Warning : Removing unused register. [CDFG-508]
        : Removing unused flip-flop register 'cached_insn_rs1' in module 'picorv32_BARREL_SHIFTER1_ENABLE_PCPI1_ENABLE_IRQ1_ENABLE_IRQ_QREGS1_PROGADDR_RESET0_PROGADDR_IRQ16_STACKADDR8192' in file '/home/users/2035ayush/Ayush/neonatal/sourcecode/rtl/picorv32.v' on line 759.
Warning : Removing unused register. [CDFG-508]
        : Removing unused flip-flop register 'cached_insn_rs2' in module 'picorv32_BARREL_SHIFTER1_ENABLE_PCPI1_ENABLE_IRQ1_ENABLE_IRQ_QREGS1_PROGADDR_RESET0_PROGADDR_IRQ16_STACKADDR8192' in file '/home/users/2035ayush/Ayush/neonatal/sourcecode/rtl/picorv32.v' on line 759.
Warning : Unreachable statements for case item. [CDFG-472]
        : Case item 'default' in module 'handshake_muxF' in file '/home/users/2035ayush/Ayush/neonatal/sourcecode/rtl/handshake_muxF.v' on line 78.
Warning : Unreachable statements for case item. [CDFG-472]
        : Case item 'default' in module 'qspi_master' in file '/home/users/2035ayush/Ayush/neonatal/sourcecode/rtl/qspi_master.v' on line 103.
Info    : Done Elaborating Design. [ELAB-3]
        : Done elaborating 'hardware'.
Checking for analog nets...
Check completed for analog nets.
Checking for source RTL...
Check completed for source RTL.
Running Unified Mux Engine Tricks...
Completed Unified Mux Engine Tricks
--------------------------------------------------------
| Trick             | Accepts | Rejects | Runtime (ms) | 
--------------------------------------------------------
| ume_constant_bmux |       0 |       0 |         0.00 | 
--------------------------------------------------------
Starting clip mux common data inputs [v1.0] (stage: post_elab, startdef: hardware, recur: true)
Completed clip mux common data inputs (accepts: 14, rejects: 0, runtime: 0.008s)
Starting clip the non-user hierarchies [v2.0] (stage: post_elab, startdef: hardware, recur: true)
Completed clip the non-user hierarchies (accepts: 3, rejects: 0, runtime: 0.038s)
Statistics for commands executed by read_sdc:
 "all_outputs"              - successful      1 , failed      0 (runtime  0.00)
 "create_clock"             - successful      1 , failed      0 (runtime  0.00)
 "current_design"           - successful      2 , failed      0 (runtime  0.00)
 "get_clocks"               - successful     10 , failed      0 (runtime  0.00)
 "get_ports"                - successful      9 , failed      0 (runtime  0.00)
 "set_clock_uncertainty"    - successful      2 , failed      0 (runtime  0.00)
 "set_input_delay"          - successful      2 , failed      0 (runtime  0.00)
 "set_load"                 - successful      1 , failed      0 (runtime  0.00)
 "set_max_fanout"           - successful      1 , failed      0 (runtime  0.00)
 "set_max_transition"       - successful      1 , failed      0 (runtime  0.00)
 "set_output_delay"         - successful      6 , failed      0 (runtime  0.00)
 "set_units"                - successful      2 , failed      0 (runtime  0.00)
read_sdc completed in 00:00:00 (hh:mm:ss)
  Setting attribute of libcell 'CKLHQD12HVT': 'avoid' = false
  Setting attribute of libcell 'CKLHQD16HVT': 'avoid' = false
  Setting attribute of libcell 'CKLHQD1HVT': 'avoid' = false
Warning : Relaxing an attribute value in the library. [LBR-39]
        : Overriding the avoid (ie. dont_use) attribute for library-cell 'CKLHQD20HVT'.
        : Relaxing one of the library's attribute value (for example, a library-cell's dont_use or dont_touch attribute) should be done with caution. This warning means that a dont_use or dont_touch attribute defined for a library cell (in liberty file) is overridden by the user in the run. When you do 'read_cpf -library' in a CPF based flow, apart from loading libraries, this command automatically marks low power standard cells as usable. So that the synthesis can use them. These low power standard cells are usually marked 'dont_use true' in the liberty. That's why when the tool makes them usable (avoid = false), these warnings are flagged.
  Setting attribute of libcell 'CKLHQD20HVT': 'avoid' = false
Warning : Relaxing an attribute value in the library. [LBR-39]
        : Overriding the avoid (ie. dont_use) attribute for library-cell 'CKLHQD24HVT'.
  Setting attribute of libcell 'CKLHQD24HVT': 'avoid' = false
  Setting attribute of libcell 'CKLHQD2HVT': 'avoid' = false
  Setting attribute of libcell 'CKLHQD3HVT': 'avoid' = false
  Setting attribute of libcell 'CKLHQD4HVT': 'avoid' = false
  Setting attribute of libcell 'CKLHQD6HVT': 'avoid' = false
  Setting attribute of libcell 'CKLHQD8HVT': 'avoid' = false
  Setting attribute of libcell 'CKLNQD12HVT': 'avoid' = false
  Setting attribute of libcell 'CKLNQD16HVT': 'avoid' = false
  Setting attribute of libcell 'CKLNQD1HVT': 'avoid' = false
Warning : Relaxing an attribute value in the library. [LBR-39]
        : Overriding the avoid (ie. dont_use) attribute for library-cell 'CKLNQD20HVT'.
  Setting attribute of libcell 'CKLNQD20HVT': 'avoid' = false
Warning : Relaxing an attribute value in the library. [LBR-39]
        : Overriding the avoid (ie. dont_use) attribute for library-cell 'CKLNQD24HVT'.
  Setting attribute of libcell 'CKLNQD24HVT': 'avoid' = false
  Setting attribute of libcell 'CKLNQD2HVT': 'avoid' = false
  Setting attribute of libcell 'CKLNQD3HVT': 'avoid' = false
  Setting attribute of libcell 'CKLNQD4HVT': 'avoid' = false
  Setting attribute of libcell 'CKLNQD6HVT': 'avoid' = false
  Setting attribute of libcell 'CKLNQD8HVT': 'avoid' = false
  Setting attribute of instance 'cpu': 'ungroup_ok' = false
ungroup_ok false: soc/cpu hierarchy preserved
--- Starting Generic Synthesis ---
Error   : Invalid attribute name. [TUI-40] [set_attribute]
        : 'undriven_signal' is not a valid attribute.
        : Use '::legacy::set_attribute -h' (in legacy UI mode) or 'help * <attr_name> -detail' (in CUI mode) to see a list of all valid attributes that can be set.
Error   : A required object parameter could not be found. [TUI-61] [set_attribute]
        : An object of type 'root' named '0x24' could not be found.
        : Check to make sure that the object exists and is of the correct type.  The 'what_is' command can be used to determine the type of an object.

Usage: ::legacy::set_attribute [-quiet] [-lock] <string> <string> [<root>+]

    [-quiet]:
        keeps quiet unless there are problems 
    [-lock]:
        attribute becomes read only once locked 
    <string>:
        attribute name 
    <string>:
        new value. A compound string (containing spaces) should be represented 
        as a list (using double-quotes or braces). 
    [<root>+]:
        object(s) of interest 
Error   : Invalid attribute name. [TUI-40] [set_attribute]
        : 'undriven_output_port_value' is not a valid attribute.
  Setting attribute of root '/': 'optimize_constant_0_flops' = false
  Setting attribute of root '/': 'optimize_constant_1_flops' = false
##Generic Timing Info for library domain: _default_ typical gate delay: 40.3 ps std_slew: 9.5 ps std_load: 2.4 fF
Starting mux data reorder optimization [v1.0] (stage: pre_to_gen_setup, startdef: hardware, recur: true)
Completed mux data reorder optimization (accepts: 0, rejects: 0, runtime: 0.015s)
Info    : Deleting instances not driving any primary outputs. [GLO-34]
        : Deleting 103 sequential instances.
        : Optimizations such as constant propagation or redundancy removal could change the connections so a hierarchical instance does not drive any primary outputs anymore. To see the list of deleted hierarchical instances, set the 'information_level' attribute to 2 or above. If the message is truncated set the message attribute 'truncate' to false to see the complete list. To prevent this optimization, set the 'delete_unloaded_insts' root/subdesign attribute to 'false' or 'preserve' instance attribute to 'true'.
Info    : Deleting instances not driving any primary outputs. [GLO-34]
        : Deleting 8 hierarchical instances.
Info    : Deleting instances not driving any primary outputs. [GLO-34]
        : Deleting 154 hierarchical instances.
Current PLE settings:

Aspect ratio        : 1.000
Shrink factor       : 1.000
Scale of res/length : 1.000
Scale of cap/length : 1.000
Net derating factor : 1.000
Thermal factor      : 1.000
Via Resistance      : 1.137 ohm (from lef_library)
Site size           : 2.000 um (from lef [tech+cell])

                                   Capacitance    
  Layer                             / Length           Data source:
Name        Direction Utilization  (pF/micron)         lef_library
--------------------------------------------------
M1              H         0.00        0.000192    
M2              V         1.00        0.000179    
M3              H         1.00        0.000179    
M4              V         1.00        0.000179    
M5              H         1.00        0.000179    
M6              V         1.00        0.000179    
M7              H         1.00        0.000184    
M8              V         1.00        0.000208    
M9              H         1.00        0.000217    
AP              V         1.00        0.000302 ** 

** = 'AP' is dropped because its width (3) is too large (threshold 2)

                                    Resistance     
  Layer                              / Length           Data source:
Name        Direction Utilization  (ohm/micron)         lef_library
---------------------------------------------------
M1              H         0.00         1.777778    
M2              V         1.00         1.399000    
M3              H         1.00         1.399000    
M4              V         1.00         1.399000    
M5              H         1.00         1.399000    
M6              V         1.00         1.399000    
M7              H         1.00         1.399000    
M8              V         1.00         0.054500    
M9              H         1.00         0.054500    
AP              V         1.00         0.007000 ** 

** = 'AP' is dropped because its width (3) is too large (threshold 2)

                                        Area       
  Layer                               / Length          Data source:
Name        Direction Utilization     (micron)          lef_library
---------------------------------------------------
M1              H         0.00         0.090000    
M2              V         1.00         0.100000    
M3              H         1.00         0.100000    
M4              V         1.00         0.100000    
M5              H         1.00         0.100000    
M6              V         1.00         0.100000    
M7              H         1.00         0.100000    
M8              V         1.00         0.400000    
M9              H         1.00         0.400000    
AP              V         1.00         3.000000 ** 

** = 'AP' is dropped because its width (3) is too large (threshold 2)

Info    : Synthesizing. [SYNTH-1]
        : Synthesizing 'hardware' to generic gates using 'medium' effort.
PBS_Generic-Start - Elapsed_Time 0, CPU_Time 0.0
stamp 'PBS_Generic-Start' being created for table 'pbs_debug'

  Total Time (Wall) |  Stage Time (Wall)  |   % (Wall)   |    Date - Time     |  Memory   | Stage
--------------------+---------------------+--------------+--------------------+-----------+----------------------
 00:00:34(00:00:46) |  00:00:00(00:00:00) |   0.0(  0.0) |    7:19:09 (May25) |  776.3 MB | PBS_Generic-Start
--------------------+---------------------+--------------+--------------------+-----------+----------------------
Number of threads: 1 * 1   (id: pbs_debug, time_info v1.57)
Info: (*N*) indicates data that was populated from previously saved time_info database
Info: CPU time includes time of parent + longest thread
TNS Restructuring config: no_value at stage: generic applied.
Info    : Partition Based Synthesis execution skipped. [PHYS-752]
        : Design size is less than the partition threshold '300000' for distributed generic optimization to kick in.
Starting mux data reorder optimization [v1.0] (stage: pre_to_gen_setup, startdef: hardware, recur: true)
Completed mux data reorder optimization (accepts: 0, rejects: 0, runtime: 0.076s)
Info    : Deleting instances not driving any primary outputs. [GLO-34]
        : Deleting 7 hierarchical instances.
Starting mux data reorder optimization [v1.0] (stage: post_to_gen_setup, startdef: hardware, recur: true)
Completed mux data reorder optimization (accepts: 0, rejects: 0, runtime: 0.016s)
Current PLE settings:

Aspect ratio        : 1.000
Shrink factor       : 1.000
Scale of res/length : 1.000
Scale of cap/length : 1.000
Net derating factor : 1.000
Thermal factor      : 1.000
Via Resistance      : 1.137 ohm (from lef_library)
Site size           : 2.000 um (from lef [tech+cell])

                                   Capacitance    
  Layer                             / Length           Data source:
Name        Direction Utilization  (pF/micron)         lef_library
--------------------------------------------------
M1              H         0.00        0.000192    
M2              V         1.00        0.000179    
M3              H         1.00        0.000179    
M4              V         1.00        0.000179    
M5              H         1.00        0.000179    
M6              V         1.00        0.000179    
M7              H         1.00        0.000184    
M8              V         1.00        0.000208    
M9              H         1.00        0.000217    
AP              V         1.00        0.000302 ** 

** = 'AP' is dropped because its width (3) is too large (threshold 2)

                                    Resistance     
  Layer                              / Length           Data source:
Name        Direction Utilization  (ohm/micron)         lef_library
---------------------------------------------------
M1              H         0.00         1.777778    
M2              V         1.00         1.399000    
M3              H         1.00         1.399000    
M4              V         1.00         1.399000    
M5              H         1.00         1.399000    
M6              V         1.00         1.399000    
M7              H         1.00         1.399000    
M8              V         1.00         0.054500    
M9              H         1.00         0.054500    
AP              V         1.00         0.007000 ** 

** = 'AP' is dropped because its width (3) is too large (threshold 2)

                                        Area       
  Layer                               / Length          Data source:
Name        Direction Utilization     (micron)          lef_library
---------------------------------------------------
M1              H         0.00         0.090000    
M2              V         1.00         0.100000    
M3              H         1.00         0.100000    
M4              V         1.00         0.100000    
M5              H         1.00         0.100000    
M6              V         1.00         0.100000    
M7              H         1.00         0.100000    
M8              V         1.00         0.400000    
M9              H         1.00         0.400000    
AP              V         1.00         3.000000 ** 

** = 'AP' is dropped because its width (3) is too large (threshold 2)

Running Unified Mux Engine Tricks...
Completed Unified Mux Engine Tricks
--------------------------------------------
| Trick | Accepts | Rejects | Runtime (ms) | 
--------------------------------------------
--------------------------------------------
Starting infer macro optimization [v1.0] (stage: pre_rtlopt, startdef: hardware, recur: true)
Completed infer macro optimization (accepts: 0, rejects: 139, runtime: 0.248s)
Starting decode mux sandwich optimization [v2.0] (stage: pre_rtlopt, startdef: hardware, recur: true)
Completed decode mux sandwich optimization (accepts: 0, rejects: 0, runtime: 0.001s)
Starting decode mux optimization [v1.0] (stage: pre_rtlopt, startdef: hardware, recur: true)
Completed decode mux optimization (accepts: 0, rejects: 0, runtime: 0.001s)
Starting chop wide muxes [v1.0] (stage: pre_rtlopt, startdef: hardware, recur: true)
Completed chop wide muxes (accepts: 0, rejects: 0, runtime: 0.002s)
Starting common data mux cascade opt [v1.0] (stage: pre_rtlopt, startdef: hardware, recur: true)
Completed common data mux cascade opt (accepts: 0, rejects: 0, runtime: 0.001s)
Starting mux input consolidation [v1.0] (stage: pre_rtlopt, startdef: hardware, recur: true)
Completed mux input consolidation (accepts: 0, rejects: 0, runtime: 0.008s)
Starting priority mux optimization [v1.0] (stage: pre_rtlopt, startdef: hardware, recur: true)
Completed priority mux optimization (accepts: 0, rejects: 0, runtime: 2.436s)
Starting constant-data mux optimization [v1.0] (stage: pre_rtlopt, startdef: hardware, recur: true)
Completed constant-data mux optimization (accepts: 0, rejects: 0, runtime: 0.002s)
Starting chain-to-tree inequality transform [v2.0] (stage: pre_rtlopt, startdef: hardware, recur: true)
Completed chain-to-tree inequality transform (accepts: 0, rejects: 1, runtime: 0.257s)
Starting reconvergence optimization [v1.0] (stage: pre_rtlopt, startdef: hardware, recur: true)
Completed reconvergence optimization (accepts: 0, rejects: 0, runtime: 0.003s)
Starting logic restructure optimization [v1.0] (stage: pre_rtlopt, startdef: hardware, recur: true)
Completed logic restructure optimization (accepts: 0, rejects: 0, runtime: 0.011s)
Starting common select mux optimization [v1.0] (stage: pre_rtlopt, startdef: hardware, recur: true)
Completed common select mux optimization (accepts: 0, rejects: 3, runtime: 0.012s)
Starting identity transform [v3.0] (stage: pre_rtlopt, startdef: hardware, recur: true)
Completed identity transform (accepts: 0, rejects: 3, runtime: 0.010s)
Starting reduce operator chain [v1.0] (stage: pre_rtlopt, startdef: hardware, recur: true)
Completed reduce operator chain (accepts: 0, rejects: 0, runtime: 0.001s)
Starting common data mux cascade opt [v1.0] (stage: pre_rtlopt, startdef: hardware, recur: true)
Completed common data mux cascade opt (accepts: 0, rejects: 0, runtime: 0.002s)
Starting mux input consolidation [v1.0] (stage: pre_rtlopt, startdef: hardware, recur: true)
Completed mux input consolidation (accepts: 0, rejects: 0, runtime: 0.007s)
Starting optimize datapath elements [v1.0] (stage: pre_rtlopt, startdef: hardware, recur: true)
Completed optimize datapath elements (accepts: 8, rejects: 0, runtime: 0.005s)
Starting clip mux common data inputs [v1.0] (stage: pre_rtlopt, startdef: hardware, recur: true)
Completed clip mux common data inputs (accepts: 0, rejects: 0, runtime: 0.002s)
Starting clip the non-user hierarchies [v2.0] (stage: pre_rtlopt, startdef: hardware, recur: true)
Completed clip the non-user hierarchies (accepts: 0, rejects: 0, runtime: 0.001s)
Running Unified Mux Engine Tricks...
Completed Unified Mux Engine Tricks
--------------------------------------------
| Trick | Accepts | Rejects | Runtime (ms) | 
--------------------------------------------
--------------------------------------------
Number of big hc bmuxes before = 4
Info    : Pre-processed datapath logic. [DPOPT-6]
        : Pre-processing optimizations applied to datapath logic in 'hardware':
          live_trim(5) sop(7) mux_reduce(4) 
Info    : Optimizing datapath logic. [DPOPT-1]
        : Optimizing datapath logic in 'hardware'.
Info    : Implementing datapath configurations. [DPOPT-3]
        : Implementing datapath configurations for 'CDN_DP_region_10_10'
CSAGen Prep Share:0 Re-Write:0 Speculation: 0
Info    : Accepted resource sharing opportunity. [RTLOPT-30]
        : Merged the following sets of instances in 'CDN_DP_region_10_10_c1 in hardware':
	  (inc_decoder_acc_inst_rms_norm_add_178_48, inc_decoder_acc_inst_rms_norm_add_254_76)

Info    : Accepted resource sharing opportunity. [RTLOPT-30]
        : Merged the following sets of instances in 'CDN_DP_region_10_10_c2 in hardware':
	  (inc_decoder_acc_inst_rms_norm_add_178_48, inc_decoder_acc_inst_rms_norm_add_254_76)

Info    : Accepted resource sharing opportunity. [RTLOPT-30]
        : Merged the following sets of instances in 'CDN_DP_region_10_10_c3 in hardware':
	  (inc_decoder_acc_inst_rms_norm_add_178_48, inc_decoder_acc_inst_rms_norm_add_254_76)

Info    : Accepted resource sharing opportunity. [RTLOPT-30]
        : Merged the following sets of instances in 'CDN_DP_region_10_10_c4 in hardware':
	  (inc_decoder_acc_inst_rms_norm_add_178_48, inc_decoder_acc_inst_rms_norm_add_254_76)

Info    : Accepted resource sharing opportunity. [RTLOPT-30]
        : Merged the following sets of instances in 'CDN_DP_region_10_10_c5 in hardware':
	  (inc_decoder_acc_inst_rms_norm_add_178_48, inc_decoder_acc_inst_rms_norm_add_254_76)

Info    : Accepted resource sharing opportunity. [RTLOPT-30]
        : Merged the following sets of instances in 'CDN_DP_region_10_10_c6 in hardware':
	  (decoder_acc_inst_rms_norm_add_178_48, decoder_acc_inst_rms_norm_add_254_76)

CDN_DP_region_10_10 level = 0 loads = 0 drivers = 0
CDN_DP_region_10_10_c0 in hardware: area: 71616865131 ,dp = 13 mux = 7 sg = slow         worst_clk_period: -1.0000 
    wns: 0  norm_wns:  -1.0000 
    fail_endp: -1 
    tns:  0  tns_per_endp:  -1.0000   norm_tns_per_endp:  -1.0000 
    tns_sense_max:  -1.0000  tns_sense_avg:  -1.0000   tns_sense_num: -1
 skipped
CDN_DP_region_10_10_c1 in hardware: area: 70793313003 ,dp = 11 mux = 3 sg = fast         worst_clk_period: -1.0000 
    wns: 0  norm_wns:  -1.0000 
    fail_endp: -1 
    tns:  0  tns_per_endp:  -1.0000   norm_tns_per_endp:  -1.0000 
    tns_sense_max:  -1.0000  tns_sense_avg:  -1.0000   tns_sense_num: -1
 is current best
CDN_DP_region_10_10_c2 in hardware: area: 70793313003 ,dp = 11 mux = 3 sg = very_slow    worst_clk_period: -1.0000 
    wns: 0  norm_wns:  -1.0000 
    fail_endp: -1 
    tns:  0  tns_per_endp:  -1.0000   norm_tns_per_endp:  -1.0000 
    tns_sense_max:  -1.0000  tns_sense_avg:  -1.0000   tns_sense_num: -1
 is current best
CDN_DP_region_10_10_c3 in hardware: area: 70793313003 ,dp = 11 mux = 3 sg = very_fast    worst_clk_period: -1.0000 
    wns: 0  norm_wns:  -1.0000 
    fail_endp: -1 
    tns:  0  tns_per_endp:  -1.0000   norm_tns_per_endp:  -1.0000 
    tns_sense_max:  -1.0000  tns_sense_avg:  -1.0000   tns_sense_num: -1
 is current best
CDN_DP_region_10_10_c4 in hardware: area: 70793313003 ,dp = 11 mux = 3 sg = very_fast    worst_clk_period: -1.0000 
    wns: 0  norm_wns:  -1.0000 
    fail_endp: -1 
    tns:  0  tns_per_endp:  -1.0000   norm_tns_per_endp:  -1.0000 
    tns_sense_max:  -1.0000  tns_sense_avg:  -1.0000   tns_sense_num: -1
 is current best
CDN_DP_region_10_10_c5 in hardware: area: 70793313003 ,dp = 11 mux = 3 sg = very_fast    worst_clk_period: -1.0000 
    wns: 0  norm_wns:  -1.0000 
    fail_endp: -1 
    tns:  0  tns_per_endp:  -1.0000   norm_tns_per_endp:  -1.0000 
    tns_sense_max:  -1.0000  tns_sense_avg:  -1.0000   tns_sense_num: -1
 is current best
CDN_DP_region_10_10_c6 in hardware: area: 70812615006 ,dp = 11 mux = 3 sg = very_fast    worst_clk_period: -1.0000 
    wns: 0  norm_wns:  -1.0000 
    fail_endp: -1 
    tns:  0  tns_per_endp:  -1.0000   norm_tns_per_endp:  -1.0000 
    tns_sense_max:  -1.0000  tns_sense_avg:  -1.0000   tns_sense_num: -1

Not considering config 7 due to bailout. 
Best config: CDN_DP_region_10_10_c5 in hardware: area: 70793313003 ,dp = 11 mux = 3 sg = very_fast    worst_clk_period: -1.0000 
    wns: 0  norm_wns:  -1.0000 
    fail_endp: -1 
    tns:  0  tns_per_endp:  -1.0000   norm_tns_per_endp:  -1.0000 
    tns_sense_max:  -1.0000  tns_sense_avg:  -1.0000   tns_sense_num: -1
  Smallest config area : 70793313003.  Fastest config wns;  0
##>+----------------------------------------------------------------------------------------------------------------------------------------------------------------+
##>Summary table of configs (Best config is CDN_DP_region_10_10_c5)
##>+----------------------------------------------------------------------------------------------------------------------------------------------------------------+
##>                     0                  1                  2                  3                  4                  5                  6            
##>+----------------------------------------------------------------------------------------------------------------------------------------------------------------+
##>           Area      71616865131        70793313003        70793313003        70793313003        70793313003        70793313003        70812615006  
##>            WNS        +18249.80          +18251.90          +18251.90          +18251.90          +18251.90          +18251.90          +18251.90  
##>            TNS                0                  0                  0                  0                  0                  0                  0  
##>    Num Rewrite                0                  0                  0                  0                  0                  0                  0  
##>     Num Factor                0                  0                  0                  0                  0                  0                  0  
##>      Num Share                0                  1                  1                  1                  1                  1                  1  
##>   Num CmultCse                0                  0                  0                  0                  0                  0                  0  
##>   Num Downsize                0                  0                  0                  0                  0                  0                  0                  0  
##>  Num Speculate                0                  0                  0                  0                  0                  0                  0  
##>     Runtime(s)                0                  0                  0                  0                  0                  0                  0  
+----------------------------------------------------------------------------------------------------------------------------------------------------------------+
##>
##>
##>+------------------------------------------------------------------------------------------------------------------------------------------------------------+
##>Optimization Step DEBUG Table for config CDN_DP_region_10_10_c5
##>
##>                          Step                        Area   ( % Chg)        WNS (Change)        TNS (Change)          Runtime (s)        Comment                   
##>+------------------------------------------------------------------------------------------------------------------------------------------------------------+
##>createMaxCarrySave              START            71616865131 (      )    18249.80 (        )             0 (        )              
##> datapath_rewrite_one_def       START            71616865131 ( +0.00)    18249.80 (   +0.00)             0 (       0)              
##>  fast_cse_elim                 START            71616865131 ( +0.00)    18249.80 (   +0.00)             0 (       0)              
##>                                  END            71616865131 ( +0.00)    18249.80 (   +0.00)             0 (       0)           0  
##>  fast_cse_elim                 START            71616865131 ( +0.00)    18249.80 (   +0.00)             0 (       0)              
##>                                  END            71616865131 ( +0.00)    18249.80 (   +0.00)             0 (       0)           0  
##>                                  END            71616865131 ( +0.00)    18249.80 (   +0.00)             0 (       0)           0  
##> csa_opto                       START            71616865131 ( +0.00)    18249.80 (   +0.00)             0 (       0)              
##>                                  END            71501053113 ( -0.16)    18249.80 (   +0.00)             0 (       0)           0  
##>                                  END            71501053113 ( -0.16)    18249.80 (   +0.00)             0 (       0)           0  
##>canonicalize_by_names           START            71501053113 ( +0.00)    18249.80 (   +0.00)             0 (       0)              
##>                                  END            71501053113 ( +0.00)    18249.80 (   +0.00)             0 (       0)           0  
##>datapath_rewrite_post_csa_one_  START            71501053113 ( +0.00)    18249.80 (   +0.00)             0 (       0)              
##>                                  END            71501053113 ( +0.00)    18249.80 (   +0.00)             0 (       0)           0  
##>datapath_csa_factoring_one_gde  START            71501053113 ( +0.00)    18249.80 (   +0.00)             0 (       0)              
##>                                  END            71501053113 ( +0.00)    18249.80 (   +0.00)             0 (       0)           0  
##>dpopt_share_one_def             START            71501053113 ( +0.00)    18249.80 (   +0.00)             0 (       0)              
##>                                  END            71243693073 ( -0.36)    18251.90 (   +2.10)             0 (       0)           0  
##>datapath_rewrite_post_share     START            71243693073 ( +0.00)    18251.90 (   +0.00)             0 (       0)              
##>                                  END            71243693073 ( +0.00)    18251.90 (   +0.00)             0 (       0)           0  
##>dp_combine_const_mult_with_com  START            71243693073 ( +0.00)    18251.90 (   +0.00)             0 (       0)              
##>                                  END            71243693073 ( +0.00)    18251.90 (   +0.00)             0 (       0)           0  
##>speculate_in_gdef               START            71243693073 ( +0.00)    18251.90 (   +0.00)             0 (       0)              
##> pre_speculate_mux_merge        START            71243693073 ( +0.00)    18251.90 (   +0.00)             0 (       0)              
##>                                  END            71243693073 ( +0.00)    18251.90 (   +0.00)             0 (       0)           0  
##>                                  END            71243693073 ( +0.00)    18251.90 (   +0.00)             0 (       0)           0  
##>dp_operator_level_decompositio  START            71243693073 ( +0.00)    18251.90 (   +0.00)             0 (       0)              
##>                                  END            71243693073 ( +0.00)    18251.90 (   +0.00)             0 (       0)           0  
##>selective_flatten_dp_config     START            71243693073 ( +0.00)    18251.90 (   +0.00)             0 (       0)              
##>                                  END            71243693073 ( +0.00)    18251.90 (   +0.00)             0 (       0)           0  
##>createMaxCarrySave              START            71243693073 ( +0.00)    18251.90 (   +0.00)             0 (       0)              
##> datapath_rewrite_one_def       START            71243693073 ( +0.00)    18251.90 (   +0.00)             0 (       0)              
##>  fast_cse_elim                 START            71243693073 ( +0.00)    18251.90 (   +0.00)             0 (       0)              
##>                                  END            71243693073 ( +0.00)    18251.90 (   +0.00)             0 (       0)           0  
##>  fast_cse_elim                 START            71243693073 ( +0.00)    18251.90 (   +0.00)             0 (       0)              
##>                                  END            71243693073 ( +0.00)    18251.90 (   +0.00)             0 (       0)           0  
##>                                  END            71243693073 ( +0.00)    18251.90 (   +0.00)             0 (       0)           0  
##> speculate_in_gdef              START            71243693073 ( +0.00)    18251.90 (   +0.00)             0 (       0)              
##>  pre_speculate_mux_merge       START            71243693073 ( +0.00)    18251.90 (   +0.00)             0 (       0)              
##>                                  END            71243693073 ( +0.00)    18251.90 (   +0.00)             0 (       0)           0  
##>                                  END            71243693073 ( +0.00)    18251.90 (   +0.00)             0 (       0)           0  
##> csa_opto                       START            71243693073 ( +0.00)    18251.90 (   +0.00)             0 (       0)              
##>                                  END            71243693073 ( +0.00)    18251.90 (   +0.00)             0 (       0)           0  
##>                                  END            71243693073 ( +0.00)    18251.90 (   +0.00)             0 (       0)           0  
##>datapath_rewrite_post_csa_one_  START            71243693073 ( +0.00)    18251.90 (   +0.00)             0 (       0)              
##>                                  END            71243693073 ( +0.00)    18251.90 (   +0.00)             0 (       0)           0  
##>datapath_csa_factoring_one_gde  START            71243693073 ( +0.00)    18251.90 (   +0.00)             0 (       0)              
##>                                  END            71243693073 ( +0.00)    18251.90 (   +0.00)             0 (       0)           0  
##>dpopt_share_one_def             START            71243693073 ( +0.00)    18251.90 (   +0.00)             0 (       0)              
##>                                  END            71243693073 ( +0.00)    18251.90 (   +0.00)             0 (       0)           0  
##>datapath_rewrite_post_share     START            71243693073 ( +0.00)    18251.90 (   +0.00)             0 (       0)              
##>                                  END            71243693073 ( +0.00)    18251.90 (   +0.00)             0 (       0)           0  
##>dp_combine_const_mult_with_com  START            71243693073 ( +0.00)    18251.90 (   +0.00)             0 (       0)              
##>                                  END            71243693073 ( +0.00)    18251.90 (   +0.00)             0 (       0)           0  
##>speculate_in_gdef               START            71243693073 ( +0.00)    18251.90 (   +0.00)             0 (       0)              
##> pre_speculate_mux_merge        START            71243693073 ( +0.00)    18251.90 (   +0.00)             0 (       0)              
##>                                  END            71243693073 ( +0.00)    18251.90 (   +0.00)             0 (       0)           0  
##>                                  END            71243693073 ( +0.00)    18251.90 (   +0.00)             0 (       0)           0  
##>dp_operator_level_decompositio  START            71243693073 ( +0.00)    18251.90 (   +0.00)             0 (       0)              
##>                                  END            71243693073 ( +0.00)    18251.90 (   +0.00)             0 (       0)           0  
##>selective_flatten_dp_config     START            71243693073 ( +0.00)    18251.90 (   +0.00)             0 (       0)              
##>                                  END            71243693073 ( +0.00)    18251.90 (   +0.00)             0 (       0)           0  
##>createMaxCarrySave              START            71243693073 ( +0.00)    18251.90 (   +0.00)             0 (       0)              
##> datapath_rewrite_one_def       START            71243693073 ( +0.00)    18251.90 (   +0.00)             0 (       0)              
##>  fast_cse_elim                 START            71243693073 ( +0.00)    18251.90 (   +0.00)             0 (       0)              
##>                                  END            71243693073 ( +0.00)    18251.90 (   +0.00)             0 (       0)           0  
##>  fast_cse_elim                 START            71243693073 ( +0.00)    18251.90 (   +0.00)             0 (       0)              
##>                                  END            71243693073 ( +0.00)    18251.90 (   +0.00)             0 (       0)           0  
##>                                  END            71243693073 ( +0.00)    18251.90 (   +0.00)             0 (       0)           0  
##> speculate_in_gdef              START            71243693073 ( +0.00)    18251.90 (   +0.00)             0 (       0)              
##>  pre_speculate_mux_merge       START            71243693073 ( +0.00)    18251.90 (   +0.00)             0 (       0)              
##>                                  END            71243693073 ( +0.00)    18251.90 (   +0.00)             0 (       0)           0  
##>                                  END            71243693073 ( +0.00)    18251.90 (   +0.00)             0 (       0)           0  
##> csa_opto                       START            71243693073 ( +0.00)    18251.90 (   +0.00)             0 (       0)              
##>                                  END            71243693073 ( +0.00)    18251.90 (   +0.00)             0 (       0)           0  
##>                                  END            71243693073 ( +0.00)    18251.90 (   +0.00)             0 (       0)           0  
##>context_based_simplify          START            71147183058 ( -0.14)    18251.90 (   +0.00)             0 (       0)              
##>                                  END            70793313003 ( -0.50)    18251.90 (   +0.00)             0 (       0)           0  
##>group_csa_final_adder_dp        START            70793313003 ( +0.00)    18251.90 (   +0.00)             0 (       0)              
##>                                  END            70793313003 ( +0.00)    18251.90 (   +0.00)             0 (       0)           0  
##>dpopt_flatten_critical_muxes_i  START            70793313003 ( +0.00)    18251.90 (   +0.00)             0 (       0)              
##>                                  END            70793313003 ( +0.00)    18251.90 (   +0.00)             0 (       0)           0  
##>create_score                    START            70793313003 ( +0.00)    18251.90 (   +0.00)             0 (       0)              
##>                                  END            70793313003 ( +0.00)    18251.90 (   +0.00)             0 (       0)           0  
##>+------------------------------------------------------------------------------------------------------------------------------------------------------------+
Committed config: CDN_DP_region_10_10_c5
Info    : Done implementing datapath configurations. [DPOPT-4]
        : Selected 'very_fast' configuration 5 for module 'CDN_DP_region_10_10'.
          Optimizations applied to 'very_fast' configuration:
            rewriting(0), factoring(0), sharing(1), cmultcse(0), downsizing(0), speculation(0)
Info    : Implementing datapath configurations. [DPOPT-3]
        : Implementing datapath configurations for 'CDN_DP_region_11_0'
CSAGen Prep Share:0 Re-Write:5 Speculation: 0
Warning : Use of 'parallel_case' pragma may hinder datapath resource sharing. [RTLOPT-54]
        : Multiplexor mux_alu_out_0_1232_3 in module CDN_DP_region_11_0_c1.
Warning : Use of 'parallel_case' pragma may hinder datapath resource sharing. [RTLOPT-54]
        : Multiplexor mux_cpu_state_1717_8 in module CDN_DP_region_11_0_c1.
Warning : Use of 'parallel_case' pragma may hinder datapath resource sharing. [RTLOPT-54]
        : Multiplexor mux_mem_do_rinst_1717_8 in module CDN_DP_region_11_0_c1.
Warning : Use of 'parallel_case' pragma may hinder datapath resource sharing. [RTLOPT-54]
        : Multiplexor mux_next_irq_pending_1479_5 in module CDN_DP_region_11_0_c1.
Warning : Use of 'parallel_case' pragma may hinder datapath resource sharing. [RTLOPT-54]
        : Multiplexor mux_pcpi_int_wr_315_3 in module CDN_DP_region_11_0_c1.
Warning : Use of 'parallel_case' pragma may hinder datapath resource sharing. [RTLOPT-54]
        : Multiplexor mux_reg_out_1609_7 in module CDN_DP_region_11_0_c1.
Warning : Use of 'parallel_case' pragma may hinder datapath resource sharing. [RTLOPT-54]
        : Multiplexor mux_reg_out_1883_7 in module CDN_DP_region_11_0_c1.
Info    : Accepted resource sharing opportunity. [RTLOPT-30]
        : Merged the following sets of instances in 'CDN_DP_region_11_0_c1 in picorv32_BARREL_SHIFTER1_ENABLE_PCPI1_ENABLE_IRQ1_ENABLE_IRQ_QREGS1_PROGADDR_RESET0_PROGADDR_IRQ16_STACKADDR8192':
	  (add_1550_33, add_1533_33)
	  (sub_1823_23, dec_sub_1831_23)
	  (sub_1220_38, add_1220_58)

Warning : Use of 'parallel_case' pragma may hinder datapath resource sharing. [RTLOPT-54]
        : Multiplexor mux_alu_out_0_1232_3 in module CDN_DP_region_11_0_c1.
Warning : Use of 'parallel_case' pragma may hinder datapath resource sharing. [RTLOPT-54]
        : Multiplexor mux_cpu_state_1717_8 in module CDN_DP_region_11_0_c1.
Warning : Use of 'parallel_case' pragma may hinder datapath resource sharing. [RTLOPT-54]
        : Multiplexor mux_mem_do_rinst_1717_8 in module CDN_DP_region_11_0_c1.
Info    : Accepted resource sharing opportunity. [RTLOPT-30]
        : Merged the following sets of instances in 'CDN_DP_region_11_0_c2 in picorv32_BARREL_SHIFTER1_ENABLE_PCPI1_ENABLE_IRQ1_ENABLE_IRQ_QREGS1_PROGADDR_RESET0_PROGADDR_IRQ16_STACKADDR8192':
	  (add_1550_33, add_1533_33)
	  (sub_1823_23, dec_sub_1831_23)
	  (sub_1220_38, add_1220_58)

Info    : Accepted resource sharing opportunity. [RTLOPT-30]
        : Merged the following sets of instances in 'CDN_DP_region_11_0_c3 in picorv32_BARREL_SHIFTER1_ENABLE_PCPI1_ENABLE_IRQ1_ENABLE_IRQ_QREGS1_PROGADDR_RESET0_PROGADDR_IRQ16_STACKADDR8192':
	  (add_1550_33, add_1533_33)
	  (sub_1823_23, dec_sub_1831_23)
	  (sub_1220_38, add_1220_58)

Info    : Accepted resource sharing opportunity. [RTLOPT-30]
        : Merged the following sets of instances in 'CDN_DP_region_11_0_c4 in picorv32_BARREL_SHIFTER1_ENABLE_PCPI1_ENABLE_IRQ1_ENABLE_IRQ_QREGS1_PROGADDR_RESET0_PROGADDR_IRQ16_STACKADDR8192':
	  (add_1550_33, add_1533_33)
	  (sub_1823_23, dec_sub_1831_23)
	  (sub_1220_38, add_1220_58)

Info    : Accepted resource sharing opportunity. [RTLOPT-30]
        : Merged the following sets of instances in 'CDN_DP_region_11_0_c5 in picorv32_BARREL_SHIFTER1_ENABLE_PCPI1_ENABLE_IRQ1_ENABLE_IRQ_QREGS1_PROGADDR_RESET0_PROGADDR_IRQ16_STACKADDR8192':
	  (add_1550_33, add_1533_33)
	  (sub_1823_23, dec_sub_1831_23)
	  (sub_1220_38, add_1220_58)

Info    : Accepted resource sharing opportunity. [RTLOPT-30]
        : Merged the following sets of instances in 'CDN_DP_region_11_0_c6 in picorv32_BARREL_SHIFTER1_ENABLE_PCPI1_ENABLE_IRQ1_ENABLE_IRQ_QREGS1_PROGADDR_RESET0_PROGADDR_IRQ16_STACKADDR8192':
	  (add_1550_33, add_1533_33)
	  (sub_1220_38, add_1220_58)
	  (sub_1823_23, sub_1831_23)

CDN_DP_region_11_0 level = 1 loads = 1 drivers = 1 is driven by : CDN_DP_region_12_0 
CDN_DP_region_11_0_c0 in picorv32_BARREL_SHIFTER1_ENABLE_PCPI1_ENABLE_IRQ1_ENABLE_IRQ_QREGS1_PROGADDR_RESET0_PROGADDR_IRQ16_STACKADDR8192: area: 136902673278 ,dp = 48 mux = 91 sg = slow         worst_clk_period: -1.0000 
    wns: 0  norm_wns:  -1.0000 
    fail_endp: -1 
    tns:  0  tns_per_endp:  -1.0000   norm_tns_per_endp:  -1.0000 
    tns_sense_max:  -1.0000  tns_sense_avg:  -1.0000   tns_sense_num: -1
 skipped
CDN_DP_region_11_0_c1 in picorv32_BARREL_SHIFTER1_ENABLE_PCPI1_ENABLE_IRQ1_ENABLE_IRQ_QREGS1_PROGADDR_RESET0_PROGADDR_IRQ16_STACKADDR8192: area: 131549584446 ,dp = 23 mux = 154 sg = fast         worst_clk_period: -1.0000 
    wns: 0  norm_wns:  -1.0000 
    fail_endp: -1 
    tns:  0  tns_per_endp:  -1.0000   norm_tns_per_endp:  -1.0000 
    tns_sense_max:  -1.0000  tns_sense_avg:  -1.0000   tns_sense_num: -1
 is current best
CDN_DP_region_11_0_c2 in picorv32_BARREL_SHIFTER1_ENABLE_PCPI1_ENABLE_IRQ1_ENABLE_IRQ_QREGS1_PROGADDR_RESET0_PROGADDR_IRQ16_STACKADDR8192: area: 125334339480 ,dp = 22 mux = 153 sg = very_slow    worst_clk_period: -1.0000 
    wns: 0  norm_wns:  -1.0000 
    fail_endp: -1 
    tns:  0  tns_per_endp:  -1.0000   norm_tns_per_endp:  -1.0000 
    tns_sense_max:  -1.0000  tns_sense_avg:  -1.0000   tns_sense_num: -1
 is current best
CDN_DP_region_11_0_c3 in picorv32_BARREL_SHIFTER1_ENABLE_PCPI1_ENABLE_IRQ1_ENABLE_IRQ_QREGS1_PROGADDR_RESET0_PROGADDR_IRQ16_STACKADDR8192: area: 130365728262 ,dp = 23 mux = 153 sg = very_fast    worst_clk_period: -1.0000 
    wns: 0  norm_wns:  -1.0000 
    fail_endp: -1 
    tns:  0  tns_per_endp:  -1.0000   norm_tns_per_endp:  -1.0000 
    tns_sense_max:  -1.0000  tns_sense_avg:  -1.0000   tns_sense_num: -1

CDN_DP_region_11_0_c4 in picorv32_BARREL_SHIFTER1_ENABLE_PCPI1_ENABLE_IRQ1_ENABLE_IRQ_QREGS1_PROGADDR_RESET0_PROGADDR_IRQ16_STACKADDR8192: area: 125334339480 ,dp = 22 mux = 153 sg = very_fast    worst_clk_period: -1.0000 
    wns: 0  norm_wns:  -1.0000 
    fail_endp: -1 
    tns:  0  tns_per_endp:  -1.0000   norm_tns_per_endp:  -1.0000 
    tns_sense_max:  -1.0000  tns_sense_avg:  -1.0000   tns_sense_num: -1
 is current best
CDN_DP_region_11_0_c5 in picorv32_BARREL_SHIFTER1_ENABLE_PCPI1_ENABLE_IRQ1_ENABLE_IRQ_QREGS1_PROGADDR_RESET0_PROGADDR_IRQ16_STACKADDR8192: area: 125334339480 ,dp = 22 mux = 153 sg = very_fast    worst_clk_period: -1.0000 
    wns: 0  norm_wns:  -1.0000 
    fail_endp: -1 
    tns:  0  tns_per_endp:  -1.0000   norm_tns_per_endp:  -1.0000 
    tns_sense_max:  -1.0000  tns_sense_avg:  -1.0000   tns_sense_num: -1
 is current best
CDN_DP_region_11_0_c6 in picorv32_BARREL_SHIFTER1_ENABLE_PCPI1_ENABLE_IRQ1_ENABLE_IRQ_QREGS1_PROGADDR_RESET0_PROGADDR_IRQ16_STACKADDR8192: area: 131549584446 ,dp = 23 mux = 154 sg = very_fast    worst_clk_period: -1.0000 
    wns: 0  norm_wns:  -1.0000 
    fail_endp: -1 
    tns:  0  tns_per_endp:  -1.0000   norm_tns_per_endp:  -1.0000 
    tns_sense_max:  -1.0000  tns_sense_avg:  -1.0000   tns_sense_num: -1

Not considering config 7 due to bailout. 
Best config: CDN_DP_region_11_0_c5 in picorv32_BARREL_SHIFTER1_ENABLE_PCPI1_ENABLE_IRQ1_ENABLE_IRQ_QREGS1_PROGADDR_RESET0_PROGADDR_IRQ16_STACKADDR8192: area: 125334339480 ,dp = 22 mux = 153 sg = very_fast    worst_clk_period: -1.0000 
    wns: 0  norm_wns:  -1.0000 
    fail_endp: -1 
    tns:  0  tns_per_endp:  -1.0000   norm_tns_per_endp:  -1.0000 
    tns_sense_max:  -1.0000  tns_sense_avg:  -1.0000   tns_sense_num: -1
  Smallest config area : 125334339480.  Fastest config wns;  0
##>+----------------------------------------------------------------------------------------------------------------------------------------------------------------+
##>Summary table of configs (Best config is CDN_DP_region_11_0_c5)
##>+----------------------------------------------------------------------------------------------------------------------------------------------------------------+
##>                     0                  1                  2                  3                  4                  5                  6            
##>+----------------------------------------------------------------------------------------------------------------------------------------------------------------+
##>           Area     136902673278       131549584446       125334339480       130365728262       125334339480       125334339480       131549584446  
##>            WNS        +16272.50          +16272.50          +16272.50          +16272.50          +16272.50          +16272.50          +16272.50  
##>            TNS                0                  0                  0                  0                  0                  0                  0  
##>    Num Rewrite                0                  0                  0                  0                  0                  0                  0  
##>     Num Factor                0                  0                  0                  0                  0                  0                  0  
##>      Num Share                0                  3                  3                  3                  3                  3                  3  
##>   Num CmultCse                0                  0                  0                  0                  0                  0                  0  
##>   Num Downsize                0                  0                  0                  0                  0                  0                  0                  0  
##>  Num Speculate                0                  0                  0                  0                  0                  0                  0  
##>     Runtime(s)                0                  2                  2                  2                  2                  2                  1  
+----------------------------------------------------------------------------------------------------------------------------------------------------------------+
##>
##>
##>+------------------------------------------------------------------------------------------------------------------------------------------------------------+
##>Optimization Step DEBUG Table for config CDN_DP_region_11_0_c5
##>
##>                          Step                        Area   ( % Chg)        WNS (Change)        TNS (Change)          Runtime (s)        Comment                   
##>+------------------------------------------------------------------------------------------------------------------------------------------------------------+
##>createMaxCarrySave              START           136902673278 (      )    16272.50 (        )             0 (        )              
##> datapath_rewrite_one_def       START           136902673278 ( +0.00)    16272.50 (   +0.00)             0 (       0)              
##>  fast_cse_elim                 START           136902673278 ( +0.00)    16272.50 (   +0.00)             0 (       0)              
##>                                  END           136613143233 ( -0.21)    16272.50 (   +0.00)             0 (       0)           0  
##>  fast_cse_elim                 START           136613143233 ( +0.00)    16272.50 (   +0.00)             0 (       0)              
##>                                  END           136613143233 ( +0.00)    16272.50 (   +0.00)             0 (       0)           0  
##>  rewrite                       START           136613143233 ( +0.00)    16272.50 (   +0.00)             0 (       0)              (na,csaa) and_en_v2 --> en_mux
##>                                  END           136671049242 ( +0.04)    16272.50 (   +0.00)             0 (       0)           0  
##>                                  END           136613143233 ( -0.21)    16272.50 (   +0.00)             0 (       0)           0  
##> speculate_in_gdef              START           136613143233 ( +0.00)    16272.50 (   +0.00)             0 (       0)              
##>  pre_speculate_mux_merge       START           136613143233 ( +0.00)    16272.50 (   +0.00)             0 (       0)              
##>                                  END           136613143233 ( +0.00)    16272.50 (   +0.00)             0 (       0)           0  
##>                                  END           136613143233 ( +0.00)    16272.50 (   +0.00)             0 (       0)           0  
##> csa_opto                       START           136613143233 ( +0.00)    16272.50 (   +0.00)             0 (       0)              
##>                                  END           136272141180 ( -0.25)    16272.50 (   +0.00)             0 (       0)           0  
##>                                  END           136272141180 ( -0.46)    16272.50 (   +0.00)             0 (       0)           0  
##>canonicalize_by_names           START           136272141180 ( +0.00)    16272.50 (   +0.00)             0 (       0)              
##>                                  END           136272141180 ( +0.00)    16272.50 (   +0.00)             0 (       0)           0  
##>datapath_rewrite_post_csa_one_  START           136272141180 ( +0.00)    16272.50 (   +0.00)             0 (       0)              
##>                                  END           136272141180 ( +0.00)    16272.50 (   +0.00)             0 (       0)           0  
##>datapath_csa_factoring_one_gde  START           136272141180 ( +0.00)    16272.50 (   +0.00)             0 (       0)              
##>                                  END           136272141180 ( +0.00)    16272.50 (   +0.00)             0 (       0)           0  
##>dpopt_share_one_def             START           136272141180 ( +0.00)    16272.50 (   +0.00)             0 (       0)              
##>                                  END           130436502273 ( -4.28)    16272.50 (   +0.00)             0 (       0)           0  
##>datapath_rewrite_post_share     START           130436502273 ( +0.00)    16272.50 (   +0.00)             0 (       0)              
##>                                  END           130436502273 ( +0.00)    16272.50 (   +0.00)             0 (       0)           0  
##>dp_combine_const_mult_with_com  START           130436502273 ( +0.00)    16272.50 (   +0.00)             0 (       0)              
##>                                  END           130436502273 ( +0.00)    16272.50 (   +0.00)             0 (       0)           0  
##>speculate_in_gdef               START           130436502273 ( +0.00)    16272.50 (   +0.00)             0 (       0)              
##> pre_speculate_mux_merge        START           130436502273 ( +0.00)    16272.50 (   +0.00)             0 (       0)              
##>                                  END           130436502273 ( +0.00)    16272.50 (   +0.00)             0 (       0)           0  
##>                                  END           130436502273 ( +0.00)    16272.50 (   +0.00)             0 (       0)           0  
##>dp_operator_level_decompositio  START           130436502273 ( +0.00)    16272.50 (   +0.00)             0 (       0)              
##>                                  END           130436502273 ( +0.00)    16272.50 (   +0.00)             0 (       0)           0  
##>selective_flatten_dp_config     START           130436502273 ( +0.00)    16272.50 (   +0.00)             0 (       0)              
##>                                  END           129876744186 ( -0.43)    16272.50 (   +0.00)             0 (       0)           0  
##>createMaxCarrySave              START           129876744186 ( +0.00)    16272.50 (   +0.00)             0 (       0)              
##> datapath_rewrite_one_def       START           129876744186 ( +0.00)    16272.50 (   +0.00)             0 (       0)              
##>  fast_cse_elim                 START           129876744186 ( +0.00)    16272.50 (   +0.00)             0 (       0)              
##>                                  END           129863876184 ( -0.01)    16272.50 (   +0.00)             0 (       0)           0  
##>  fast_cse_elim                 START           129863876184 ( +0.00)    16272.50 (   +0.00)             0 (       0)              
##>                                  END           129863876184 ( +0.00)    16272.50 (   +0.00)             0 (       0)           0  
##>                                  END           129863876184 ( -0.01)    16272.50 (   +0.00)             0 (       0)           0  
##> speculate_in_gdef              START           129863876184 ( +0.00)    16272.50 (   +0.00)             0 (       0)              
##>  pre_speculate_mux_merge       START           129863876184 ( +0.00)    16272.50 (   +0.00)             0 (       0)              
##>                                  END           129863876184 ( +0.00)    16272.50 (   +0.00)             0 (       0)           0  
##>                                  END           129863876184 ( +0.00)    16272.50 (   +0.00)             0 (       0)           0  
##> csa_opto                       START           129863876184 ( +0.00)    16272.50 (   +0.00)             0 (       0)              
##>                                  END           129863876184 ( +0.00)    16272.50 (   +0.00)             0 (       0)           0  
##>                                  END           129863876184 ( -0.01)    16272.50 (   +0.00)             0 (       0)           0  
##>datapath_rewrite_post_csa_one_  START           129863876184 ( +0.00)    16272.50 (   +0.00)             0 (       0)              
##>                                  END           129863876184 ( +0.00)    16272.50 (   +0.00)             0 (       0)           0  
##>datapath_csa_factoring_one_gde  START           129863876184 ( +0.00)    16272.50 (   +0.00)             0 (       0)              
##>                                  END           129863876184 ( +0.00)    16272.50 (   +0.00)             0 (       0)           0  
##>dpopt_share_one_def             START           129863876184 ( +0.00)    16272.50 (   +0.00)             0 (       0)              
##>                                  END           129863876184 ( +0.00)    16272.50 (   +0.00)             0 (       0)           0  
##>datapath_rewrite_post_share     START           129863876184 ( +0.00)    16272.50 (   +0.00)             0 (       0)              
##>                                  END           129863876184 ( +0.00)    16272.50 (   +0.00)             0 (       0)           0  
##>dp_combine_const_mult_with_com  START           129863876184 ( +0.00)    16272.50 (   +0.00)             0 (       0)              
##>                                  END           129863876184 ( +0.00)    16272.50 (   +0.00)             0 (       0)           0  
##>speculate_in_gdef               START           129863876184 ( +0.00)    16272.50 (   +0.00)             0 (       0)              
##> pre_speculate_mux_merge        START           129863876184 ( +0.00)    16272.50 (   +0.00)             0 (       0)              
##>                                  END           129863876184 ( +0.00)    16272.50 (   +0.00)             0 (       0)           0  
##>                                  END           129863876184 ( +0.00)    16272.50 (   +0.00)             0 (       0)           0  
##>dp_operator_level_decompositio  START           129863876184 ( +0.00)    16272.50 (   +0.00)             0 (       0)              
##>                                  END           129863876184 ( +0.00)    16272.50 (   +0.00)             0 (       0)           0  
##>selective_flatten_dp_config     START           129863876184 ( +0.00)    16272.50 (   +0.00)             0 (       0)              
##>                                  END           129863876184 ( +0.00)    16272.50 (   +0.00)             0 (       0)           0  
##>createMaxCarrySave              START           129863876184 ( +0.00)    16272.50 (   +0.00)             0 (       0)              
##> datapath_rewrite_one_def       START           129863876184 ( +0.00)    16272.50 (   +0.00)             0 (       0)              
##>  fast_cse_elim                 START           129863876184 ( +0.00)    16272.50 (   +0.00)             0 (       0)              
##>                                  END           129863876184 ( +0.00)    16272.50 (   +0.00)             0 (       0)           0  
##>  fast_cse_elim                 START           129863876184 ( +0.00)    16272.50 (   +0.00)             0 (       0)              
##>                                  END           129863876184 ( +0.00)    16272.50 (   +0.00)             0 (       0)           0  
##>                                  END           129863876184 ( +0.00)    16272.50 (   +0.00)             0 (       0)           0  
##> speculate_in_gdef              START           129863876184 ( +0.00)    16272.50 (   +0.00)             0 (       0)              
##>  pre_speculate_mux_merge       START           129863876184 ( +0.00)    16272.50 (   +0.00)             0 (       0)              
##>                                  END           129863876184 ( +0.00)    16272.50 (   +0.00)             0 (       0)           0  
##>                                  END           129863876184 ( +0.00)    16272.50 (   +0.00)             0 (       0)           0  
##> csa_opto                       START           129863876184 ( +0.00)    16272.50 (   +0.00)             0 (       0)              
##>                                  END           129863876184 ( +0.00)    16272.50 (   +0.00)             0 (       0)           0  
##>                                  END           129863876184 ( +0.00)    16272.50 (   +0.00)             0 (       0)           0  
##>context_based_simplify          START           129773800170 ( -0.07)    16272.50 (   +0.00)             0 (       0)              
##>                                  END           126917103726 ( -2.20)    16272.50 (   +0.00)             0 (       0)           0  
##>group_csa_final_adder_dp        START           126917103726 ( +0.00)    16272.50 (   +0.00)             0 (       0)              
##>                                  END           126917103726 ( +0.00)    16272.50 (   +0.00)             0 (       0)           0  
##>dpopt_flatten_critical_muxes_i  START           126917103726 ( +0.00)    16272.50 (   +0.00)             0 (       0)              
##>                                  END           125334339480 ( -1.25)    16272.50 (   +0.00)             0 (       0)           0  
##>speculate_in_gdef               START           125334339480 ( +0.00)    16272.50 (   +0.00)             0 (       0)              
##> pre_speculate_mux_merge        START           125334339480 ( +0.00)    16272.50 (   +0.00)             0 (       0)              
##>                                  END           125334339480 ( +0.00)    16272.50 (   +0.00)             0 (       0)           0  
##>                                  END           125334339480 ( +0.00)    16272.50 (   +0.00)             0 (       0)           0  
##>create_score                    START           125334339480 ( +0.00)    16272.50 (   +0.00)             0 (       0)              
##>                                  END           125334339480 ( +0.00)    16272.50 (   +0.00)             0 (       0)           0  
##>+------------------------------------------------------------------------------------------------------------------------------------------------------------+
Committed config: CDN_DP_region_11_0_c5
Info    : Done implementing datapath configurations. [DPOPT-4]
        : Selected 'very_fast' configuration 5 for module 'CDN_DP_region_11_0'.
          Optimizations applied to 'very_fast' configuration:
            rewriting(0), factoring(0), sharing(3), cmultcse(0), downsizing(0), speculation(0)
Info    : Implementing datapath configurations. [DPOPT-3]
        : Implementing datapath configurations for 'CDN_DP_region_10_4'
CSAGen Prep Share:0 Re-Write:8 Speculation: 0
MaxCSA: Successfully built Maximal CSA Expression Expr0
MaxCSA: Successfully built Maximal CSA Expression Expr1
MaxCSA: Successfully built Maximal CSA Expression Expr2
MaxCSA: Successfully built Maximal CSA Expression Expr3
MaxCSA: Successfully built Maximal CSA Expression Expr4
MaxCSA: Successfully built Maximal CSA Expression Expr5
MaxCSA: Successfully built Maximal CSA Expression Expr6
MaxCSA: Successfully built Maximal CSA Expression Expr7
MaxCSA: Successfully built Maximal CSA Expression Expr8
Info    : Accepted resource sharing opportunity. [RTLOPT-30]
        : Merged the following sets of instances in 'CDN_DP_region_10_4_c7 in hardware':
	  (final_adder_ADD_TC_OP_16, final_adder_ADD_TC_OP_8)
	  (final_adder_ADD_TC_OP_4, ADD_TC_OP216)

Info    : Accepted resource sharing opportunity. [RTLOPT-30]
        : Merged the following sets of instances in 'CDN_DP_region_10_4_c1 in hardware':
	  (final_adder_decoder_acc_inst_add_269_53, decoder_acc_inst_add_694_57)

Info    : Accepted resource sharing opportunity. [RTLOPT-30]
        : Merged the following sets of instances in 'CDN_DP_region_10_4_c2 in hardware':
	  (final_adder_decoder_acc_inst_add_269_53, decoder_acc_inst_add_694_57)

Info    : Accepted resource sharing opportunity. [RTLOPT-30]
        : Merged the following sets of instances in 'CDN_DP_region_10_4_c3 in hardware':
	  (final_adder_decoder_acc_inst_add_269_53, decoder_acc_inst_add_694_57)

Info    : Accepted resource sharing opportunity. [RTLOPT-30]
        : Merged the following sets of instances in 'CDN_DP_region_10_4_c4 in hardware':
	  (final_adder_decoder_acc_inst_add_269_53, decoder_acc_inst_add_694_57)

Info    : Accepted resource sharing opportunity. [RTLOPT-30]
        : Merged the following sets of instances in 'CDN_DP_region_10_4_c5 in hardware':
	  (final_adder_decoder_acc_inst_add_269_53, decoder_acc_inst_add_694_57)

Info    : Accepted resource sharing opportunity. [RTLOPT-30]
        : Merged the following sets of instances in 'CDN_DP_region_10_4_c6 in hardware':
	  (decoder_acc_inst_add_269_41, decoder_acc_inst_add_694_57)

Info    : Accepted resource sharing opportunity. [RTLOPT-30]
        : Merged the following sets of instances in 'CDN_DP_region_10_4_c6 in hardware':
	  (final_adder_decoder_acc_inst_add_269_53, final_adder_decoder_acc_inst_add_269_41_Y_decoder_acc_inst_add_694_57)

CDN_DP_region_10_4 level = 0 loads = 9 drivers = 0
CDN_DP_region_10_4_c0 in hardware: area: 225485999046 ,dp = 37 mux = 171 sg = slow         worst_clk_period: -1.0000 
    wns: 0  norm_wns:  -1.0000 
    fail_endp: -1 
    tns:  0  tns_per_endp:  -1.0000   norm_tns_per_endp:  -1.0000 
    tns_sense_max:  -1.0000  tns_sense_avg:  -1.0000   tns_sense_num: -1
 skipped
CDN_DP_region_10_4_c1 in hardware: area: 215841431547 ,dp = 22 mux = 168 sg = fast         worst_clk_period: -1.0000 
    wns: 0  norm_wns:  -1.0000 
    fail_endp: -1 
    tns:  0  tns_per_endp:  -1.0000   norm_tns_per_endp:  -1.0000 
    tns_sense_max:  -1.0000  tns_sense_avg:  -1.0000   tns_sense_num: -1
 is current best
CDN_DP_region_10_4_c2 in hardware: area: 211138176816 ,dp = 22 mux = 168 sg = very_slow    worst_clk_period: -1.0000 
    wns: 0  norm_wns:  -1.0000 
    fail_endp: -1 
    tns:  0  tns_per_endp:  -1.0000   norm_tns_per_endp:  -1.0000 
    tns_sense_max:  -1.0000  tns_sense_avg:  -1.0000   tns_sense_num: -1
 is current best
CDN_DP_region_10_4_c3 in hardware: area: 215841431547 ,dp = 22 mux = 168 sg = very_fast    worst_clk_period: -1.0000 
    wns: 0  norm_wns:  -1.0000 
    fail_endp: -1 
    tns:  0  tns_per_endp:  -1.0000   norm_tns_per_endp:  -1.0000 
    tns_sense_max:  -1.0000  tns_sense_avg:  -1.0000   tns_sense_num: -1

CDN_DP_region_10_4_c4 in hardware: area: 211138176816 ,dp = 22 mux = 168 sg = very_fast    worst_clk_period: -1.0000 
    wns: 0  norm_wns:  -1.0000 
    fail_endp: -1 
    tns:  0  tns_per_endp:  -1.0000   norm_tns_per_endp:  -1.0000 
    tns_sense_max:  -1.0000  tns_sense_avg:  -1.0000   tns_sense_num: -1
 is current best
CDN_DP_region_10_4_c5 in hardware: area: 211138176816 ,dp = 22 mux = 168 sg = very_fast    worst_clk_period: -1.0000 
    wns: 0  norm_wns:  -1.0000 
    fail_endp: -1 
    tns:  0  tns_per_endp:  -1.0000   norm_tns_per_endp:  -1.0000 
    tns_sense_max:  -1.0000  tns_sense_avg:  -1.0000   tns_sense_num: -1
 is current best
CDN_DP_region_10_4_c6 in hardware: area: 217051023735 ,dp = 22 mux = 171 sg = very_fast    worst_clk_period: -1.0000 
    wns: 0  norm_wns:  -1.0000 
    fail_endp: -1 
    tns:  0  tns_per_endp:  -1.0000   norm_tns_per_endp:  -1.0000 
    tns_sense_max:  -1.0000  tns_sense_avg:  -1.0000   tns_sense_num: -1

CDN_DP_region_10_4_c7 in hardware: area: 291717605340 ,dp = 27 mux = 172 sg = very_fast    worst_clk_period: -1.0000 
    wns: 0  norm_wns:  -1.0000 
    fail_endp: -1 
    tns:  0  tns_per_endp:  -1.0000   norm_tns_per_endp:  -1.0000 
    tns_sense_max:  -1.0000  tns_sense_avg:  -1.0000   tns_sense_num: -1

Best config: CDN_DP_region_10_4_c5 in hardware: area: 211138176816 ,dp = 22 mux = 168 sg = very_fast    worst_clk_period: -1.0000 
    wns: 0  norm_wns:  -1.0000 
    fail_endp: -1 
    tns:  0  tns_per_endp:  -1.0000   norm_tns_per_endp:  -1.0000 
    tns_sense_max:  -1.0000  tns_sense_avg:  -1.0000   tns_sense_num: -1
  Smallest config area : 211138176816.  Fastest config wns;  0
##>+----------------------------------------------------------------------------------------------------------------------------------------------------------------+
##>Summary table of configs (Best config is CDN_DP_region_10_4_c5)
##>+----------------------------------------------------------------------------------------------------------------------------------------------------------------+
##>                     0                  1                  2                  3                  4                  5                  6                  7            
##>+----------------------------------------------------------------------------------------------------------------------------------------------------------------+
##>           Area     225485999046       215841431547       211138176816       215841431547       211138176816       211138176816       217051023735       291717605340  
##>            WNS        +16412.50          +16595.50          +16595.50          +16595.50          +16595.50          +16595.50          +16595.50          +16178.40  
##>            TNS                0                  0                  0                  0                  0                  0                  0                  0  
##>    Num Rewrite                0                  7                  7                  7                  7                  7                  7                 11  
##>     Num Factor                0                  0                  0                  0                  0                  0                  0                  2  
##>      Num Share                0                  1                  1                  1                  1                  1                  2                  2  
##>   Num CmultCse                0                  0                  0                  0                  0                  0                  0                  0  
##>   Num Downsize                0                  0                  0                  0                  0                  0                  0                  0  
##>  Num Speculate                0                  0                  0                  0                  0                  0                  0                  0  
##>     Runtime(s)                0                  4                  3                  3                  3                  3                  4                 25  
+----------------------------------------------------------------------------------------------------------------------------------------------------------------+
##>
##>
##>+------------------------------------------------------------------------------------------------------------------------------------------------------------+
##>Optimization Step DEBUG Table for config CDN_DP_region_10_4_c5
##>
##>                          Step                        Area   ( % Chg)        WNS (Change)        TNS (Change)          Runtime (s)        Comment                   
##>+------------------------------------------------------------------------------------------------------------------------------------------------------------+
##>createMaxCarrySave              START           225485999046 (      )    16412.50 (        )             0 (        )              
##> datapath_rewrite_one_def       START           225485999046 ( +0.00)    16412.50 (   +0.00)             0 (       0)              
##>  fast_cse_elim                 START           225485999046 ( +0.00)    16412.50 (   +0.00)             0 (       0)              
##>                                  END           225125694990 ( -0.16)    16412.50 (   +0.00)             0 (       0)           0  
##>  fast_cse_elim                 START           225125694990 ( +0.00)    16412.50 (   +0.00)             0 (       0)              
##>                                  END           225125694990 ( +0.00)    16412.50 (   +0.00)             0 (       0)           0  
##>  rewrite                       START           225125694990 ( +0.00)    16412.50 (   +0.00)             0 (       0)              (a,ar) add_c_ohmux_version1 --> add_c_ohmux_version2
##>                                  END           224971278966 ( -0.07)    16412.50 (   +0.00)             0 (       0)           0  
##>  fast_cse_elim                 START           224971278966 ( +0.00)    16412.50 (   +0.00)             0 (       0)              
##>                                  END           224971278966 ( +0.00)    16412.50 (   +0.00)             0 (       0)           0  
##>  fast_cse_elim                 START           224971278966 ( +0.00)    16412.50 (   +0.00)             0 (       0)              
##>                                  END           224971278966 ( +0.00)    16412.50 (   +0.00)             0 (       0)           0  
##>  rewrite                       START           224971278966 ( +0.00)    16412.50 (   +0.00)             0 (       0)              (na,csaa) and_en_v2 --> en_mux
##>                                  END           225132128991 ( +0.07)    16412.50 (   +0.00)             0 (       0)           0  
##>  rewrite                       START           224971278966 ( -0.07)    16412.50 (   +0.00)             0 (       0)              (a,csaa) dissolve_1bit_const_2x1mux_from --> dissolve_1bit_const_2x1mux_to
##>                                  END           224951976963 ( -0.01)    16412.50 (   +0.00)             0 (       0)           0  
##>  rewrite                       START           224951976963 ( +0.00)    16412.50 (   +0.00)             0 (       0)              (a,csaa) dissolve_1bit_const_2x1mux_from --> dissolve_1bit_const_2x1mux_to
##>                                  END           224932674960 ( -0.01)    16412.50 (   +0.00)             0 (       0)           0  
##>  fast_cse_elim                 START           224932674960 ( +0.00)    16412.50 (   +0.00)             0 (       0)              
##>                                  END           224919806958 ( -0.01)    16412.50 (   +0.00)             0 (       0)           0  
##>                                  END           224919806958 ( -0.25)    16412.50 (   +0.00)             0 (       0)           0  
##> speculate_in_gdef              START           224919806958 ( +0.00)    16412.50 (   +0.00)             0 (       0)              
##>  pre_speculate_mux_merge       START           224919806958 ( +0.00)    16412.50 (   +0.00)             0 (       0)              
##>                                  END           224919806958 ( +0.00)    16412.50 (   +0.00)             0 (       0)           0  
##>                                  END           224919806958 ( +0.00)    16412.50 (   +0.00)             0 (       0)           0  
##> csa_opto                       START           224919806958 ( +0.00)    16412.50 (   +0.00)             0 (       0)              
##>                                  END           214348743315 ( -4.70)    16571.60 ( +159.10)             0 (       0)           0  
##>                                  END           214348743315 ( -4.94)    16571.60 ( +159.10)             0 (       0)           0  
##>canonicalize_by_names           START           214348743315 ( +0.00)    16571.60 (   +0.00)             0 (       0)              
##>                                  END           214348743315 ( +0.00)    16571.60 (   +0.00)             0 (       0)           0  
##>datapath_rewrite_post_csa_one_  START           214348743315 ( +0.00)    16571.60 (   +0.00)             0 (       0)              
##>                                  END           214348743315 ( +0.00)    16571.60 (   +0.00)             0 (       0)           0  
##>datapath_csa_factoring_one_gde  START           214348743315 ( +0.00)    16571.60 (   +0.00)             0 (       0)              
##>                                  END           214348743315 ( +0.00)    16571.60 (   +0.00)             0 (       0)           0  
##>dpopt_share_one_def             START           214348743315 ( +0.00)    16571.60 (   +0.00)             0 (       0)              
##>                                  END           213776117226 ( -0.27)    16571.60 (   +0.00)             0 (       0)           0  
##>datapath_rewrite_post_share     START           213776117226 ( +0.00)    16571.60 (   +0.00)             0 (       0)              
##>                                  END           213776117226 ( +0.00)    16571.60 (   +0.00)             0 (       0)           0  
##>dp_combine_const_mult_with_com  START           213776117226 ( +0.00)    16571.60 (   +0.00)             0 (       0)              
##>                                  END           213776117226 ( +0.00)    16571.60 (   +0.00)             0 (       0)           0  
##>speculate_in_gdef               START           213776117226 ( +0.00)    16571.60 (   +0.00)             0 (       0)              
##> pre_speculate_mux_merge        START           213776117226 ( +0.00)    16571.60 (   +0.00)             0 (       0)              
##>                                  END           213776117226 ( +0.00)    16571.60 (   +0.00)             0 (       0)           0  
##>                                  END           213776117226 ( +0.00)    16571.60 (   +0.00)             0 (       0)           0  
##>dp_operator_level_decompositio  START           213776117226 ( +0.00)    16571.60 (   +0.00)             0 (       0)              
##>                                  END           213776117226 ( +0.00)    16571.60 (   +0.00)             0 (       0)           0  
##>selective_flatten_dp_config     START           213776117226 ( +0.00)    16571.60 (   +0.00)             0 (       0)              
##>                                  END           213686041212 ( -0.04)    16573.20 (   +1.60)             0 (       0)           0  
##>createMaxCarrySave              START           213686041212 ( +0.00)    16573.20 (   +0.00)             0 (       0)              
##> datapath_rewrite_one_def       START           213686041212 ( +0.00)    16573.20 (   +0.00)             0 (       0)              
##>  fast_cse_elim                 START           213686041212 ( +0.00)    16573.20 (   +0.00)             0 (       0)              
##>                                  END           213660305208 ( -0.01)    16573.20 (   +0.00)             0 (       0)           0  
##>  fast_cse_elim                 START           213660305208 ( +0.00)    16573.20 (   +0.00)             0 (       0)              
##>                                  END           213660305208 ( +0.00)    16573.20 (   +0.00)             0 (       0)           0  
##>  rewrite                       START           213660305208 ( +0.00)    16573.20 (   +0.00)             0 (       0)              (a,ar) add_ci --> add_and_inc 
##>                                  END           214155723285 ( +0.23)    16573.20 (   +0.00)             0 (       0)           0  
##>  rewrite                       START           214155723285 ( +0.00)    16573.20 (   +0.00)             0 (       0)              (a,ar) add_ci --> add_and_inc 
##>                                  END           214651141362 ( +0.23)    16573.20 (   +0.00)             0 (       0)           0  
##>                                  END           214651141362 ( +0.45)    16573.20 (   +0.00)             0 (       0)           0  
##> speculate_in_gdef              START           214651141362 ( +0.00)    16573.20 (   +0.00)             0 (       0)              
##>  pre_speculate_mux_merge       START           214651141362 ( +0.00)    16573.20 (   +0.00)             0 (       0)              
##>                                  END           214651141362 ( +0.00)    16573.20 (   +0.00)             0 (       0)           0  
##>                                  END           214651141362 ( +0.00)    16573.20 (   +0.00)             0 (       0)           0  
##> csa_opto                       START           214651141362 ( +0.00)    16573.20 (   +0.00)             0 (       0)              
##>                                  END           213660305208 ( -0.46)    16573.20 (   +0.00)             0 (       0)           0  
##>                                  END           213660305208 ( -0.01)    16573.20 (   +0.00)             0 (       0)           0  
##>datapath_rewrite_post_csa_one_  START           213660305208 ( +0.00)    16573.20 (   +0.00)             0 (       0)              
##>                                  END           213660305208 ( +0.00)    16573.20 (   +0.00)             0 (       0)           0  
##>datapath_csa_factoring_one_gde  START           213660305208 ( +0.00)    16573.20 (   +0.00)             0 (       0)              
##>                                  END           213660305208 ( +0.00)    16573.20 (   +0.00)             0 (       0)           0  
##>dpopt_share_one_def             START           213660305208 ( +0.00)    16573.20 (   +0.00)             0 (       0)              
##>                                  END           213660305208 ( +0.00)    16573.20 (   +0.00)             0 (       0)           0  
##>datapath_rewrite_post_share     START           213660305208 ( +0.00)    16573.20 (   +0.00)             0 (       0)              
##>                                  END           213660305208 ( +0.00)    16573.20 (   +0.00)             0 (       0)           0  
##>dp_combine_const_mult_with_com  START           213660305208 ( +0.00)    16573.20 (   +0.00)             0 (       0)              
##>                                  END           213660305208 ( +0.00)    16573.20 (   +0.00)             0 (       0)           0  
##>speculate_in_gdef               START           213660305208 ( +0.00)    16573.20 (   +0.00)             0 (       0)              
##> pre_speculate_mux_merge        START           213660305208 ( +0.00)    16573.20 (   +0.00)             0 (       0)              
##>                                  END           213660305208 ( +0.00)    16573.20 (   +0.00)             0 (       0)           0  
##>                                  END           213660305208 ( +0.00)    16573.20 (   +0.00)             0 (       0)           0  
##>dp_operator_level_decompositio  START           213660305208 ( +0.00)    16573.20 (   +0.00)             0 (       0)              
##>                                  END           213660305208 ( +0.00)    16573.20 (   +0.00)             0 (       0)           0  
##>selective_flatten_dp_config     START           213660305208 ( +0.00)    16573.20 (   +0.00)             0 (       0)              
##>                                  END           213660305208 ( +0.00)    16573.20 (   +0.00)             0 (       0)           0  
##>createMaxCarrySave              START           213660305208 ( +0.00)    16573.20 (   +0.00)             0 (       0)              
##> datapath_rewrite_one_def       START           213660305208 ( +0.00)    16573.20 (   +0.00)             0 (       0)              
##>  fast_cse_elim                 START           213660305208 ( +0.00)    16573.20 (   +0.00)             0 (       0)              
##>                                  END           213660305208 ( +0.00)    16573.20 (   +0.00)             0 (       0)           0  
##>  fast_cse_elim                 START           213660305208 ( +0.00)    16573.20 (   +0.00)             0 (       0)              
##>                                  END           213660305208 ( +0.00)    16573.20 (   +0.00)             0 (       0)           0  
##>  rewrite                       START           213660305208 ( +0.00)    16573.20 (   +0.00)             0 (       0)              (a,ar) add_ci --> add_and_inc 
##>                                  END           214155723285 ( +0.23)    16573.20 (   +0.00)             0 (       0)           0  
##>  rewrite                       START           214155723285 ( +0.00)    16573.20 (   +0.00)             0 (       0)              (a,ar) add_ci --> add_and_inc 
##>                                  END           214651141362 ( +0.23)    16573.20 (   +0.00)             0 (       0)           0  
##>                                  END           214651141362 ( +0.46)    16573.20 (   +0.00)             0 (       0)           0  
##> speculate_in_gdef              START           214651141362 ( +0.00)    16573.20 (   +0.00)             0 (       0)              
##>  pre_speculate_mux_merge       START           214651141362 ( +0.00)    16573.20 (   +0.00)             0 (       0)              
##>                                  END           214651141362 ( +0.00)    16573.20 (   +0.00)             0 (       0)           0  
##>                                  END           214651141362 ( +0.00)    16573.20 (   +0.00)             0 (       0)           0  
##> csa_opto                       START           214651141362 ( +0.00)    16573.20 (   +0.00)             0 (       0)              
##>                                  END           213660305208 ( -0.46)    16573.20 (   +0.00)             0 (       0)           0  
##>                                  END           213660305208 ( +0.00)    16573.20 (   +0.00)             0 (       0)           0  
##>context_based_simplify          START           213177755133 ( -0.23)    16573.20 (   +0.00)             0 (       0)              
##>                                  END           212116144968 ( -0.50)    16601.60 (  +28.40)             0 (       0)           0  
##>group_csa_final_adder_dp        START           212116144968 ( +0.00)    16601.60 (   +0.00)             0 (       0)              
##>                                  END           211408404858 ( -0.33)    16595.50 (   -6.10)             0 (       0)           0  
##>dpopt_flatten_critical_muxes_i  START           211408404858 ( +0.00)    16595.50 (   +0.00)             0 (       0)              
##>                                  END           211138176816 ( -0.13)    16595.50 (   +0.00)             0 (       0)           0  
##>speculate_in_gdef               START           211138176816 ( +0.00)    16595.50 (   +0.00)             0 (       0)              
##> pre_speculate_mux_merge        START           211138176816 ( +0.00)    16595.50 (   +0.00)             0 (       0)              
##>                                  END           211138176816 ( +0.00)    16595.50 (   +0.00)             0 (       0)           0  
##>                                  END           211138176816 ( +0.00)    16595.50 (   +0.00)             0 (       0)           0  
##>create_score                    START           211138176816 ( +0.00)    16595.50 (   +0.00)             0 (       0)              
##>                                  END           211138176816 ( +0.00)    16595.50 (   +0.00)             0 (       0)           0  
##>+------------------------------------------------------------------------------------------------------------------------------------------------------------+
Committed config: CDN_DP_region_10_4_c5
Info    : Done implementing datapath configurations. [DPOPT-4]
        : Selected 'very_fast' configuration 5 for module 'CDN_DP_region_10_4'.
          Optimizations applied to 'very_fast' configuration:
            rewriting(7), factoring(0), sharing(1), cmultcse(0), downsizing(0), speculation(0)
Info    : Implementing datapath configurations. [DPOPT-3]
        : Implementing datapath configurations for 'CDN_DP_region_10_3'
CSAGen Prep Share:0 Re-Write:0 Speculation: 0
CDN_DP_region_10_3 level = 0 loads = 0 drivers = 0
CDN_DP_region_10_3_c0 in hardware: area: 4426592688 ,dp = 0 mux = 16 sg = slow         worst_clk_period: -1.0000 
    wns: 0  norm_wns:  -1.0000 
    fail_endp: -1 
    tns:  0  tns_per_endp:  -1.0000   norm_tns_per_endp:  -1.0000 
    tns_sense_max:  -1.0000  tns_sense_avg:  -1.0000   tns_sense_num: -1
 skipped
CDN_DP_region_10_3_c1 in hardware: area: 4426592688 ,dp = 0 mux = 16 sg = fast         worst_clk_period: -1.0000 
    wns: 0  norm_wns:  -1.0000 
    fail_endp: -1 
    tns:  0  tns_per_endp:  -1.0000   norm_tns_per_endp:  -1.0000 
    tns_sense_max:  -1.0000  tns_sense_avg:  -1.0000   tns_sense_num: -1
 is current best
CDN_DP_region_10_3_c2 in hardware: area: 4426592688 ,dp = 0 mux = 16 sg = very_slow    worst_clk_period: -1.0000 
    wns: 0  norm_wns:  -1.0000 
    fail_endp: -1 
    tns:  0  tns_per_endp:  -1.0000   norm_tns_per_endp:  -1.0000 
    tns_sense_max:  -1.0000  tns_sense_avg:  -1.0000   tns_sense_num: -1
 is current best
CDN_DP_region_10_3_c3 in hardware: area: 4426592688 ,dp = 0 mux = 16 sg = very_fast    worst_clk_period: -1.0000 
    wns: 0  norm_wns:  -1.0000 
    fail_endp: -1 
    tns:  0  tns_per_endp:  -1.0000   norm_tns_per_endp:  -1.0000 
    tns_sense_max:  -1.0000  tns_sense_avg:  -1.0000   tns_sense_num: -1
 is current best
CDN_DP_region_10_3_c4 in hardware: area: 4426592688 ,dp = 0 mux = 16 sg = very_fast    worst_clk_period: -1.0000 
    wns: 0  norm_wns:  -1.0000 
    fail_endp: -1 
    tns:  0  tns_per_endp:  -1.0000   norm_tns_per_endp:  -1.0000 
    tns_sense_max:  -1.0000  tns_sense_avg:  -1.0000   tns_sense_num: -1
 is current best
CDN_DP_region_10_3_c5 in hardware: area: 4426592688 ,dp = 0 mux = 16 sg = very_fast    worst_clk_period: -1.0000 
    wns: 0  norm_wns:  -1.0000 
    fail_endp: -1 
    tns:  0  tns_per_endp:  -1.0000   norm_tns_per_endp:  -1.0000 
    tns_sense_max:  -1.0000  tns_sense_avg:  -1.0000   tns_sense_num: -1
 is current best
CDN_DP_region_10_3_c6 in hardware: area: 4426592688 ,dp = 0 mux = 16 sg = very_fast    worst_clk_period: -1.0000 
    wns: 0  norm_wns:  -1.0000 
    fail_endp: -1 
    tns:  0  tns_per_endp:  -1.0000   norm_tns_per_endp:  -1.0000 
    tns_sense_max:  -1.0000  tns_sense_avg:  -1.0000   tns_sense_num: -1
 is current best
CDN_DP_region_10_3_c7 in hardware: area: 4426592688 ,dp = 0 mux = 16 sg = very_fast    worst_clk_period: -1.0000 
    wns: 0  norm_wns:  -1.0000 
    fail_endp: -1 
    tns:  0  tns_per_endp:  -1.0000   norm_tns_per_endp:  -1.0000 
    tns_sense_max:  -1.0000  tns_sense_avg:  -1.0000   tns_sense_num: -1
 is current best
Best config: CDN_DP_region_10_3_c7 in hardware: area: 4426592688 ,dp = 0 mux = 16 sg = very_fast    worst_clk_period: -1.0000 
    wns: 0  norm_wns:  -1.0000 
    fail_endp: -1 
    tns:  0  tns_per_endp:  -1.0000   norm_tns_per_endp:  -1.0000 
    tns_sense_max:  -1.0000  tns_sense_avg:  -1.0000   tns_sense_num: -1
  Smallest config area : 4426592688.  Fastest config wns;  0
##>+----------------------------------------------------------------------------------------------------------------------------------------------------------------+
##>Summary table of configs (Best config is CDN_DP_region_10_3_c7)
##>+----------------------------------------------------------------------------------------------------------------------------------------------------------------+
##>                     0                  1                  2                  3                  4                  5                  6                  7            
##>+----------------------------------------------------------------------------------------------------------------------------------------------------------------+
##>           Area       4426592688         4426592688         4426592688         4426592688         4426592688         4426592688         4426592688         4426592688  
##>            WNS        +18308.60          +18308.60          +18308.60          +18308.60          +18308.60          +18308.60          +18308.60          +18308.60  
##>            TNS                0                  0                  0                  0                  0                  0                  0                  0  
##>    Num Rewrite                0                  0                  0                  0                  0                  0                  0                  0  
##>     Num Factor                0                  0                  0                  0                  0                  0                  0                  0  
##>      Num Share                0                  0                  0                  0                  0                  0                  0                  0  
##>   Num CmultCse                0                  0                  0                  0                  0                  0                  0                  0  
##>   Num Downsize                0                  0                  0                  0                  0                  0                  0                  0  
##>  Num Speculate                0                  0                  0                  0                  0                  0                  0                  0  
##>     Runtime(s)                0                  0                  0                  0                  0                  0                  0                  0  
+----------------------------------------------------------------------------------------------------------------------------------------------------------------+
##>
##>
##>+------------------------------------------------------------------------------------------------------------------------------------------------------------+
##>Optimization Step DEBUG Table for config CDN_DP_region_10_3_c7
##>
##>                          Step                        Area   ( % Chg)        WNS (Change)        TNS (Change)          Runtime (s)        Comment                   
##>+------------------------------------------------------------------------------------------------------------------------------------------------------------+
##>EquationExtraction              START             4426592688 (      )    18308.60 (        )             0 (        )              
##>                                  END             4426592688 ( +0.00)    18308.60 (   +0.00)             0 (       0)           0  
##>createMaxCarrySave              START             4426592688 ( +0.00)    18308.60 (   +0.00)             0 (       0)              
##> datapath_rewrite_one_def       START             4426592688 ( +0.00)    18308.60 (   +0.00)             0 (       0)              
##>                                  END             4426592688 ( +0.00)    18308.60 (   +0.00)             0 (       0)           0  
##> csa_opto                       START             4426592688 ( +0.00)    18308.60 (   +0.00)             0 (       0)              
##>                                  END             4426592688 ( +0.00)    18308.60 (   +0.00)             0 (       0)           0  
##>                                  END             4426592688 ( +0.00)    18308.60 (   +0.00)             0 (       0)           0  
##>canonicalize_by_names           START             4426592688 ( +0.00)    18308.60 (   +0.00)             0 (       0)              
##>                                  END             4426592688 ( +0.00)    18308.60 (   +0.00)             0 (       0)           0  
##>datapath_rewrite_post_csa_one_  START             4426592688 ( +0.00)    18308.60 (   +0.00)             0 (       0)              
##>                                  END             4426592688 ( +0.00)    18308.60 (   +0.00)             0 (       0)           0  
##>datapath_csa_factoring_one_gde  START             4426592688 ( +0.00)    18308.60 (   +0.00)             0 (       0)              
##>                                  END             4426592688 ( +0.00)    18308.60 (   +0.00)             0 (       0)           0  
##>dpopt_share_one_def             START             4426592688 ( +0.00)    18308.60 (   +0.00)             0 (       0)              
##>                                  END             4426592688 ( +0.00)    18308.60 (   +0.00)             0 (       0)           0  
##>datapath_rewrite_post_share     START             4426592688 ( +0.00)    18308.60 (   +0.00)             0 (       0)              
##>                                  END             4426592688 ( +0.00)    18308.60 (   +0.00)             0 (       0)           0  
##>dp_combine_const_mult_with_com  START             4426592688 ( +0.00)    18308.60 (   +0.00)             0 (       0)              
##>                                  END             4426592688 ( +0.00)    18308.60 (   +0.00)             0 (       0)           0  
##>dp_operator_level_decompositio  START             4426592688 ( +0.00)    18308.60 (   +0.00)             0 (       0)              
##>                                  END             4426592688 ( +0.00)    18308.60 (   +0.00)             0 (       0)           0  
##>selective_flatten_dp_config     START             4426592688 ( +0.00)    18308.60 (   +0.00)             0 (       0)              
##>                                  END             4426592688 ( +0.00)    18308.60 (   +0.00)             0 (       0)           0  
##>createMaxCarrySave              START             4426592688 ( +0.00)    18308.60 (   +0.00)             0 (       0)              
##> datapath_rewrite_one_def       START             4426592688 ( +0.00)    18308.60 (   +0.00)             0 (       0)              
##>  fast_cse_elim                 START             4426592688 ( +0.00)    18308.60 (   +0.00)             0 (       0)              
##>                                  END             4426592688 ( +0.00)    18308.60 (   +0.00)             0 (       0)           0  
##>  fast_cse_elim                 START             4426592688 ( +0.00)    18308.60 (   +0.00)             0 (       0)              
##>                                  END             4426592688 ( +0.00)    18308.60 (   +0.00)             0 (       0)           0  
##>                                  END             4426592688 ( +0.00)    18308.60 (   +0.00)             0 (       0)           0  
##> csa_opto                       START             4426592688 ( +0.00)    18308.60 (   +0.00)             0 (       0)              
##>                                  END             4426592688 ( +0.00)    18308.60 (   +0.00)             0 (       0)           0  
##>                                  END             4426592688 ( +0.00)    18308.60 (   +0.00)             0 (       0)           0  
##>context_based_simplify          START             4426592688 ( +0.00)    18308.60 (   +0.00)             0 (       0)              
##>                                  END             4426592688 ( +0.00)    18308.60 (   +0.00)             0 (       0)           0  
##>group_csa_final_adder_dp        START             4426592688 ( +0.00)    18308.60 (   +0.00)             0 (       0)              
##>                                  END             4426592688 ( +0.00)    18308.60 (   +0.00)             0 (       0)           0  
##>dpopt_flatten_critical_muxes_i  START             4426592688 ( +0.00)    18308.60 (   +0.00)             0 (       0)              
##>                                  END             4426592688 ( +0.00)    18308.60 (   +0.00)             0 (       0)           0  
##>create_score                    START             4426592688 ( +0.00)    18308.60 (   +0.00)             0 (       0)              
##>                                  END             4426592688 ( +0.00)    18308.60 (   +0.00)             0 (       0)           0  
##>+------------------------------------------------------------------------------------------------------------------------------------------------------------+
Committed config: CDN_DP_region_10_3_c7
Info    : Done implementing datapath configurations. [DPOPT-4]
        : Selected 'very_fast' configuration 7 for module 'CDN_DP_region_10_3'.
          Optimizations applied to 'very_fast' configuration:
            rewriting(0), factoring(0), sharing(0), cmultcse(0), downsizing(0), speculation(0)
Info    : Implementing datapath configurations. [DPOPT-3]
        : Implementing datapath configurations for 'CDN_DP_region_12_0'
CSAGen Prep Share:0 Re-Write:0 Speculation: 0
MaxCSA: Successfully built Maximal CSA Expression Expr9
MaxCSA: Successfully built Maximal CSA Expression Expr10
MaxCSA: Successfully built Maximal CSA Expression Expr11
CDN_DP_region_12_0 level = 0 loads = 1 drivers = 0
CDN_DP_region_12_0_c0 in picosoc_MEM_WORDS2048_PROGADDR_RESET0_PROGADDR_IRQ16: area: 16927856631 ,dp = 7 mux = 8 sg = slow         worst_clk_period: -1.0000 
    wns: 0  norm_wns:  -1.0000 
    fail_endp: -1 
    tns:  0  tns_per_endp:  -1.0000   norm_tns_per_endp:  -1.0000 
    tns_sense_max:  -1.0000  tns_sense_avg:  -1.0000   tns_sense_num: -1
 skipped
CDN_DP_region_12_0_c1 in picosoc_MEM_WORDS2048_PROGADDR_RESET0_PROGADDR_IRQ16: area: 14605182270 ,dp = 7 mux = 8 sg = fast         worst_clk_period: -1.0000 
    wns: 0  norm_wns:  -1.0000 
    fail_endp: -1 
    tns:  0  tns_per_endp:  -1.0000   norm_tns_per_endp:  -1.0000 
    tns_sense_max:  -1.0000  tns_sense_avg:  -1.0000   tns_sense_num: -1
 is current best
CDN_DP_region_12_0_c2 in picosoc_MEM_WORDS2048_PROGADDR_RESET0_PROGADDR_IRQ16: area: 14605182270 ,dp = 7 mux = 8 sg = very_slow    worst_clk_period: -1.0000 
    wns: 0  norm_wns:  -1.0000 
    fail_endp: -1 
    tns:  0  tns_per_endp:  -1.0000   norm_tns_per_endp:  -1.0000 
    tns_sense_max:  -1.0000  tns_sense_avg:  -1.0000   tns_sense_num: -1
 is current best
CDN_DP_region_12_0_c3 in picosoc_MEM_WORDS2048_PROGADDR_RESET0_PROGADDR_IRQ16: area: 14605182270 ,dp = 7 mux = 8 sg = very_fast    worst_clk_period: -1.0000 
    wns: 0  norm_wns:  -1.0000 
    fail_endp: -1 
    tns:  0  tns_per_endp:  -1.0000   norm_tns_per_endp:  -1.0000 
    tns_sense_max:  -1.0000  tns_sense_avg:  -1.0000   tns_sense_num: -1
 is current best
CDN_DP_region_12_0_c4 in picosoc_MEM_WORDS2048_PROGADDR_RESET0_PROGADDR_IRQ16: area: 14605182270 ,dp = 7 mux = 8 sg = very_fast    worst_clk_period: -1.0000 
    wns: 0  norm_wns:  -1.0000 
    fail_endp: -1 
    tns:  0  tns_per_endp:  -1.0000   norm_tns_per_endp:  -1.0000 
    tns_sense_max:  -1.0000  tns_sense_avg:  -1.0000   tns_sense_num: -1
 is current best
CDN_DP_region_12_0_c5 in picosoc_MEM_WORDS2048_PROGADDR_RESET0_PROGADDR_IRQ16: area: 14605182270 ,dp = 7 mux = 8 sg = very_fast    worst_clk_period: -1.0000 
    wns: 0  norm_wns:  -1.0000 
    fail_endp: -1 
    tns:  0  tns_per_endp:  -1.0000   norm_tns_per_endp:  -1.0000 
    tns_sense_max:  -1.0000  tns_sense_avg:  -1.0000   tns_sense_num: -1
 is current best
CDN_DP_region_12_0_c6 in picosoc_MEM_WORDS2048_PROGADDR_RESET0_PROGADDR_IRQ16: area: 14605182270 ,dp = 7 mux = 8 sg = very_fast    worst_clk_period: -1.0000 
    wns: 0  norm_wns:  -1.0000 
    fail_endp: -1 
    tns:  0  tns_per_endp:  -1.0000   norm_tns_per_endp:  -1.0000 
    tns_sense_max:  -1.0000  tns_sense_avg:  -1.0000   tns_sense_num: -1
 is current best
CDN_DP_region_12_0_c7 in picosoc_MEM_WORDS2048_PROGADDR_RESET0_PROGADDR_IRQ16: area: 31597378911 ,dp = 7 mux = 8 sg = very_fast    worst_clk_period: -1.0000 
    wns: 0  norm_wns:  -1.0000 
    fail_endp: -1 
    tns:  0  tns_per_endp:  -1.0000   norm_tns_per_endp:  -1.0000 
    tns_sense_max:  -1.0000  tns_sense_avg:  -1.0000   tns_sense_num: -1

Best config: CDN_DP_region_12_0_c6 in picosoc_MEM_WORDS2048_PROGADDR_RESET0_PROGADDR_IRQ16: area: 14605182270 ,dp = 7 mux = 8 sg = very_fast    worst_clk_period: -1.0000 
    wns: 0  norm_wns:  -1.0000 
    fail_endp: -1 
    tns:  0  tns_per_endp:  -1.0000   norm_tns_per_endp:  -1.0000 
    tns_sense_max:  -1.0000  tns_sense_avg:  -1.0000   tns_sense_num: -1
  Smallest config area : 14605182270.  Fastest config wns;  0
##>+----------------------------------------------------------------------------------------------------------------------------------------------------------------+
##>Summary table of configs (Best config is CDN_DP_region_12_0_c6)
##>+----------------------------------------------------------------------------------------------------------------------------------------------------------------+
##>                     0                  1                  2                  3                  4                  5                  6                  7            
##>+----------------------------------------------------------------------------------------------------------------------------------------------------------------+
##>           Area      16927856631        14605182270        14605182270        14605182270        14605182270        14605182270        14605182270        31597378911  
##>            WNS        +16265.10          +16265.10          +16265.10          +16265.10          +16265.10          +16265.10          +16265.10          +16265.10  
##>            TNS                0                  0                  0                  0                  0                  0                  0                  0  
##>    Num Rewrite                0                  0                  0                  0                  0                  0                  0                  0  
##>     Num Factor                0                  0                  0                  0                  0                  0                  0                  0  
##>      Num Share                0                  0                  0                  0                  0                  0                  0                  0  
##>   Num CmultCse                0                  0                  0                  0                  0                  0                  0                  0  
##>   Num Downsize                0                  0                  0                  0                  0                  0                  0                  0  
##>  Num Speculate                0                  0                  0                  0                  0                  0                  0                  0  
##>     Runtime(s)                0                  0                  0                  0                  0                  0                  0                  0  
+----------------------------------------------------------------------------------------------------------------------------------------------------------------+
##>
##>
##>+------------------------------------------------------------------------------------------------------------------------------------------------------------+
##>Optimization Step DEBUG Table for config CDN_DP_region_12_0_c6
##>
##>                          Step                        Area   ( % Chg)        WNS (Change)        TNS (Change)          Runtime (s)        Comment                   
##>+------------------------------------------------------------------------------------------------------------------------------------------------------------+
##>createMaxCarrySave              START            16927856631 (      )    107390447.50 (        )             0 (        )              
##> datapath_rewrite_one_def       START            16927856631 ( +0.00)    107390447.50 (   +0.00)             0 (       0)              
##>  fast_cse_elim                 START            16927856631 ( +0.00)    107390447.50 (   +0.00)             0 (       0)              
##>                                  END            16914988629 ( -0.08)    107390447.50 (   +0.00)             0 (       0)           0  
##>  fast_cse_elim                 START            16914988629 ( +0.00)    107390447.50 (   +0.00)             0 (       0)              
##>                                  END            16914988629 ( +0.00)    107390447.50 (   +0.00)             0 (       0)           0  
##>                                  END            16914988629 ( -0.08)    107390447.50 (   +0.00)             0 (       0)           0  
##> dpopt_share_one_def            START            16914988629 ( +0.00)    107390447.50 (   +0.00)             0 (       0)              
##>                                  END            16914988629 ( +0.00)    107390447.50 (   +0.00)             0 (       0)           0  
##> csa_opto                       START            16914988629 ( +0.00)    214748364.70 (+107357917.20)             0 (       0)              
##>                                  END            16535382570 ( -2.24)    214748364.70 (   +0.00)             0 (       0)           0  
##>                                  END            16535382570 ( -2.32)    214748364.70 (+107357917.20)             0 (       0)           0  
##>canonicalize_by_names           START            16535382570 ( +0.00)    214748364.70 (   +0.00)             0 (       0)              
##>                                  END            16535382570 ( +0.00)    214748364.70 (   +0.00)             0 (       0)           0  
##>datapath_rewrite_post_csa_one_  START            16535382570 ( +0.00)    214748364.70 (   +0.00)             0 (       0)              
##>                                  END            16535382570 ( +0.00)    214748364.70 (   +0.00)             0 (       0)           0  
##>datapath_csa_factoring_one_gde  START            16535382570 ( +0.00)    214748364.70 (   +0.00)             0 (       0)              
##>                                  END            16535382570 ( +0.00)    214748364.70 (   +0.00)             0 (       0)           0  
##>dpopt_share_one_def             START            16535382570 ( +0.00)    214748364.70 (   +0.00)             0 (       0)              
##>                                  END            16535382570 ( +0.00)    214748364.70 (   +0.00)             0 (       0)           0  
##>datapath_rewrite_post_share     START            16535382570 ( +0.00)    214748364.70 (   +0.00)             0 (       0)              
##>                                  END            16535382570 ( +0.00)    214748364.70 (   +0.00)             0 (       0)           0  
##>dp_combine_const_mult_with_com  START            16535382570 ( +0.00)    214748364.70 (   +0.00)             0 (       0)              
##>                                  END            16535382570 ( +0.00)    214748364.70 (   +0.00)             0 (       0)           0  
##>dp_operator_level_decompositio  START            16535382570 ( +0.00)    214748364.70 (   +0.00)             0 (       0)              
##>                                  END            16535382570 ( +0.00)    214748364.70 (   +0.00)             0 (       0)           0  
##>selective_flatten_dp_config     START            16535382570 ( +0.00)    214748364.70 (   +0.00)             0 (       0)              
##>                                  END            16535382570 ( +0.00)    214748364.70 (   +0.00)             0 (       0)           0  
##>createMaxCarrySave              START            16535382570 ( +0.00)    214748364.70 (   +0.00)             0 (       0)              
##> datapath_rewrite_one_def       START            16535382570 ( +0.00)    214748364.70 (   +0.00)             0 (       0)              
##>  fast_cse_elim                 START            16535382570 ( +0.00)    214748364.70 (   +0.00)             0 (       0)              
##>                                  END            16535382570 ( +0.00)    214748364.70 (   +0.00)             0 (       0)           0  
##>  fast_cse_elim                 START            16535382570 ( +0.00)    214748364.70 (   +0.00)             0 (       0)              
##>                                  END            16535382570 ( +0.00)    214748364.70 (   +0.00)             0 (       0)           0  
##>                                  END            16535382570 ( +0.00)    214748364.70 (   +0.00)             0 (       0)           0  
##> dpopt_share_one_def            START            16535382570 ( +0.00)    214748364.70 (   +0.00)             0 (       0)              
##>                                  END            16535382570 ( +0.00)    214748364.70 (   +0.00)             0 (       0)           0  
##> csa_opto                       START            16535382570 ( +0.00)    214748364.70 (   +0.00)             0 (       0)              
##>                                  END            16535382570 ( +0.00)    214748364.70 (   +0.00)             0 (       0)           0  
##>                                  END            16535382570 ( +0.00)    214748364.70 (   +0.00)             0 (       0)           0  
##>context_based_simplify          START            16535382570 ( +0.00)    214748364.70 (   +0.00)             0 (       0)              
##>                                  END            14605182270 (-11.67)    214748364.70 (   +0.00)             0 (       0)           0  
##>group_csa_final_adder_dp        START            14605182270 ( +0.00)    214748364.70 (   +0.00)             0 (       0)              
##>                                  END            14605182270 ( +0.00)    214748364.70 (   +0.00)             0 (       0)           0  
##>dpopt_flatten_critical_muxes_i  START            14605182270 ( +0.00)    214748364.70 (   +0.00)             0 (       0)              
##>                                  END            14605182270 ( +0.00)    214748364.70 (   +0.00)             0 (       0)           0  
##>create_score                    START            14605182270 ( +0.00)    16265.10 (-214732099.60)             0 (       0)              
##>                                  END            14605182270 ( +0.00)    16265.10 (   +0.00)             0 (       0)           0  
##>+------------------------------------------------------------------------------------------------------------------------------------------------------------+
Committed config: CDN_DP_region_12_0_c6
Info    : Done implementing datapath configurations. [DPOPT-4]
        : Selected 'very_fast' configuration 6 for module 'CDN_DP_region_12_0'.
          Optimizations applied to 'very_fast' configuration:
            rewriting(0), factoring(0), sharing(0), cmultcse(0), downsizing(0), speculation(0)
Info    : Implementing datapath configurations. [DPOPT-3]
        : Implementing datapath configurations for 'CDN_DP_region_13_1'
CSAGen Prep Share:0 Re-Write:0 Speculation: 0
CDN_DP_region_13_1 level = 0 loads = 0 drivers = 0
CDN_DP_region_13_1_c0 in qspi_master: area: 2303372358 ,dp = 0 mux = 7 sg = slow         worst_clk_period: -1.0000 
    wns: 0  norm_wns:  -1.0000 
    fail_endp: -1 
    tns:  0  tns_per_endp:  -1.0000   norm_tns_per_endp:  -1.0000 
    tns_sense_max:  -1.0000  tns_sense_avg:  -1.0000   tns_sense_num: -1
 skipped
CDN_DP_region_13_1_c1 in qspi_master: area: 2303372358 ,dp = 0 mux = 7 sg = fast         worst_clk_period: -1.0000 
    wns: 0  norm_wns:  -1.0000 
    fail_endp: -1 
    tns:  0  tns_per_endp:  -1.0000   norm_tns_per_endp:  -1.0000 
    tns_sense_max:  -1.0000  tns_sense_avg:  -1.0000   tns_sense_num: -1
 is current best
CDN_DP_region_13_1_c2 in qspi_master: area: 2303372358 ,dp = 0 mux = 7 sg = very_slow    worst_clk_period: -1.0000 
    wns: 0  norm_wns:  -1.0000 
    fail_endp: -1 
    tns:  0  tns_per_endp:  -1.0000   norm_tns_per_endp:  -1.0000 
    tns_sense_max:  -1.0000  tns_sense_avg:  -1.0000   tns_sense_num: -1
 is current best
CDN_DP_region_13_1_c3 in qspi_master: area: 2303372358 ,dp = 0 mux = 7 sg = very_fast    worst_clk_period: -1.0000 
    wns: 0  norm_wns:  -1.0000 
    fail_endp: -1 
    tns:  0  tns_per_endp:  -1.0000   norm_tns_per_endp:  -1.0000 
    tns_sense_max:  -1.0000  tns_sense_avg:  -1.0000   tns_sense_num: -1
 is current best
CDN_DP_region_13_1_c4 in qspi_master: area: 2303372358 ,dp = 0 mux = 7 sg = very_fast    worst_clk_period: -1.0000 
    wns: 0  norm_wns:  -1.0000 
    fail_endp: -1 
    tns:  0  tns_per_endp:  -1.0000   norm_tns_per_endp:  -1.0000 
    tns_sense_max:  -1.0000  tns_sense_avg:  -1.0000   tns_sense_num: -1
 is current best
CDN_DP_region_13_1_c5 in qspi_master: area: 2303372358 ,dp = 0 mux = 7 sg = very_fast    worst_clk_period: -1.0000 
    wns: 0  norm_wns:  -1.0000 
    fail_endp: -1 
    tns:  0  tns_per_endp:  -1.0000   norm_tns_per_endp:  -1.0000 
    tns_sense_max:  -1.0000  tns_sense_avg:  -1.0000   tns_sense_num: -1
 is current best
CDN_DP_region_13_1_c6 in qspi_master: area: 2303372358 ,dp = 0 mux = 7 sg = very_fast    worst_clk_period: -1.0000 
    wns: 0  norm_wns:  -1.0000 
    fail_endp: -1 
    tns:  0  tns_per_endp:  -1.0000   norm_tns_per_endp:  -1.0000 
    tns_sense_max:  -1.0000  tns_sense_avg:  -1.0000   tns_sense_num: -1
 is current best
CDN_DP_region_13_1_c7 in qspi_master: area: 2303372358 ,dp = 0 mux = 7 sg = very_fast    worst_clk_period: -1.0000 
    wns: 0  norm_wns:  -1.0000 
    fail_endp: -1 
    tns:  0  tns_per_endp:  -1.0000   norm_tns_per_endp:  -1.0000 
    tns_sense_max:  -1.0000  tns_sense_avg:  -1.0000   tns_sense_num: -1
 is current best
Best config: CDN_DP_region_13_1_c7 in qspi_master: area: 2303372358 ,dp = 0 mux = 7 sg = very_fast    worst_clk_period: -1.0000 
    wns: 0  norm_wns:  -1.0000 
    fail_endp: -1 
    tns:  0  tns_per_endp:  -1.0000   norm_tns_per_endp:  -1.0000 
    tns_sense_max:  -1.0000  tns_sense_avg:  -1.0000   tns_sense_num: -1
  Smallest config area : 2303372358.  Fastest config wns;  0
##>+----------------------------------------------------------------------------------------------------------------------------------------------------------------+
##>Summary table of configs (Best config is CDN_DP_region_13_1_c7)
##>+----------------------------------------------------------------------------------------------------------------------------------------------------------------+
##>                     0                  1                  2                  3                  4                  5                  6                  7            
##>+----------------------------------------------------------------------------------------------------------------------------------------------------------------+
##>           Area       2303372358         2303372358         2303372358         2303372358         2303372358         2303372358         2303372358         2303372358  
##>            WNS        +16882.50          +16882.50          +16882.50          +16882.50          +16882.50          +16882.50          +16882.50          +16882.50  
##>            TNS                0                  0                  0                  0                  0                  0                  0                  0  
##>    Num Rewrite                0                  0                  0                  0                  0                  0                  0                  0  
##>     Num Factor                0                  0                  0                  0                  0                  0                  0                  0  
##>      Num Share                0                  0                  0                  0                  0                  0                  0                  0  
##>   Num CmultCse                0                  0                  0                  0                  0                  0                  0                  0  
##>   Num Downsize                0                  0                  0                  0                  0                  0                  0                  0  
##>  Num Speculate                0                  0                  0                  0                  0                  0                  0                  0  
##>     Runtime(s)                0                  0                  0                  0                  0                  0                  0                  0  
+----------------------------------------------------------------------------------------------------------------------------------------------------------------+
##>
##>
##>+------------------------------------------------------------------------------------------------------------------------------------------------------------+
##>Optimization Step DEBUG Table for config CDN_DP_region_13_1_c7
##>
##>                          Step                        Area   ( % Chg)        WNS (Change)        TNS (Change)          Runtime (s)        Comment                   
##>+------------------------------------------------------------------------------------------------------------------------------------------------------------+
##>EquationExtraction              START             2303372358 (      )    16882.50 (        )             0 (        )              
##>                                  END             2303372358 ( +0.00)    16882.50 (   +0.00)             0 (       0)           0  
##>createMaxCarrySave              START             2303372358 ( +0.00)    16882.50 (   +0.00)             0 (       0)              
##> datapath_rewrite_one_def       START             2303372358 ( +0.00)    16882.50 (   +0.00)             0 (       0)              
##>                                  END             2303372358 ( +0.00)    16882.50 (   +0.00)             0 (       0)           0  
##> csa_opto                       START             2303372358 ( +0.00)    16882.50 (   +0.00)             0 (       0)              
##>                                  END             2303372358 ( +0.00)    16882.50 (   +0.00)             0 (       0)           0  
##>                                  END             2303372358 ( +0.00)    16882.50 (   +0.00)             0 (       0)           0  
##>canonicalize_by_names           START             2303372358 ( +0.00)    16882.50 (   +0.00)             0 (       0)              
##>                                  END             2303372358 ( +0.00)    16882.50 (   +0.00)             0 (       0)           0  
##>datapath_rewrite_post_csa_one_  START             2303372358 ( +0.00)    16882.50 (   +0.00)             0 (       0)              
##>                                  END             2303372358 ( +0.00)    16882.50 (   +0.00)             0 (       0)           0  
##>datapath_csa_factoring_one_gde  START             2303372358 ( +0.00)    16882.50 (   +0.00)             0 (       0)              
##>                                  END             2303372358 ( +0.00)    16882.50 (   +0.00)             0 (       0)           0  
##>dpopt_share_one_def             START             2303372358 ( +0.00)    16882.50 (   +0.00)             0 (       0)              
##>                                  END             2303372358 ( +0.00)    16882.50 (   +0.00)             0 (       0)           0  
##>datapath_rewrite_post_share     START             2303372358 ( +0.00)    16882.50 (   +0.00)             0 (       0)              
##>                                  END             2303372358 ( +0.00)    16882.50 (   +0.00)             0 (       0)           0  
##>dp_combine_const_mult_with_com  START             2303372358 ( +0.00)    16882.50 (   +0.00)             0 (       0)              
##>                                  END             2303372358 ( +0.00)    16882.50 (   +0.00)             0 (       0)           0  
##>dp_operator_level_decompositio  START             2303372358 ( +0.00)    16882.50 (   +0.00)             0 (       0)              
##>                                  END             2303372358 ( +0.00)    16882.50 (   +0.00)             0 (       0)           0  
##>selective_flatten_dp_config     START             2303372358 ( +0.00)    16882.50 (   +0.00)             0 (       0)              
##>                                  END             2303372358 ( +0.00)    16882.50 (   +0.00)             0 (       0)           0  
##>createMaxCarrySave              START             2303372358 ( +0.00)    16882.50 (   +0.00)             0 (       0)              
##> datapath_rewrite_one_def       START             2303372358 ( +0.00)    16882.50 (   +0.00)             0 (       0)              
##>  fast_cse_elim                 START             2303372358 ( +0.00)    16882.50 (   +0.00)             0 (       0)              
##>                                  END             2303372358 ( +0.00)    16882.50 (   +0.00)             0 (       0)           0  
##>  fast_cse_elim                 START             2303372358 ( +0.00)    16882.50 (   +0.00)             0 (       0)              
##>                                  END             2303372358 ( +0.00)    16882.50 (   +0.00)             0 (       0)           0  
##>                                  END             2303372358 ( +0.00)    16882.50 (   +0.00)             0 (       0)           0  
##> csa_opto                       START             2303372358 ( +0.00)    16882.50 (   +0.00)             0 (       0)              
##>                                  END             2303372358 ( +0.00)    16882.50 (   +0.00)             0 (       0)           0  
##>                                  END             2303372358 ( +0.00)    16882.50 (   +0.00)             0 (       0)           0  
##>context_based_simplify          START             2303372358 ( +0.00)    16882.50 (   +0.00)             0 (       0)              
##>                                  END             2303372358 ( +0.00)    16882.50 (   +0.00)             0 (       0)           0  
##>group_csa_final_adder_dp        START             2303372358 ( +0.00)    16882.50 (   +0.00)             0 (       0)              
##>                                  END             2303372358 ( +0.00)    16882.50 (   +0.00)             0 (       0)           0  
##>dpopt_flatten_critical_muxes_i  START             2303372358 ( +0.00)    16882.50 (   +0.00)             0 (       0)              
##>                                  END             2303372358 ( +0.00)    16882.50 (   +0.00)             0 (       0)           0  
##>create_score                    START             2303372358 ( +0.00)    16882.50 (   +0.00)             0 (       0)              
##>                                  END             2303372358 ( +0.00)    16882.50 (   +0.00)             0 (       0)           0  
##>+------------------------------------------------------------------------------------------------------------------------------------------------------------+
Committed config: CDN_DP_region_13_1_c7
Info    : Done implementing datapath configurations. [DPOPT-4]
        : Selected 'very_fast' configuration 7 for module 'CDN_DP_region_13_1'.
          Optimizations applied to 'very_fast' configuration:
            rewriting(0), factoring(0), sharing(0), cmultcse(0), downsizing(0), speculation(0)
Info    : Implementing datapath configurations. [DPOPT-3]
        : Implementing datapath configurations for 'CDN_DP_region_10_6'
CSAGen Prep Share:0 Re-Write:0 Speculation: 0
CDN_DP_region_10_6 level = 0 loads = 0 drivers = 0
CDN_DP_region_10_6_c0 in hardware: area: 6910117074 ,dp = 1 mux = 0 sg = slow         worst_clk_period: -1.0000 
    wns: 0  norm_wns:  -1.0000 
    fail_endp: -1 
    tns:  0  tns_per_endp:  -1.0000   norm_tns_per_endp:  -1.0000 
    tns_sense_max:  -1.0000  tns_sense_avg:  -1.0000   tns_sense_num: -1
 skipped
CDN_DP_region_10_6_c1 in hardware: area: 6910117074 ,dp = 1 mux = 0 sg = fast         worst_clk_period: -1.0000 
    wns: 0  norm_wns:  -1.0000 
    fail_endp: -1 
    tns:  0  tns_per_endp:  -1.0000   norm_tns_per_endp:  -1.0000 
    tns_sense_max:  -1.0000  tns_sense_avg:  -1.0000   tns_sense_num: -1
 is current best
CDN_DP_region_10_6_c2 in hardware: area: 6910117074 ,dp = 1 mux = 0 sg = very_slow    worst_clk_period: -1.0000 
    wns: 0  norm_wns:  -1.0000 
    fail_endp: -1 
    tns:  0  tns_per_endp:  -1.0000   norm_tns_per_endp:  -1.0000 
    tns_sense_max:  -1.0000  tns_sense_avg:  -1.0000   tns_sense_num: -1
 is current best
CDN_DP_region_10_6_c3 in hardware: area: 6910117074 ,dp = 1 mux = 0 sg = very_fast    worst_clk_period: -1.0000 
    wns: 0  norm_wns:  -1.0000 
    fail_endp: -1 
    tns:  0  tns_per_endp:  -1.0000   norm_tns_per_endp:  -1.0000 
    tns_sense_max:  -1.0000  tns_sense_avg:  -1.0000   tns_sense_num: -1
 is current best
CDN_DP_region_10_6_c4 in hardware: area: 6910117074 ,dp = 1 mux = 0 sg = very_fast    worst_clk_period: -1.0000 
    wns: 0  norm_wns:  -1.0000 
    fail_endp: -1 
    tns:  0  tns_per_endp:  -1.0000   norm_tns_per_endp:  -1.0000 
    tns_sense_max:  -1.0000  tns_sense_avg:  -1.0000   tns_sense_num: -1
 is current best
CDN_DP_region_10_6_c5 in hardware: area: 6910117074 ,dp = 1 mux = 0 sg = very_fast    worst_clk_period: -1.0000 
    wns: 0  norm_wns:  -1.0000 
    fail_endp: -1 
    tns:  0  tns_per_endp:  -1.0000   norm_tns_per_endp:  -1.0000 
    tns_sense_max:  -1.0000  tns_sense_avg:  -1.0000   tns_sense_num: -1
 is current best
CDN_DP_region_10_6_c6 in hardware: area: 6910117074 ,dp = 1 mux = 0 sg = very_fast    worst_clk_period: -1.0000 
    wns: 0  norm_wns:  -1.0000 
    fail_endp: -1 
    tns:  0  tns_per_endp:  -1.0000   norm_tns_per_endp:  -1.0000 
    tns_sense_max:  -1.0000  tns_sense_avg:  -1.0000   tns_sense_num: -1
 is current best
CDN_DP_region_10_6_c7 in hardware: area: 6910117074 ,dp = 1 mux = 0 sg = very_fast    worst_clk_period: -1.0000 
    wns: 0  norm_wns:  -1.0000 
    fail_endp: -1 
    tns:  0  tns_per_endp:  -1.0000   norm_tns_per_endp:  -1.0000 
    tns_sense_max:  -1.0000  tns_sense_avg:  -1.0000   tns_sense_num: -1
 is current best
Best config: CDN_DP_region_10_6_c7 in hardware: area: 6910117074 ,dp = 1 mux = 0 sg = very_fast    worst_clk_period: -1.0000 
    wns: 0  norm_wns:  -1.0000 
    fail_endp: -1 
    tns:  0  tns_per_endp:  -1.0000   norm_tns_per_endp:  -1.0000 
    tns_sense_max:  -1.0000  tns_sense_avg:  -1.0000   tns_sense_num: -1
  Smallest config area : 6910117074.  Fastest config wns;  0
##>+----------------------------------------------------------------------------------------------------------------------------------------------------------------+
##>Summary table of configs (Best config is CDN_DP_region_10_6_c7)
##>+----------------------------------------------------------------------------------------------------------------------------------------------------------------+
##>                     0                  1                  2                  3                  4                  5                  6                  7            
##>+----------------------------------------------------------------------------------------------------------------------------------------------------------------+
##>           Area       6910117074         6910117074         6910117074         6910117074         6910117074         6910117074         6910117074         6910117074  
##>            WNS        +18528.90          +18528.90          +18528.90          +18528.90          +18528.90          +18528.90          +18528.90          +18528.90  
##>            TNS                0                  0                  0                  0                  0                  0                  0                  0  
##>    Num Rewrite                0                  0                  0                  0                  0                  0                  0                  0  
##>     Num Factor                0                  0                  0                  0                  0                  0                  0                  0  
##>      Num Share                0                  0                  0                  0                  0                  0                  0                  0  
##>   Num CmultCse                0                  0                  0                  0                  0                  0                  0                  0  
##>   Num Downsize                0                  0                  0                  0                  0                  0                  0                  0  
##>  Num Speculate                0                  0                  0                  0                  0                  0                  0                  0  
##>     Runtime(s)                0                  0                  0                  0                  0                  0                  0                  0  
+----------------------------------------------------------------------------------------------------------------------------------------------------------------+
##>
##>
##>+------------------------------------------------------------------------------------------------------------------------------------------------------------+
##>Optimization Step DEBUG Table for config CDN_DP_region_10_6_c7
##>
##>                          Step                        Area   ( % Chg)        WNS (Change)        TNS (Change)          Runtime (s)        Comment                   
##>+------------------------------------------------------------------------------------------------------------------------------------------------------------+
##>EquationExtraction              START             6910117074 (      )    18528.90 (        )             0 (        )              
##>                                  END             6910117074 ( +0.00)    18528.90 (   +0.00)             0 (       0)           0  
##>createMaxCarrySave              START             6910117074 ( +0.00)    18528.90 (   +0.00)             0 (       0)              
##> datapath_rewrite_one_def       START             6910117074 ( +0.00)    18528.90 (   +0.00)             0 (       0)              
##>                                  END             6910117074 ( +0.00)    18528.90 (   +0.00)             0 (       0)           0  
##> csa_opto                       START             6910117074 ( +0.00)    18528.90 (   +0.00)             0 (       0)              
##>                                  END             6910117074 ( +0.00)    18528.90 (   +0.00)             0 (       0)           0  
##>                                  END             6910117074 ( +0.00)    18528.90 (   +0.00)             0 (       0)           0  
##>canonicalize_by_names           START             6910117074 ( +0.00)    18528.90 (   +0.00)             0 (       0)              
##>                                  END             6910117074 ( +0.00)    18528.90 (   +0.00)             0 (       0)           0  
##>datapath_rewrite_post_csa_one_  START             6910117074 ( +0.00)    18528.90 (   +0.00)             0 (       0)              
##>                                  END             6910117074 ( +0.00)    18528.90 (   +0.00)             0 (       0)           0  
##>datapath_csa_factoring_one_gde  START             6910117074 ( +0.00)    18528.90 (   +0.00)             0 (       0)              
##>                                  END             6910117074 ( +0.00)    18528.90 (   +0.00)             0 (       0)           0  
##>dpopt_share_one_def             START             6910117074 ( +0.00)    18528.90 (   +0.00)             0 (       0)              
##>                                  END             6910117074 ( +0.00)    18528.90 (   +0.00)             0 (       0)           0  
##>datapath_rewrite_post_share     START             6910117074 ( +0.00)    18528.90 (   +0.00)             0 (       0)              
##>                                  END             6910117074 ( +0.00)    18528.90 (   +0.00)             0 (       0)           0  
##>dp_combine_const_mult_with_com  START             6910117074 ( +0.00)    18528.90 (   +0.00)             0 (       0)              
##>                                  END             6910117074 ( +0.00)    18528.90 (   +0.00)             0 (       0)           0  
##>dp_operator_level_decompositio  START             6910117074 ( +0.00)    18528.90 (   +0.00)             0 (       0)              
##>                                  END             6910117074 ( +0.00)    18528.90 (   +0.00)             0 (       0)           0  
##>selective_flatten_dp_config     START             6910117074 ( +0.00)    18528.90 (   +0.00)             0 (       0)              
##>                                  END             6910117074 ( +0.00)    18528.90 (   +0.00)             0 (       0)           0  
##>createMaxCarrySave              START             6910117074 ( +0.00)    18528.90 (   +0.00)             0 (       0)              
##> datapath_rewrite_one_def       START             6910117074 ( +0.00)    18528.90 (   +0.00)             0 (       0)              
##>  fast_cse_elim                 START             6910117074 ( +0.00)    18528.90 (   +0.00)             0 (       0)              
##>                                  END             6910117074 ( +0.00)    18528.90 (   +0.00)             0 (       0)           0  
##>  fast_cse_elim                 START             6910117074 ( +0.00)    18528.90 (   +0.00)             0 (       0)              
##>                                  END             6910117074 ( +0.00)    18528.90 (   +0.00)             0 (       0)           0  
##>                                  END             6910117074 ( +0.00)    18528.90 (   +0.00)             0 (       0)           0  
##> csa_opto                       START             6910117074 ( +0.00)    18528.90 (   +0.00)             0 (       0)              
##>                                  END             6910117074 ( +0.00)    18528.90 (   +0.00)             0 (       0)           0  
##>                                  END             6910117074 ( +0.00)    18528.90 (   +0.00)             0 (       0)           0  
##>context_based_simplify          START             6910117074 ( +0.00)    18528.90 (   +0.00)             0 (       0)              
##>                                  END             6910117074 ( +0.00)    18528.90 (   +0.00)             0 (       0)           0  
##>group_csa_final_adder_dp        START             6910117074 ( +0.00)    18528.90 (   +0.00)             0 (       0)              
##>                                  END             6910117074 ( +0.00)    18528.90 (   +0.00)             0 (       0)           0  
##>dpopt_flatten_critical_muxes_i  START             6910117074 ( +0.00)    18528.90 (   +0.00)             0 (       0)              
##>                                  END             6910117074 ( +0.00)    18528.90 (   +0.00)             0 (       0)           0  
##>create_score                    START             6910117074 ( +0.00)    18528.90 (   +0.00)             0 (       0)              
##>                                  END             6910117074 ( +0.00)    18528.90 (   +0.00)             0 (       0)           0  
##>+------------------------------------------------------------------------------------------------------------------------------------------------------------+
Committed config: CDN_DP_region_10_6_c7
Info    : Done implementing datapath configurations. [DPOPT-4]
        : Selected 'very_fast' configuration 7 for module 'CDN_DP_region_10_6'.
          Optimizations applied to 'very_fast' configuration:
            rewriting(0), factoring(0), sharing(0), cmultcse(0), downsizing(0), speculation(0)
Info    : Implementing datapath configurations. [DPOPT-3]
        : Implementing datapath configurations for 'CDN_DP_region_9_0'
CSAGen Prep Share:0 Re-Write:0 Speculation: 0
MaxCSA: Successfully built Maximal CSA Expression Expr12
CDN_DP_region_9_0 level = 0 loads = 0 drivers = 0
CDN_DP_region_9_0_c0 in counter_width16_restart_behav1: area: 1769350275 ,dp = 2 mux = 1 sg = slow         worst_clk_period: -1.0000 
    wns: 0  norm_wns:  -1.0000 
    fail_endp: -1 
    tns:  0  tns_per_endp:  -1.0000   norm_tns_per_endp:  -1.0000 
    tns_sense_max:  -1.0000  tns_sense_avg:  -1.0000   tns_sense_num: -1
 skipped
CDN_DP_region_9_0_c1 in counter_width16_restart_behav1: area: 1569896244 ,dp = 2 mux = 1 sg = fast         worst_clk_period: -1.0000 
    wns: 0  norm_wns:  -1.0000 
    fail_endp: -1 
    tns:  0  tns_per_endp:  -1.0000   norm_tns_per_endp:  -1.0000 
    tns_sense_max:  -1.0000  tns_sense_avg:  -1.0000   tns_sense_num: -1
 is current best
CDN_DP_region_9_0_c2 in counter_width16_restart_behav1: area: 1569896244 ,dp = 2 mux = 1 sg = very_slow    worst_clk_period: -1.0000 
    wns: 0  norm_wns:  -1.0000 
    fail_endp: -1 
    tns:  0  tns_per_endp:  -1.0000   norm_tns_per_endp:  -1.0000 
    tns_sense_max:  -1.0000  tns_sense_avg:  -1.0000   tns_sense_num: -1
 is current best
CDN_DP_region_9_0_c3 in counter_width16_restart_behav1: area: 1569896244 ,dp = 2 mux = 1 sg = very_fast    worst_clk_period: -1.0000 
    wns: 0  norm_wns:  -1.0000 
    fail_endp: -1 
    tns:  0  tns_per_endp:  -1.0000   norm_tns_per_endp:  -1.0000 
    tns_sense_max:  -1.0000  tns_sense_avg:  -1.0000   tns_sense_num: -1
 is current best
CDN_DP_region_9_0_c4 in counter_width16_restart_behav1: area: 1569896244 ,dp = 2 mux = 1 sg = very_fast    worst_clk_period: -1.0000 
    wns: 0  norm_wns:  -1.0000 
    fail_endp: -1 
    tns:  0  tns_per_endp:  -1.0000   norm_tns_per_endp:  -1.0000 
    tns_sense_max:  -1.0000  tns_sense_avg:  -1.0000   tns_sense_num: -1
 is current best
CDN_DP_region_9_0_c5 in counter_width16_restart_behav1: area: 1569896244 ,dp = 2 mux = 1 sg = very_fast    worst_clk_period: -1.0000 
    wns: 0  norm_wns:  -1.0000 
    fail_endp: -1 
    tns:  0  tns_per_endp:  -1.0000   norm_tns_per_endp:  -1.0000 
    tns_sense_max:  -1.0000  tns_sense_avg:  -1.0000   tns_sense_num: -1
 is current best
CDN_DP_region_9_0_c6 in counter_width16_restart_behav1: area: 1569896244 ,dp = 2 mux = 1 sg = very_fast    worst_clk_period: -1.0000 
    wns: 0  norm_wns:  -1.0000 
    fail_endp: -1 
    tns:  0  tns_per_endp:  -1.0000   norm_tns_per_endp:  -1.0000 
    tns_sense_max:  -1.0000  tns_sense_avg:  -1.0000   tns_sense_num: -1
 is current best
CDN_DP_region_9_0_c7 in counter_width16_restart_behav1: area: 4761160740 ,dp = 2 mux = 1 sg = very_fast    worst_clk_period: -1.0000 
    wns: 0  norm_wns:  -1.0000 
    fail_endp: -1 
    tns:  0  tns_per_endp:  -1.0000   norm_tns_per_endp:  -1.0000 
    tns_sense_max:  -1.0000  tns_sense_avg:  -1.0000   tns_sense_num: -1

Best config: CDN_DP_region_9_0_c6 in counter_width16_restart_behav1: area: 1569896244 ,dp = 2 mux = 1 sg = very_fast    worst_clk_period: -1.0000 
    wns: 0  norm_wns:  -1.0000 
    fail_endp: -1 
    tns:  0  tns_per_endp:  -1.0000   norm_tns_per_endp:  -1.0000 
    tns_sense_max:  -1.0000  tns_sense_avg:  -1.0000   tns_sense_num: -1
  Smallest config area : 1569896244.  Fastest config wns;  0
##>+----------------------------------------------------------------------------------------------------------------------------------------------------------------+
##>Summary table of configs (Best config is CDN_DP_region_9_0_c6)
##>+----------------------------------------------------------------------------------------------------------------------------------------------------------------+
##>                     0                  1                  2                  3                  4                  5                  6                  7            
##>+----------------------------------------------------------------------------------------------------------------------------------------------------------------+
##>           Area       1769350275         1569896244         1569896244         1569896244         1569896244         1569896244         1569896244         4761160740  
##>            WNS        +18303.20          +18303.20          +18303.20          +18303.20          +18303.20          +18303.20          +18303.20          +18303.20  
##>            TNS                0                  0                  0                  0                  0                  0                  0                  0  
##>    Num Rewrite                0                  0                  0                  0                  0                  0                  0                  0  
##>     Num Factor                0                  0                  0                  0                  0                  0                  0                  0  
##>      Num Share                0                  0                  0                  0                  0                  0                  0                  0  
##>   Num CmultCse                0                  0                  0                  0                  0                  0                  0                  0  
##>   Num Downsize                0                  0                  0                  0                  0                  0                  0                  0  
##>  Num Speculate                0                  0                  0                  0                  0                  0                  0                  0  
##>     Runtime(s)                0                  0                  0                  0                  0                  0                  0                  0  
+----------------------------------------------------------------------------------------------------------------------------------------------------------------+
##>
##>
##>+------------------------------------------------------------------------------------------------------------------------------------------------------------+
##>Optimization Step DEBUG Table for config CDN_DP_region_9_0_c6
##>
##>                          Step                        Area   ( % Chg)        WNS (Change)        TNS (Change)          Runtime (s)        Comment                   
##>+------------------------------------------------------------------------------------------------------------------------------------------------------------+
##>createMaxCarrySave              START             1769350275 (      )    107392485.60 (        )             0 (        )              
##> datapath_rewrite_one_def       START             1769350275 ( +0.00)    107392485.60 (   +0.00)             0 (       0)              
##>  fast_cse_elim                 START             1769350275 ( +0.00)    107392485.60 (   +0.00)             0 (       0)              
##>                                  END             1769350275 ( +0.00)    107392485.60 (   +0.00)             0 (       0)           0  
##>  fast_cse_elim                 START             1769350275 ( +0.00)    107392485.60 (   +0.00)             0 (       0)              
##>                                  END             1769350275 ( +0.00)    107392485.60 (   +0.00)             0 (       0)           0  
##>                                  END             1769350275 ( +0.00)    107392485.60 (   +0.00)             0 (       0)           0  
##> dpopt_share_one_def            START             1769350275 ( +0.00)    107392485.60 (   +0.00)             0 (       0)              
##>                                  END             1769350275 ( +0.00)    107392485.60 (   +0.00)             0 (       0)           0  
##> csa_opto                       START             1769350275 ( +0.00)    214748364.70 (+107355879.10)             0 (       0)              
##>                                  END             1717878267 ( -2.91)    214748364.70 (   +0.00)             0 (       0)           0  
##>                                  END             1717878267 ( -2.91)    214748364.70 (+107355879.10)             0 (       0)           0  
##>canonicalize_by_names           START             1717878267 ( +0.00)    214748364.70 (   +0.00)             0 (       0)              
##>                                  END             1717878267 ( +0.00)    214748364.70 (   +0.00)             0 (       0)           0  
##>datapath_rewrite_post_csa_one_  START             1717878267 ( +0.00)    214748364.70 (   +0.00)             0 (       0)              
##>                                  END             1717878267 ( +0.00)    214748364.70 (   +0.00)             0 (       0)           0  
##>datapath_csa_factoring_one_gde  START             1717878267 ( +0.00)    214748364.70 (   +0.00)             0 (       0)              
##>                                  END             1717878267 ( +0.00)    214748364.70 (   +0.00)             0 (       0)           0  
##>dpopt_share_one_def             START             1717878267 ( +0.00)    214748364.70 (   +0.00)             0 (       0)              
##>                                  END             1717878267 ( +0.00)    214748364.70 (   +0.00)             0 (       0)           0  
##>datapath_rewrite_post_share     START             1717878267 ( +0.00)    214748364.70 (   +0.00)             0 (       0)              
##>                                  END             1717878267 ( +0.00)    214748364.70 (   +0.00)             0 (       0)           0  
##>dp_combine_const_mult_with_com  START             1717878267 ( +0.00)    214748364.70 (   +0.00)             0 (       0)              
##>                                  END             1717878267 ( +0.00)    214748364.70 (   +0.00)             0 (       0)           0  
##>dp_operator_level_decompositio  START             1717878267 ( +0.00)    214748364.70 (   +0.00)             0 (       0)              
##>                                  END             1717878267 ( +0.00)    214748364.70 (   +0.00)             0 (       0)           0  
##>selective_flatten_dp_config     START             1717878267 ( +0.00)    214748364.70 (   +0.00)             0 (       0)              
##>                                  END             1717878267 ( +0.00)    214748364.70 (   +0.00)             0 (       0)           0  
##>createMaxCarrySave              START             1717878267 ( +0.00)    214748364.70 (   +0.00)             0 (       0)              
##> datapath_rewrite_one_def       START             1717878267 ( +0.00)    214748364.70 (   +0.00)             0 (       0)              
##>  fast_cse_elim                 START             1717878267 ( +0.00)    214748364.70 (   +0.00)             0 (       0)              
##>                                  END             1717878267 ( +0.00)    214748364.70 (   +0.00)             0 (       0)           0  
##>  fast_cse_elim                 START             1717878267 ( +0.00)    214748364.70 (   +0.00)             0 (       0)              
##>                                  END             1717878267 ( +0.00)    214748364.70 (   +0.00)             0 (       0)           0  
##>                                  END             1717878267 ( +0.00)    214748364.70 (   +0.00)             0 (       0)           0  
##> dpopt_share_one_def            START             1717878267 ( +0.00)    214748364.70 (   +0.00)             0 (       0)              
##>                                  END             1717878267 ( +0.00)    214748364.70 (   +0.00)             0 (       0)           0  
##> csa_opto                       START             1717878267 ( +0.00)    214748364.70 (   +0.00)             0 (       0)              
##>                                  END             1717878267 ( +0.00)    214748364.70 (   +0.00)             0 (       0)           0  
##>                                  END             1717878267 ( +0.00)    214748364.70 (   +0.00)             0 (       0)           0  
##>context_based_simplify          START             1717878267 ( +0.00)    214748364.70 (   +0.00)             0 (       0)              
##>                                  END             1569896244 ( -8.61)    214748364.70 (   +0.00)             0 (       0)           0  
##>group_csa_final_adder_dp        START             1569896244 ( +0.00)    214748364.70 (   +0.00)             0 (       0)              
##>                                  END             1569896244 ( +0.00)    214748364.70 (   +0.00)             0 (       0)           0  
##>dpopt_flatten_critical_muxes_i  START             1569896244 ( +0.00)    214748364.70 (   +0.00)             0 (       0)              
##>                                  END             1569896244 ( +0.00)    214748364.70 (   +0.00)             0 (       0)           0  
##>create_score                    START             1569896244 ( +0.00)    18303.20 (-214730061.50)             0 (       0)              
##>                                  END             1569896244 ( +0.00)    18303.20 (   +0.00)             0 (       0)           0  
##>+------------------------------------------------------------------------------------------------------------------------------------------------------------+
Committed config: CDN_DP_region_9_0_c6
Info    : Done implementing datapath configurations. [DPOPT-4]
        : Selected 'very_fast' configuration 6 for module 'CDN_DP_region_9_0'.
          Optimizations applied to 'very_fast' configuration:
            rewriting(0), factoring(0), sharing(0), cmultcse(0), downsizing(0), speculation(0)
Info    : Implementing datapath configurations. [DPOPT-3]
        : Implementing datapath configurations for 'CDN_DP_region_10_8'
CSAGen Prep Share:0 Re-Write:0 Speculation: 0
CDN_DP_region_10_8 level = 0 loads = 0 drivers = 0
MaxCSA: Successfully built Maximal CSA Expression Expr13
CDN_DP_region_10_8_c0 in hardware: area: 41956120521 ,dp = 1 mux = 0 sg = slow         worst_clk_period: -1.0000 
    wns: 0  norm_wns:  -1.0000 
    fail_endp: -1 
    tns:  0  tns_per_endp:  -1.0000   norm_tns_per_endp:  -1.0000 
    tns_sense_max:  -1.0000  tns_sense_avg:  -1.0000   tns_sense_num: -1
 skipped
CDN_DP_region_10_8_c1 in hardware: area: 41956120521 ,dp = 1 mux = 0 sg = fast         worst_clk_period: -1.0000 
    wns: 0  norm_wns:  -1.0000 
    fail_endp: -1 
    tns:  0  tns_per_endp:  -1.0000   norm_tns_per_endp:  -1.0000 
    tns_sense_max:  -1.0000  tns_sense_avg:  -1.0000   tns_sense_num: -1
 is current best
CDN_DP_region_10_8_c2 in hardware: area: 41956120521 ,dp = 1 mux = 0 sg = very_slow    worst_clk_period: -1.0000 
    wns: 0  norm_wns:  -1.0000 
    fail_endp: -1 
    tns:  0  tns_per_endp:  -1.0000   norm_tns_per_endp:  -1.0000 
    tns_sense_max:  -1.0000  tns_sense_avg:  -1.0000   tns_sense_num: -1
 is current best
CDN_DP_region_10_8_c3 in hardware: area: 41956120521 ,dp = 1 mux = 0 sg = very_fast    worst_clk_period: -1.0000 
    wns: 0  norm_wns:  -1.0000 
    fail_endp: -1 
    tns:  0  tns_per_endp:  -1.0000   norm_tns_per_endp:  -1.0000 
    tns_sense_max:  -1.0000  tns_sense_avg:  -1.0000   tns_sense_num: -1
 is current best
CDN_DP_region_10_8_c4 in hardware: area: 41956120521 ,dp = 1 mux = 0 sg = very_fast    worst_clk_period: -1.0000 
    wns: 0  norm_wns:  -1.0000 
    fail_endp: -1 
    tns:  0  tns_per_endp:  -1.0000   norm_tns_per_endp:  -1.0000 
    tns_sense_max:  -1.0000  tns_sense_avg:  -1.0000   tns_sense_num: -1
 is current best
CDN_DP_region_10_8_c5 in hardware: area: 41956120521 ,dp = 1 mux = 0 sg = very_fast    worst_clk_period: -1.0000 
    wns: 0  norm_wns:  -1.0000 
    fail_endp: -1 
    tns:  0  tns_per_endp:  -1.0000   norm_tns_per_endp:  -1.0000 
    tns_sense_max:  -1.0000  tns_sense_avg:  -1.0000   tns_sense_num: -1
 is current best
CDN_DP_region_10_8_c6 in hardware: area: 41956120521 ,dp = 1 mux = 0 sg = very_fast    worst_clk_period: -1.0000 
    wns: 0  norm_wns:  -1.0000 
    fail_endp: -1 
    tns:  0  tns_per_endp:  -1.0000   norm_tns_per_endp:  -1.0000 
    tns_sense_max:  -1.0000  tns_sense_avg:  -1.0000   tns_sense_num: -1
 is current best
CDN_DP_region_10_8_c7 in hardware: area: 41956120521 ,dp = 1 mux = 0 sg = very_fast    worst_clk_period: -1.0000 
    wns: 0  norm_wns:  -1.0000 
    fail_endp: -1 
    tns:  0  tns_per_endp:  -1.0000   norm_tns_per_endp:  -1.0000 
    tns_sense_max:  -1.0000  tns_sense_avg:  -1.0000   tns_sense_num: -1
 is current best
Best config: CDN_DP_region_10_8_c7 in hardware: area: 41956120521 ,dp = 1 mux = 0 sg = very_fast    worst_clk_period: -1.0000 
    wns: 0  norm_wns:  -1.0000 
    fail_endp: -1 
    tns:  0  tns_per_endp:  -1.0000   norm_tns_per_endp:  -1.0000 
    tns_sense_max:  -1.0000  tns_sense_avg:  -1.0000   tns_sense_num: -1
  Smallest config area : 41956120521.  Fastest config wns;  0
##>+----------------------------------------------------------------------------------------------------------------------------------------------------------------+
##>Summary table of configs (Best config is CDN_DP_region_10_8_c7)
##>+----------------------------------------------------------------------------------------------------------------------------------------------------------------+
##>                     0                  1                  2                  3                  4                  5                  6                  7            
##>+----------------------------------------------------------------------------------------------------------------------------------------------------------------+
##>           Area      41956120521        41956120521        41956120521        41956120521        41956120521        41956120521        41956120521        41956120521  
##>            WNS        +17891.00          +17891.00          +17891.00          +17891.00          +17891.00          +17891.00          +17891.00          +17891.00  
##>            TNS                0                  0                  0                  0                  0                  0                  0                  0  
##>    Num Rewrite                0                  0                  0                  0                  0                  0                  0                  0  
##>     Num Factor                0                  0                  0                  0                  0                  0                  0                  0  
##>      Num Share                0                  0                  0                  0                  0                  0                  0                  0  
##>   Num CmultCse                0                  0                  0                  0                  0                  0                  0                  0  
##>   Num Downsize                0                  0                  0                  0                  0                  0                  0                  0  
##>  Num Speculate                0                  0                  0                  0                  0                  0                  0                  0  
##>     Runtime(s)                0                  0                  0                  0                  0                  0                  0                  1  
+----------------------------------------------------------------------------------------------------------------------------------------------------------------+
##>
##>
##>+------------------------------------------------------------------------------------------------------------------------------------------------------------+
##>Optimization Step DEBUG Table for config CDN_DP_region_10_8_c7
##>
##>                          Step                        Area   ( % Chg)        WNS (Change)        TNS (Change)          Runtime (s)        Comment                   
##>+------------------------------------------------------------------------------------------------------------------------------------------------------------+
##>EquationExtraction              START            41956120521 (      )    17891.00 (        )             0 (        )              
##> rewrite                        START           157800308526 (+276.11)    17848.00 (  -43.00)             0 (       0)              (a,ar) Expr13_from --> Expr13_to
##>                                  END           124523655354 (-21.09)    17852.10 (   +4.10)             0 (       0)           0  
##>                                  END            41956120521 ( +0.00)    17891.00 (   +0.00)             0 (       0)           1  
##>createMaxCarrySave              START            41956120521 ( +0.00)    17891.00 (   +0.00)             0 (       0)              
##> datapath_rewrite_one_def       START            41956120521 ( +0.00)    17891.00 (   +0.00)             0 (       0)              
##>                                  END            41956120521 ( +0.00)    17891.00 (   +0.00)             0 (       0)           0  
##> csa_opto                       START            41956120521 ( +0.00)    17891.00 (   +0.00)             0 (       0)              
##>                                  END            41956120521 ( +0.00)    17891.00 (   +0.00)             0 (       0)           0  
##>                                  END            41956120521 ( +0.00)    17891.00 (   +0.00)             0 (       0)           0  
##>canonicalize_by_names           START            41956120521 ( +0.00)    17891.00 (   +0.00)             0 (       0)              
##>                                  END            41956120521 ( +0.00)    17891.00 (   +0.00)             0 (       0)           0  
##>datapath_rewrite_post_csa_one_  START            41956120521 ( +0.00)    17891.00 (   +0.00)             0 (       0)              
##>                                  END            41956120521 ( +0.00)    17891.00 (   +0.00)             0 (       0)           0  
##>datapath_csa_factoring_one_gde  START            41956120521 ( +0.00)    17891.00 (   +0.00)             0 (       0)              
##>                                  END            41956120521 ( +0.00)    17891.00 (   +0.00)             0 (       0)           0  
##>dpopt_share_one_def             START            41956120521 ( +0.00)    17891.00 (   +0.00)             0 (       0)              
##>                                  END            41956120521 ( +0.00)    17891.00 (   +0.00)             0 (       0)           0  
##>datapath_rewrite_post_share     START            41956120521 ( +0.00)    17891.00 (   +0.00)             0 (       0)              
##>                                  END            41956120521 ( +0.00)    17891.00 (   +0.00)             0 (       0)           0  
##>dp_combine_const_mult_with_com  START            41956120521 ( +0.00)    17891.00 (   +0.00)             0 (       0)              
##>                                  END            41956120521 ( +0.00)    17891.00 (   +0.00)             0 (       0)           0  
##>dp_operator_level_decompositio  START            41956120521 ( +0.00)    17891.00 (   +0.00)             0 (       0)              
##>                                  END            41956120521 ( +0.00)    17891.00 (   +0.00)             0 (       0)           0  
##>selective_flatten_dp_config     START            41956120521 ( +0.00)    17891.00 (   +0.00)             0 (       0)              
##>                                  END            41956120521 ( +0.00)    17891.00 (   +0.00)             0 (       0)           0  
##>createMaxCarrySave              START            41956120521 ( +0.00)    17891.00 (   +0.00)             0 (       0)              
##> datapath_rewrite_one_def       START            41956120521 ( +0.00)    17891.00 (   +0.00)             0 (       0)              
##>  fast_cse_elim                 START            41956120521 ( +0.00)    17891.00 (   +0.00)             0 (       0)              
##>                                  END            41956120521 ( +0.00)    17891.00 (   +0.00)             0 (       0)           0  
##>  fast_cse_elim                 START            41956120521 ( +0.00)    17891.00 (   +0.00)             0 (       0)              
##>                                  END            41956120521 ( +0.00)    17891.00 (   +0.00)             0 (       0)           0  
##>                                  END            41956120521 ( +0.00)    17891.00 (   +0.00)             0 (       0)           0  
##> csa_opto                       START            41956120521 ( +0.00)    17891.00 (   +0.00)             0 (       0)              
##>                                  END            41956120521 ( +0.00)    17891.00 (   +0.00)             0 (       0)           0  
##>                                  END            41956120521 ( +0.00)    17891.00 (   +0.00)             0 (       0)           0  
##>context_based_simplify          START            41956120521 ( +0.00)    17891.00 (   +0.00)             0 (       0)              
##>                                  END            41956120521 ( +0.00)    17891.00 (   +0.00)             0 (       0)           0  
##>group_csa_final_adder_dp        START            41956120521 ( +0.00)    17891.00 (   +0.00)             0 (       0)              
##>                                  END            41956120521 ( +0.00)    17891.00 (   +0.00)             0 (       0)           0  
##>dpopt_flatten_critical_muxes_i  START            41956120521 ( +0.00)    17891.00 (   +0.00)             0 (       0)              
##>                                  END            41956120521 ( +0.00)    17891.00 (   +0.00)             0 (       0)           0  
##>create_score                    START            41956120521 ( +0.00)    17891.00 (   +0.00)             0 (       0)              
##>                                  END            41956120521 ( +0.00)    17891.00 (   +0.00)             0 (       0)           0  
##>+------------------------------------------------------------------------------------------------------------------------------------------------------------+
Committed config: CDN_DP_region_10_8_c7
Info    : Done implementing datapath configurations. [DPOPT-4]
        : Selected 'very_fast' configuration 7 for module 'CDN_DP_region_10_8'.
          Optimizations applied to 'very_fast' configuration:
            rewriting(0), factoring(0), sharing(0), cmultcse(0), downsizing(0), speculation(0)
Info    : Implementing datapath configurations. [DPOPT-3]
        : Implementing datapath configurations for 'CDN_DP_region_10_7'
CSAGen Prep Share:0 Re-Write:0 Speculation: 0
CDN_DP_region_10_7 level = 0 loads = 0 drivers = 0
MaxCSA: Successfully built Maximal CSA Expression Expr14
CDN_DP_region_10_7_c0 in hardware: area: 37928435895 ,dp = 1 mux = 0 sg = slow         worst_clk_period: -1.0000 
    wns: 0  norm_wns:  -1.0000 
    fail_endp: -1 
    tns:  0  tns_per_endp:  -1.0000   norm_tns_per_endp:  -1.0000 
    tns_sense_max:  -1.0000  tns_sense_avg:  -1.0000   tns_sense_num: -1
 skipped
CDN_DP_region_10_7_c1 in hardware: area: 37928435895 ,dp = 1 mux = 0 sg = fast         worst_clk_period: -1.0000 
    wns: 0  norm_wns:  -1.0000 
    fail_endp: -1 
    tns:  0  tns_per_endp:  -1.0000   norm_tns_per_endp:  -1.0000 
    tns_sense_max:  -1.0000  tns_sense_avg:  -1.0000   tns_sense_num: -1
 is current best
CDN_DP_region_10_7_c2 in hardware: area: 37928435895 ,dp = 1 mux = 0 sg = very_slow    worst_clk_period: -1.0000 
    wns: 0  norm_wns:  -1.0000 
    fail_endp: -1 
    tns:  0  tns_per_endp:  -1.0000   norm_tns_per_endp:  -1.0000 
    tns_sense_max:  -1.0000  tns_sense_avg:  -1.0000   tns_sense_num: -1
 is current best
CDN_DP_region_10_7_c3 in hardware: area: 37928435895 ,dp = 1 mux = 0 sg = very_fast    worst_clk_period: -1.0000 
    wns: 0  norm_wns:  -1.0000 
    fail_endp: -1 
    tns:  0  tns_per_endp:  -1.0000   norm_tns_per_endp:  -1.0000 
    tns_sense_max:  -1.0000  tns_sense_avg:  -1.0000   tns_sense_num: -1
 is current best
CDN_DP_region_10_7_c4 in hardware: area: 37928435895 ,dp = 1 mux = 0 sg = very_fast    worst_clk_period: -1.0000 
    wns: 0  norm_wns:  -1.0000 
    fail_endp: -1 
    tns:  0  tns_per_endp:  -1.0000   norm_tns_per_endp:  -1.0000 
    tns_sense_max:  -1.0000  tns_sense_avg:  -1.0000   tns_sense_num: -1
 is current best
CDN_DP_region_10_7_c5 in hardware: area: 37928435895 ,dp = 1 mux = 0 sg = very_fast    worst_clk_period: -1.0000 
    wns: 0  norm_wns:  -1.0000 
    fail_endp: -1 
    tns:  0  tns_per_endp:  -1.0000   norm_tns_per_endp:  -1.0000 
    tns_sense_max:  -1.0000  tns_sense_avg:  -1.0000   tns_sense_num: -1
 is current best
CDN_DP_region_10_7_c6 in hardware: area: 37928435895 ,dp = 1 mux = 0 sg = very_fast    worst_clk_period: -1.0000 
    wns: 0  norm_wns:  -1.0000 
    fail_endp: -1 
    tns:  0  tns_per_endp:  -1.0000   norm_tns_per_endp:  -1.0000 
    tns_sense_max:  -1.0000  tns_sense_avg:  -1.0000   tns_sense_num: -1
 is current best
CDN_DP_region_10_7_c7 in hardware: area: 37928435895 ,dp = 1 mux = 0 sg = very_fast    worst_clk_period: -1.0000 
    wns: 0  norm_wns:  -1.0000 
    fail_endp: -1 
    tns:  0  tns_per_endp:  -1.0000   norm_tns_per_endp:  -1.0000 
    tns_sense_max:  -1.0000  tns_sense_avg:  -1.0000   tns_sense_num: -1
 is current best
Best config: CDN_DP_region_10_7_c7 in hardware: area: 37928435895 ,dp = 1 mux = 0 sg = very_fast    worst_clk_period: -1.0000 
    wns: 0  norm_wns:  -1.0000 
    fail_endp: -1 
    tns:  0  tns_per_endp:  -1.0000   norm_tns_per_endp:  -1.0000 
    tns_sense_max:  -1.0000  tns_sense_avg:  -1.0000   tns_sense_num: -1
  Smallest config area : 37928435895.  Fastest config wns;  0
##>+----------------------------------------------------------------------------------------------------------------------------------------------------------------+
##>Summary table of configs (Best config is CDN_DP_region_10_7_c7)
##>+----------------------------------------------------------------------------------------------------------------------------------------------------------------+
##>                     0                  1                  2                  3                  4                  5                  6                  7            
##>+----------------------------------------------------------------------------------------------------------------------------------------------------------------+
##>           Area      37928435895        37928435895        37928435895        37928435895        37928435895        37928435895        37928435895        37928435895  
##>            WNS        +17881.70          +17881.70          +17881.70          +17881.70          +17881.70          +17881.70          +17881.70          +17881.70  
##>            TNS                0                  0                  0                  0                  0                  0                  0                  0  
##>    Num Rewrite                0                  0                  0                  0                  0                  0                  0                  0  
##>     Num Factor                0                  0                  0                  0                  0                  0                  0                  0  
##>      Num Share                0                  0                  0                  0                  0                  0                  0                  0  
##>   Num CmultCse                0                  0                  0                  0                  0                  0                  0                  0  
##>   Num Downsize                0                  0                  0                  0                  0                  0                  0                  0  
##>  Num Speculate                0                  0                  0                  0                  0                  0                  0                  0  
##>     Runtime(s)                0                  0                  0                  0                  0                  0                  0                  1  
+----------------------------------------------------------------------------------------------------------------------------------------------------------------+
##>
##>
##>+------------------------------------------------------------------------------------------------------------------------------------------------------------+
##>Optimization Step DEBUG Table for config CDN_DP_region_10_7_c7
##>
##>                          Step                        Area   ( % Chg)        WNS (Change)        TNS (Change)          Runtime (s)        Comment                   
##>+------------------------------------------------------------------------------------------------------------------------------------------------------------+
##>EquationExtraction              START            37928435895 (      )    17881.70 (        )             0 (        )              
##> rewrite                        START           150761511432 (+297.49)    17840.80 (  -40.90)             0 (       0)              (a,ar) Expr14_from --> Expr14_to
##>                                  END           120495970728 (-20.08)    17842.80 (   +2.00)             0 (       0)           0  
##>                                  END            37928435895 ( +0.00)    17881.70 (   +0.00)             0 (       0)           1  
##>createMaxCarrySave              START            37928435895 ( +0.00)    17881.70 (   +0.00)             0 (       0)              
##> datapath_rewrite_one_def       START            37928435895 ( +0.00)    17881.70 (   +0.00)             0 (       0)              
##>                                  END            37928435895 ( +0.00)    17881.70 (   +0.00)             0 (       0)           0  
##> csa_opto                       START            37928435895 ( +0.00)    17881.70 (   +0.00)             0 (       0)              
##>                                  END            37928435895 ( +0.00)    17881.70 (   +0.00)             0 (       0)           0  
##>                                  END            37928435895 ( +0.00)    17881.70 (   +0.00)             0 (       0)           0  
##>canonicalize_by_names           START            37928435895 ( +0.00)    17881.70 (   +0.00)             0 (       0)              
##>                                  END            37928435895 ( +0.00)    17881.70 (   +0.00)             0 (       0)           0  
##>datapath_rewrite_post_csa_one_  START            37928435895 ( +0.00)    17881.70 (   +0.00)             0 (       0)              
##>                                  END            37928435895 ( +0.00)    17881.70 (   +0.00)             0 (       0)           0  
##>datapath_csa_factoring_one_gde  START            37928435895 ( +0.00)    17881.70 (   +0.00)             0 (       0)              
##>                                  END            37928435895 ( +0.00)    17881.70 (   +0.00)             0 (       0)           0  
##>dpopt_share_one_def             START            37928435895 ( +0.00)    17881.70 (   +0.00)             0 (       0)              
##>                                  END            37928435895 ( +0.00)    17881.70 (   +0.00)             0 (       0)           0  
##>datapath_rewrite_post_share     START            37928435895 ( +0.00)    17881.70 (   +0.00)             0 (       0)              
##>                                  END            37928435895 ( +0.00)    17881.70 (   +0.00)             0 (       0)           0  
##>dp_combine_const_mult_with_com  START            37928435895 ( +0.00)    17881.70 (   +0.00)             0 (       0)              
##>                                  END            37928435895 ( +0.00)    17881.70 (   +0.00)             0 (       0)           0  
##>dp_operator_level_decompositio  START            37928435895 ( +0.00)    17881.70 (   +0.00)             0 (       0)              
##>                                  END            37928435895 ( +0.00)    17881.70 (   +0.00)             0 (       0)           0  
##>selective_flatten_dp_config     START            37928435895 ( +0.00)    17881.70 (   +0.00)             0 (       0)              
##>                                  END            37928435895 ( +0.00)    17881.70 (   +0.00)             0 (       0)           0  
##>createMaxCarrySave              START            37928435895 ( +0.00)    17881.70 (   +0.00)             0 (       0)              
##> datapath_rewrite_one_def       START            37928435895 ( +0.00)    17881.70 (   +0.00)             0 (       0)              
##>  fast_cse_elim                 START            37928435895 ( +0.00)    17881.70 (   +0.00)             0 (       0)              
##>                                  END            37928435895 ( +0.00)    17881.70 (   +0.00)             0 (       0)           0  
##>  fast_cse_elim                 START            37928435895 ( +0.00)    17881.70 (   +0.00)             0 (       0)              
##>                                  END            37928435895 ( +0.00)    17881.70 (   +0.00)             0 (       0)           0  
##>                                  END            37928435895 ( +0.00)    17881.70 (   +0.00)             0 (       0)           0  
##> csa_opto                       START            37928435895 ( +0.00)    17881.70 (   +0.00)             0 (       0)              
##>                                  END            37928435895 ( +0.00)    17881.70 (   +0.00)             0 (       0)           0  
##>                                  END            37928435895 ( +0.00)    17881.70 (   +0.00)             0 (       0)           0  
##>context_based_simplify          START            37928435895 ( +0.00)    17881.70 (   +0.00)             0 (       0)              
##>                                  END            37928435895 ( +0.00)    17881.70 (   +0.00)             0 (       0)           0  
##>group_csa_final_adder_dp        START            37928435895 ( +0.00)    17881.70 (   +0.00)             0 (       0)              
##>                                  END            37928435895 ( +0.00)    17881.70 (   +0.00)             0 (       0)           0  
##>dpopt_flatten_critical_muxes_i  START            37928435895 ( +0.00)    17881.70 (   +0.00)             0 (       0)              
##>                                  END            37928435895 ( +0.00)    17881.70 (   +0.00)             0 (       0)           0  
##>create_score                    START            37928435895 ( +0.00)    17881.70 (   +0.00)             0 (       0)              
##>                                  END            37928435895 ( +0.00)    17881.70 (   +0.00)             0 (       0)           0  
##>+------------------------------------------------------------------------------------------------------------------------------------------------------------+
Committed config: CDN_DP_region_10_7_c7
Info    : Done implementing datapath configurations. [DPOPT-4]
        : Selected 'very_fast' configuration 7 for module 'CDN_DP_region_10_7'.
          Optimizations applied to 'very_fast' configuration:
            rewriting(0), factoring(0), sharing(0), cmultcse(0), downsizing(0), speculation(0)
Info    : Implementing datapath configurations. [DPOPT-3]
        : Implementing datapath configurations for 'CDN_DP_region_8_0'
CSAGen Prep Share:0 Re-Write:0 Speculation: 0
MaxCSA: Successfully built Maximal CSA Expression Expr15
CDN_DP_region_8_0 level = 0 loads = 0 drivers = 0
CDN_DP_region_8_0_c0 in counter_width12_restart_behav1: area: 1273932198 ,dp = 2 mux = 1 sg = slow         worst_clk_period: -1.0000 
    wns: 0  norm_wns:  -1.0000 
    fail_endp: -1 
    tns:  0  tns_per_endp:  -1.0000   norm_tns_per_endp:  -1.0000 
    tns_sense_max:  -1.0000  tns_sense_avg:  -1.0000   tns_sense_num: -1
 skipped
CDN_DP_region_8_0_c1 in counter_width12_restart_behav1: area: 1138818177 ,dp = 2 mux = 1 sg = fast         worst_clk_period: -1.0000 
    wns: 0  norm_wns:  -1.0000 
    fail_endp: -1 
    tns:  0  tns_per_endp:  -1.0000   norm_tns_per_endp:  -1.0000 
    tns_sense_max:  -1.0000  tns_sense_avg:  -1.0000   tns_sense_num: -1
 is current best
CDN_DP_region_8_0_c2 in counter_width12_restart_behav1: area: 1138818177 ,dp = 2 mux = 1 sg = very_slow    worst_clk_period: -1.0000 
    wns: 0  norm_wns:  -1.0000 
    fail_endp: -1 
    tns:  0  tns_per_endp:  -1.0000   norm_tns_per_endp:  -1.0000 
    tns_sense_max:  -1.0000  tns_sense_avg:  -1.0000   tns_sense_num: -1
 is current best
CDN_DP_region_8_0_c3 in counter_width12_restart_behav1: area: 1138818177 ,dp = 2 mux = 1 sg = very_fast    worst_clk_period: -1.0000 
    wns: 0  norm_wns:  -1.0000 
    fail_endp: -1 
    tns:  0  tns_per_endp:  -1.0000   norm_tns_per_endp:  -1.0000 
    tns_sense_max:  -1.0000  tns_sense_avg:  -1.0000   tns_sense_num: -1
 is current best
CDN_DP_region_8_0_c4 in counter_width12_restart_behav1: area: 1138818177 ,dp = 2 mux = 1 sg = very_fast    worst_clk_period: -1.0000 
    wns: 0  norm_wns:  -1.0000 
    fail_endp: -1 
    tns:  0  tns_per_endp:  -1.0000   norm_tns_per_endp:  -1.0000 
    tns_sense_max:  -1.0000  tns_sense_avg:  -1.0000   tns_sense_num: -1
 is current best
CDN_DP_region_8_0_c5 in counter_width12_restart_behav1: area: 1138818177 ,dp = 2 mux = 1 sg = very_fast    worst_clk_period: -1.0000 
    wns: 0  norm_wns:  -1.0000 
    fail_endp: -1 
    tns:  0  tns_per_endp:  -1.0000   norm_tns_per_endp:  -1.0000 
    tns_sense_max:  -1.0000  tns_sense_avg:  -1.0000   tns_sense_num: -1
 is current best
CDN_DP_region_8_0_c6 in counter_width12_restart_behav1: area: 1138818177 ,dp = 2 mux = 1 sg = very_fast    worst_clk_period: -1.0000 
    wns: 0  norm_wns:  -1.0000 
    fail_endp: -1 
    tns:  0  tns_per_endp:  -1.0000   norm_tns_per_endp:  -1.0000 
    tns_sense_max:  -1.0000  tns_sense_avg:  -1.0000   tns_sense_num: -1
 is current best
CDN_DP_region_8_0_c7 in counter_width12_restart_behav1: area: 3217000500 ,dp = 2 mux = 1 sg = very_fast    worst_clk_period: -1.0000 
    wns: 0  norm_wns:  -1.0000 
    fail_endp: -1 
    tns:  0  tns_per_endp:  -1.0000   norm_tns_per_endp:  -1.0000 
    tns_sense_max:  -1.0000  tns_sense_avg:  -1.0000   tns_sense_num: -1

Best config: CDN_DP_region_8_0_c6 in counter_width12_restart_behav1: area: 1138818177 ,dp = 2 mux = 1 sg = very_fast    worst_clk_period: -1.0000 
    wns: 0  norm_wns:  -1.0000 
    fail_endp: -1 
    tns:  0  tns_per_endp:  -1.0000   norm_tns_per_endp:  -1.0000 
    tns_sense_max:  -1.0000  tns_sense_avg:  -1.0000   tns_sense_num: -1
  Smallest config area : 1138818177.  Fastest config wns;  0
##>+----------------------------------------------------------------------------------------------------------------------------------------------------------------+
##>Summary table of configs (Best config is CDN_DP_region_8_0_c6)
##>+----------------------------------------------------------------------------------------------------------------------------------------------------------------+
##>                     0                  1                  2                  3                  4                  5                  6                  7            
##>+----------------------------------------------------------------------------------------------------------------------------------------------------------------+
##>           Area       1273932198         1138818177         1138818177         1138818177         1138818177         1138818177         1138818177         3217000500  
##>            WNS        +18303.20          +18303.20          +18303.20          +18303.20          +18303.20          +18303.20          +18303.20          +18303.20  
##>            TNS                0                  0                  0                  0                  0                  0                  0                  0  
##>    Num Rewrite                0                  0                  0                  0                  0                  0                  0                  0  
##>     Num Factor                0                  0                  0                  0                  0                  0                  0                  0  
##>      Num Share                0                  0                  0                  0                  0                  0                  0                  0  
##>   Num CmultCse                0                  0                  0                  0                  0                  0                  0                  0  
##>   Num Downsize                0                  0                  0                  0                  0                  0                  0                  0  
##>  Num Speculate                0                  0                  0                  0                  0                  0                  0                  0  
##>     Runtime(s)                0                  0                  0                  0                  0                  0                  0                  0  
+----------------------------------------------------------------------------------------------------------------------------------------------------------------+
##>
##>
##>+------------------------------------------------------------------------------------------------------------------------------------------------------------+
##>Optimization Step DEBUG Table for config CDN_DP_region_8_0_c6
##>
##>                          Step                        Area   ( % Chg)        WNS (Change)        TNS (Change)          Runtime (s)        Comment                   
##>+------------------------------------------------------------------------------------------------------------------------------------------------------------+
##>createMaxCarrySave              START             1273932198 (      )    107392485.60 (        )             0 (        )              
##> datapath_rewrite_one_def       START             1273932198 ( +0.00)    107392485.60 (   +0.00)             0 (       0)              
##>  fast_cse_elim                 START             1273932198 ( +0.00)    107392485.60 (   +0.00)             0 (       0)              
##>                                  END             1273932198 ( +0.00)    107392485.60 (   +0.00)             0 (       0)           0  
##>  fast_cse_elim                 START             1273932198 ( +0.00)    107392485.60 (   +0.00)             0 (       0)              
##>                                  END             1273932198 ( +0.00)    107392485.60 (   +0.00)             0 (       0)           0  
##>                                  END             1273932198 ( +0.00)    107392485.60 (   +0.00)             0 (       0)           0  
##> dpopt_share_one_def            START             1273932198 ( +0.00)    107392485.60 (   +0.00)             0 (       0)              
##>                                  END             1273932198 ( +0.00)    107392485.60 (   +0.00)             0 (       0)           0  
##> csa_opto                       START             1273932198 ( +0.00)    214748364.70 (+107355879.10)             0 (       0)              
##>                                  END             1228894191 ( -3.54)    214748364.70 (   +0.00)             0 (       0)           0  
##>                                  END             1228894191 ( -3.54)    214748364.70 (+107355879.10)             0 (       0)           0  
##>canonicalize_by_names           START             1228894191 ( +0.00)    214748364.70 (   +0.00)             0 (       0)              
##>                                  END             1228894191 ( +0.00)    214748364.70 (   +0.00)             0 (       0)           0  
##>datapath_rewrite_post_csa_one_  START             1228894191 ( +0.00)    214748364.70 (   +0.00)             0 (       0)              
##>                                  END             1228894191 ( +0.00)    214748364.70 (   +0.00)             0 (       0)           0  
##>datapath_csa_factoring_one_gde  START             1228894191 ( +0.00)    214748364.70 (   +0.00)             0 (       0)              
##>                                  END             1228894191 ( +0.00)    214748364.70 (   +0.00)             0 (       0)           0  
##>dpopt_share_one_def             START             1228894191 ( +0.00)    214748364.70 (   +0.00)             0 (       0)              
##>                                  END             1228894191 ( +0.00)    214748364.70 (   +0.00)             0 (       0)           0  
##>datapath_rewrite_post_share     START             1228894191 ( +0.00)    214748364.70 (   +0.00)             0 (       0)              
##>                                  END             1228894191 ( +0.00)    214748364.70 (   +0.00)             0 (       0)           0  
##>dp_combine_const_mult_with_com  START             1228894191 ( +0.00)    214748364.70 (   +0.00)             0 (       0)              
##>                                  END             1228894191 ( +0.00)    214748364.70 (   +0.00)             0 (       0)           0  
##>dp_operator_level_decompositio  START             1228894191 ( +0.00)    214748364.70 (   +0.00)             0 (       0)              
##>                                  END             1228894191 ( +0.00)    214748364.70 (   +0.00)             0 (       0)           0  
##>selective_flatten_dp_config     START             1228894191 ( +0.00)    214748364.70 (   +0.00)             0 (       0)              
##>                                  END             1228894191 ( +0.00)    214748364.70 (   +0.00)             0 (       0)           0  
##>createMaxCarrySave              START             1228894191 ( +0.00)    214748364.70 (   +0.00)             0 (       0)              
##> datapath_rewrite_one_def       START             1228894191 ( +0.00)    214748364.70 (   +0.00)             0 (       0)              
##>  fast_cse_elim                 START             1228894191 ( +0.00)    214748364.70 (   +0.00)             0 (       0)              
##>                                  END             1228894191 ( +0.00)    214748364.70 (   +0.00)             0 (       0)           0  
##>  fast_cse_elim                 START             1228894191 ( +0.00)    214748364.70 (   +0.00)             0 (       0)              
##>                                  END             1228894191 ( +0.00)    214748364.70 (   +0.00)             0 (       0)           0  
##>                                  END             1228894191 ( +0.00)    214748364.70 (   +0.00)             0 (       0)           0  
##> dpopt_share_one_def            START             1228894191 ( +0.00)    214748364.70 (   +0.00)             0 (       0)              
##>                                  END             1228894191 ( +0.00)    214748364.70 (   +0.00)             0 (       0)           0  
##> csa_opto                       START             1228894191 ( +0.00)    214748364.70 (   +0.00)             0 (       0)              
##>                                  END             1228894191 ( +0.00)    214748364.70 (   +0.00)             0 (       0)           0  
##>                                  END             1228894191 ( +0.00)    214748364.70 (   +0.00)             0 (       0)           0  
##>context_based_simplify          START             1228894191 ( +0.00)    214748364.70 (   +0.00)             0 (       0)              
##>                                  END             1138818177 ( -7.33)    214748364.70 (   +0.00)             0 (       0)           0  
##>group_csa_final_adder_dp        START             1138818177 ( +0.00)    214748364.70 (   +0.00)             0 (       0)              
##>                                  END             1138818177 ( +0.00)    214748364.70 (   +0.00)             0 (       0)           0  
##>dpopt_flatten_critical_muxes_i  START             1138818177 ( +0.00)    214748364.70 (   +0.00)             0 (       0)              
##>                                  END             1138818177 ( +0.00)    214748364.70 (   +0.00)             0 (       0)           0  
##>create_score                    START             1138818177 ( +0.00)    18303.20 (-214730061.50)             0 (       0)              
##>                                  END             1138818177 ( +0.00)    18303.20 (   +0.00)             0 (       0)           0  
##>+------------------------------------------------------------------------------------------------------------------------------------------------------------+
Committed config: CDN_DP_region_8_0_c6
Info    : Done implementing datapath configurations. [DPOPT-4]
        : Selected 'very_fast' configuration 6 for module 'CDN_DP_region_8_0'.
          Optimizations applied to 'very_fast' configuration:
            rewriting(0), factoring(0), sharing(0), cmultcse(0), downsizing(0), speculation(0)
Info    : Implementing datapath configurations. [DPOPT-3]
        : Implementing datapath configurations for 'CDN_DP_region_10_5'
CSAGen Prep Share:0 Re-Write:0 Speculation: 0
CDN_DP_region_10_5 level = 0 loads = 0 drivers = 0
CDN_DP_region_10_5_c0 in hardware: area: 849288132 ,dp = 0 mux = 1 sg = slow         worst_clk_period: -1.0000 
    wns: 0  norm_wns:  -1.0000 
    fail_endp: -1 
    tns:  0  tns_per_endp:  -1.0000   norm_tns_per_endp:  -1.0000 
    tns_sense_max:  -1.0000  tns_sense_avg:  -1.0000   tns_sense_num: -1
 skipped
CDN_DP_region_10_5_c1 in hardware: area: 849288132 ,dp = 0 mux = 1 sg = fast         worst_clk_period: -1.0000 
    wns: 0  norm_wns:  -1.0000 
    fail_endp: -1 
    tns:  0  tns_per_endp:  -1.0000   norm_tns_per_endp:  -1.0000 
    tns_sense_max:  -1.0000  tns_sense_avg:  -1.0000   tns_sense_num: -1
 is current best
CDN_DP_region_10_5_c2 in hardware: area: 849288132 ,dp = 0 mux = 1 sg = very_slow    worst_clk_period: -1.0000 
    wns: 0  norm_wns:  -1.0000 
    fail_endp: -1 
    tns:  0  tns_per_endp:  -1.0000   norm_tns_per_endp:  -1.0000 
    tns_sense_max:  -1.0000  tns_sense_avg:  -1.0000   tns_sense_num: -1
 is current best
CDN_DP_region_10_5_c3 in hardware: area: 849288132 ,dp = 0 mux = 1 sg = very_fast    worst_clk_period: -1.0000 
    wns: 0  norm_wns:  -1.0000 
    fail_endp: -1 
    tns:  0  tns_per_endp:  -1.0000   norm_tns_per_endp:  -1.0000 
    tns_sense_max:  -1.0000  tns_sense_avg:  -1.0000   tns_sense_num: -1
 is current best
CDN_DP_region_10_5_c4 in hardware: area: 849288132 ,dp = 0 mux = 1 sg = very_fast    worst_clk_period: -1.0000 
    wns: 0  norm_wns:  -1.0000 
    fail_endp: -1 
    tns:  0  tns_per_endp:  -1.0000   norm_tns_per_endp:  -1.0000 
    tns_sense_max:  -1.0000  tns_sense_avg:  -1.0000   tns_sense_num: -1
 is current best
CDN_DP_region_10_5_c5 in hardware: area: 849288132 ,dp = 0 mux = 1 sg = very_fast    worst_clk_period: -1.0000 
    wns: 0  norm_wns:  -1.0000 
    fail_endp: -1 
    tns:  0  tns_per_endp:  -1.0000   norm_tns_per_endp:  -1.0000 
    tns_sense_max:  -1.0000  tns_sense_avg:  -1.0000   tns_sense_num: -1
 is current best
CDN_DP_region_10_5_c6 in hardware: area: 849288132 ,dp = 0 mux = 1 sg = very_fast    worst_clk_period: -1.0000 
    wns: 0  norm_wns:  -1.0000 
    fail_endp: -1 
    tns:  0  tns_per_endp:  -1.0000   norm_tns_per_endp:  -1.0000 
    tns_sense_max:  -1.0000  tns_sense_avg:  -1.0000   tns_sense_num: -1
 is current best
CDN_DP_region_10_5_c7 in hardware: area: 849288132 ,dp = 0 mux = 1 sg = very_fast    worst_clk_period: -1.0000 
    wns: 0  norm_wns:  -1.0000 
    fail_endp: -1 
    tns:  0  tns_per_endp:  -1.0000   norm_tns_per_endp:  -1.0000 
    tns_sense_max:  -1.0000  tns_sense_avg:  -1.0000   tns_sense_num: -1
 is current best
Best config: CDN_DP_region_10_5_c7 in hardware: area: 849288132 ,dp = 0 mux = 1 sg = very_fast    worst_clk_period: -1.0000 
    wns: 0  norm_wns:  -1.0000 
    fail_endp: -1 
    tns:  0  tns_per_endp:  -1.0000   norm_tns_per_endp:  -1.0000 
    tns_sense_max:  -1.0000  tns_sense_avg:  -1.0000   tns_sense_num: -1
  Smallest config area : 849288132.  Fastest config wns;  0
##>+----------------------------------------------------------------------------------------------------------------------------------------------------------------+
##>Summary table of configs (Best config is CDN_DP_region_10_5_c7)
##>+----------------------------------------------------------------------------------------------------------------------------------------------------------------+
##>                     0                  1                  2                  3                  4                  5                  6                  7            
##>+----------------------------------------------------------------------------------------------------------------------------------------------------------------+
##>           Area        849288132          849288132          849288132          849288132          849288132          849288132          849288132          849288132  
##>            WNS        +16840.40          +16840.40          +16840.40          +16840.40          +16840.40          +16840.40          +16840.40          +16840.40  
##>            TNS                0                  0                  0                  0                  0                  0                  0                  0  
##>    Num Rewrite                0                  0                  0                  0                  0                  0                  0                  0  
##>     Num Factor                0                  0                  0                  0                  0                  0                  0                  0  
##>      Num Share                0                  0                  0                  0                  0                  0                  0                  0  
##>   Num CmultCse                0                  0                  0                  0                  0                  0                  0                  0  
##>   Num Downsize                0                  0                  0                  0                  0                  0                  0                  0  
##>  Num Speculate                0                  0                  0                  0                  0                  0                  0                  0  
##>     Runtime(s)                0                  0                  0                  0                  0                  0                  0                  0  
+----------------------------------------------------------------------------------------------------------------------------------------------------------------+
##>
##>
##>+------------------------------------------------------------------------------------------------------------------------------------------------------------+
##>Optimization Step DEBUG Table for config CDN_DP_region_10_5_c7
##>
##>                          Step                        Area   ( % Chg)        WNS (Change)        TNS (Change)          Runtime (s)        Comment                   
##>+------------------------------------------------------------------------------------------------------------------------------------------------------------+
##>EquationExtraction              START              849288132 (      )    16840.40 (        )             0 (        )              
##>                                  END              849288132 ( +0.00)    16840.40 (   +0.00)             0 (       0)           0  
##>createMaxCarrySave              START              849288132 ( +0.00)    16840.40 (   +0.00)             0 (       0)              
##> datapath_rewrite_one_def       START              849288132 ( +0.00)    16840.40 (   +0.00)             0 (       0)              
##>                                  END              849288132 ( +0.00)    16840.40 (   +0.00)             0 (       0)           0  
##> csa_opto                       START              849288132 ( +0.00)    16840.40 (   +0.00)             0 (       0)              
##>                                  END              849288132 ( +0.00)    16840.40 (   +0.00)             0 (       0)           0  
##>                                  END              849288132 ( +0.00)    16840.40 (   +0.00)             0 (       0)           0  
##>canonicalize_by_names           START              849288132 ( +0.00)    16840.40 (   +0.00)             0 (       0)              
##>                                  END              849288132 ( +0.00)    16840.40 (   +0.00)             0 (       0)           0  
##>datapath_rewrite_post_csa_one_  START              849288132 ( +0.00)    16840.40 (   +0.00)             0 (       0)              
##>                                  END              849288132 ( +0.00)    16840.40 (   +0.00)             0 (       0)           0  
##>datapath_csa_factoring_one_gde  START              849288132 ( +0.00)    16840.40 (   +0.00)             0 (       0)              
##>                                  END              849288132 ( +0.00)    16840.40 (   +0.00)             0 (       0)           0  
##>dpopt_share_one_def             START              849288132 ( +0.00)    16840.40 (   +0.00)             0 (       0)              
##>                                  END              849288132 ( +0.00)    16840.40 (   +0.00)             0 (       0)           0  
##>datapath_rewrite_post_share     START              849288132 ( +0.00)    16840.40 (   +0.00)             0 (       0)              
##>                                  END              849288132 ( +0.00)    16840.40 (   +0.00)             0 (       0)           0  
##>dp_combine_const_mult_with_com  START              849288132 ( +0.00)    16840.40 (   +0.00)             0 (       0)              
##>                                  END              849288132 ( +0.00)    16840.40 (   +0.00)             0 (       0)           0  
##>dp_operator_level_decompositio  START              849288132 ( +0.00)    16840.40 (   +0.00)             0 (       0)              
##>                                  END              849288132 ( +0.00)    16840.40 (   +0.00)             0 (       0)           0  
##>selective_flatten_dp_config     START              849288132 ( +0.00)    16840.40 (   +0.00)             0 (       0)              
##>                                  END              849288132 ( +0.00)    16840.40 (   +0.00)             0 (       0)           0  
##>createMaxCarrySave              START              849288132 ( +0.00)    16840.40 (   +0.00)             0 (       0)              
##> datapath_rewrite_one_def       START              849288132 ( +0.00)    16840.40 (   +0.00)             0 (       0)              
##>  fast_cse_elim                 START              849288132 ( +0.00)    16840.40 (   +0.00)             0 (       0)              
##>                                  END              849288132 ( +0.00)    16840.40 (   +0.00)             0 (       0)           0  
##>  fast_cse_elim                 START              849288132 ( +0.00)    16840.40 (   +0.00)             0 (       0)              
##>                                  END              849288132 ( +0.00)    16840.40 (   +0.00)             0 (       0)           0  
##>                                  END              849288132 ( +0.00)    16840.40 (   +0.00)             0 (       0)           0  
##> csa_opto                       START              849288132 ( +0.00)    16840.40 (   +0.00)             0 (       0)              
##>                                  END              849288132 ( +0.00)    16840.40 (   +0.00)             0 (       0)           0  
##>                                  END              849288132 ( +0.00)    16840.40 (   +0.00)             0 (       0)           0  
##>context_based_simplify          START              849288132 ( +0.00)    16840.40 (   +0.00)             0 (       0)              
##>                                  END              849288132 ( +0.00)    16840.40 (   +0.00)             0 (       0)           0  
##>group_csa_final_adder_dp        START              849288132 ( +0.00)    16840.40 (   +0.00)             0 (       0)              
##>                                  END              849288132 ( +0.00)    16840.40 (   +0.00)             0 (       0)           0  
##>dpopt_flatten_critical_muxes_i  START              849288132 ( +0.00)    16840.40 (   +0.00)             0 (       0)              
##>                                  END              849288132 ( +0.00)    16840.40 (   +0.00)             0 (       0)           0  
##>create_score                    START              849288132 ( +0.00)    16840.40 (   +0.00)             0 (       0)              
##>                                  END              849288132 ( +0.00)    16840.40 (   +0.00)             0 (       0)           0  
##>+------------------------------------------------------------------------------------------------------------------------------------------------------------+
Committed config: CDN_DP_region_10_5_c7
Info    : Done implementing datapath configurations. [DPOPT-4]
        : Selected 'very_fast' configuration 7 for module 'CDN_DP_region_10_5'.
          Optimizations applied to 'very_fast' configuration:
            rewriting(0), factoring(0), sharing(0), cmultcse(0), downsizing(0), speculation(0)
Info    : Implementing datapath configurations. [DPOPT-3]
        : Implementing datapath configurations for 'CDN_DP_region_10_0'
CSAGen Prep Share:0 Re-Write:3 Speculation: 0
MaxCSA: Successfully built Maximal CSA Expression Expr16
CDN_DP_region_10_0 level = 0 loads = 0 drivers = 0
CDN_DP_region_10_0_c0 in hardware: area: 4027684626 ,dp = 3 mux = 1 sg = slow         worst_clk_period: -1.0000 
    wns: 0  norm_wns:  -1.0000 
    fail_endp: -1 
    tns:  0  tns_per_endp:  -1.0000   norm_tns_per_endp:  -1.0000 
    tns_sense_max:  -1.0000  tns_sense_avg:  -1.0000   tns_sense_num: -1
 skipped
CDN_DP_region_10_0_c1 in hardware: area: 3969778617 ,dp = 2 mux = 1 sg = fast         worst_clk_period: -1.0000 
    wns: 0  norm_wns:  -1.0000 
    fail_endp: -1 
    tns:  0  tns_per_endp:  -1.0000   norm_tns_per_endp:  -1.0000 
    tns_sense_max:  -1.0000  tns_sense_avg:  -1.0000   tns_sense_num: -1
 is current best
CDN_DP_region_10_0_c2 in hardware: area: 3969778617 ,dp = 2 mux = 1 sg = very_slow    worst_clk_period: -1.0000 
    wns: 0  norm_wns:  -1.0000 
    fail_endp: -1 
    tns:  0  tns_per_endp:  -1.0000   norm_tns_per_endp:  -1.0000 
    tns_sense_max:  -1.0000  tns_sense_avg:  -1.0000   tns_sense_num: -1
 is current best
CDN_DP_region_10_0_c3 in hardware: area: 3969778617 ,dp = 2 mux = 1 sg = very_fast    worst_clk_period: -1.0000 
    wns: 0  norm_wns:  -1.0000 
    fail_endp: -1 
    tns:  0  tns_per_endp:  -1.0000   norm_tns_per_endp:  -1.0000 
    tns_sense_max:  -1.0000  tns_sense_avg:  -1.0000   tns_sense_num: -1
 is current best
CDN_DP_region_10_0_c4 in hardware: area: 3969778617 ,dp = 2 mux = 1 sg = very_fast    worst_clk_period: -1.0000 
    wns: 0  norm_wns:  -1.0000 
    fail_endp: -1 
    tns:  0  tns_per_endp:  -1.0000   norm_tns_per_endp:  -1.0000 
    tns_sense_max:  -1.0000  tns_sense_avg:  -1.0000   tns_sense_num: -1
 is current best
CDN_DP_region_10_0_c5 in hardware: area: 3969778617 ,dp = 2 mux = 1 sg = very_fast    worst_clk_period: -1.0000 
    wns: 0  norm_wns:  -1.0000 
    fail_endp: -1 
    tns:  0  tns_per_endp:  -1.0000   norm_tns_per_endp:  -1.0000 
    tns_sense_max:  -1.0000  tns_sense_avg:  -1.0000   tns_sense_num: -1
 is current best
CDN_DP_region_10_0_c6 in hardware: area: 3969778617 ,dp = 2 mux = 1 sg = very_fast    worst_clk_period: -1.0000 
    wns: 0  norm_wns:  -1.0000 
    fail_endp: -1 
    tns:  0  tns_per_endp:  -1.0000   norm_tns_per_endp:  -1.0000 
    tns_sense_max:  -1.0000  tns_sense_avg:  -1.0000   tns_sense_num: -1
 is current best
CDN_DP_region_10_0_c7 in hardware: area: 5140766799 ,dp = 2 mux = 1 sg = very_fast    worst_clk_period: -1.0000 
    wns: 0  norm_wns:  -1.0000 
    fail_endp: -1 
    tns:  0  tns_per_endp:  -1.0000   norm_tns_per_endp:  -1.0000 
    tns_sense_max:  -1.0000  tns_sense_avg:  -1.0000   tns_sense_num: -1

Best config: CDN_DP_region_10_0_c6 in hardware: area: 3969778617 ,dp = 2 mux = 1 sg = very_fast    worst_clk_period: -1.0000 
    wns: 0  norm_wns:  -1.0000 
    fail_endp: -1 
    tns:  0  tns_per_endp:  -1.0000   norm_tns_per_endp:  -1.0000 
    tns_sense_max:  -1.0000  tns_sense_avg:  -1.0000   tns_sense_num: -1
  Smallest config area : 3969778617.  Fastest config wns;  0
##>+----------------------------------------------------------------------------------------------------------------------------------------------------------------+
##>Summary table of configs (Best config is CDN_DP_region_10_0_c6)
##>+----------------------------------------------------------------------------------------------------------------------------------------------------------------+
##>                     0                  1                  2                  3                  4                  5                  6                  7            
##>+----------------------------------------------------------------------------------------------------------------------------------------------------------------+
##>           Area       4027684626         3969778617         3969778617         3969778617         3969778617         3969778617         3969778617         5140766799  
##>            WNS        +18349.10          +18393.30          +18393.30          +18393.30          +18393.30          +18393.30          +18393.30          +18297.80  
##>            TNS                0                  0                  0                  0                  0                  0                  0                  0  
##>    Num Rewrite                0                  0                  0                  0                  0                  0                  0                  3  
##>     Num Factor                0                  0                  0                  0                  0                  0                  0                  0  
##>      Num Share                0                  0                  0                  0                  0                  0                  0                  0  
##>   Num CmultCse                0                  0                  0                  0                  0                  0                  0                  0  
##>   Num Downsize                0                  0                  0                  0                  0                  0                  0                  0  
##>  Num Speculate                0                  0                  0                  0                  0                  0                  0                  0  
##>     Runtime(s)                0                  0                  0                  0                  0                  0                  0                  0  
+----------------------------------------------------------------------------------------------------------------------------------------------------------------+
##>
##>
##>+------------------------------------------------------------------------------------------------------------------------------------------------------------+
##>Optimization Step DEBUG Table for config CDN_DP_region_10_0_c6
##>
##>                          Step                        Area   ( % Chg)        WNS (Change)        TNS (Change)          Runtime (s)        Comment                   
##>+------------------------------------------------------------------------------------------------------------------------------------------------------------+
##>createMaxCarrySave              START             4027684626 (      )    107392531.50 (        )             0 (        )              
##> datapath_rewrite_one_def       START             4027684626 ( +0.00)    107392531.50 (   +0.00)             0 (       0)              
##>  fast_cse_elim                 START             4027684626 ( +0.00)    107392531.50 (   +0.00)             0 (       0)              
##>                                  END             4027684626 ( +0.00)    107392531.50 (   +0.00)             0 (       0)           0  
##>  fast_cse_elim                 START             4027684626 ( +0.00)    107392531.50 (   +0.00)             0 (       0)              
##>                                  END             4027684626 ( +0.00)    107392531.50 (   +0.00)             0 (       0)           0  
##>                                  END             4027684626 ( +0.00)    107392531.50 (   +0.00)             0 (       0)           0  
##> dpopt_share_one_def            START             4027684626 ( +0.00)    107392531.50 (   +0.00)             0 (       0)              
##>                                  END             4027684626 ( +0.00)    107392531.50 (   +0.00)             0 (       0)           0  
##> csa_opto                       START             4027684626 ( +0.00)    214748364.70 (+107355833.20)             0 (       0)              
##>                                  END             4027684626 ( +0.00)    214748364.70 (   +0.00)             0 (       0)           0  
##>                                  END             4027684626 ( +0.00)    214748364.70 (+107355833.20)             0 (       0)           0  
##>canonicalize_by_names           START             4027684626 ( +0.00)    214748364.70 (   +0.00)             0 (       0)              
##>                                  END             4027684626 ( +0.00)    214748364.70 (   +0.00)             0 (       0)           0  
##>datapath_rewrite_post_csa_one_  START             4027684626 ( +0.00)    214748364.70 (   +0.00)             0 (       0)              
##>                                  END             4027684626 ( +0.00)    214748364.70 (   +0.00)             0 (       0)           0  
##>datapath_csa_factoring_one_gde  START             4027684626 ( +0.00)    214748364.70 (   +0.00)             0 (       0)              
##>                                  END             4027684626 ( +0.00)    214748364.70 (   +0.00)             0 (       0)           0  
##>dpopt_share_one_def             START             4027684626 ( +0.00)    214748364.70 (   +0.00)             0 (       0)              
##>                                  END             4027684626 ( +0.00)    214748364.70 (   +0.00)             0 (       0)           0  
##>datapath_rewrite_post_share     START             4027684626 ( +0.00)    214748364.70 (   +0.00)             0 (       0)              
##>                                  END             4027684626 ( +0.00)    214748364.70 (   +0.00)             0 (       0)           0  
##>dp_combine_const_mult_with_com  START             4027684626 ( +0.00)    214748364.70 (   +0.00)             0 (       0)              
##>                                  END             4027684626 ( +0.00)    214748364.70 (   +0.00)             0 (       0)           0  
##>dp_operator_level_decompositio  START             4027684626 ( +0.00)    214748364.70 (   +0.00)             0 (       0)              
##>                                  END             4027684626 ( +0.00)    214748364.70 (   +0.00)             0 (       0)           0  
##>selective_flatten_dp_config     START             4027684626 ( +0.00)    214748364.70 (   +0.00)             0 (       0)              
##>                                  END             4027684626 ( +0.00)    214748364.70 (   +0.00)             0 (       0)           0  
##>createMaxCarrySave              START             4027684626 ( +0.00)    214748364.70 (   +0.00)             0 (       0)              
##> datapath_rewrite_one_def       START             4027684626 ( +0.00)    214748364.70 (   +0.00)             0 (       0)              
##>  fast_cse_elim                 START             4027684626 ( +0.00)    214748364.70 (   +0.00)             0 (       0)              
##>                                  END             4027684626 ( +0.00)    214748364.70 (   +0.00)             0 (       0)           0  
##>  fast_cse_elim                 START             4027684626 ( +0.00)    214748364.70 (   +0.00)             0 (       0)              
##>                                  END             4027684626 ( +0.00)    214748364.70 (   +0.00)             0 (       0)           0  
##>                                  END             4027684626 ( +0.00)    214748364.70 (   +0.00)             0 (       0)           0  
##> dpopt_share_one_def            START             4027684626 ( +0.00)    214748364.70 (   +0.00)             0 (       0)              
##>                                  END             4027684626 ( +0.00)    214748364.70 (   +0.00)             0 (       0)           0  
##> csa_opto                       START             4027684626 ( +0.00)    214748364.70 (   +0.00)             0 (       0)              
##>                                  END             4027684626 ( +0.00)    214748364.70 (   +0.00)             0 (       0)           0  
##>                                  END             4027684626 ( +0.00)    214748364.70 (   +0.00)             0 (       0)           0  
##>context_based_simplify          START             4027684626 ( +0.00)    214748364.70 (   +0.00)             0 (       0)              
##>                                  END             3969778617 ( -1.44)    214748364.70 (   +0.00)             0 (       0)           0  
##>group_csa_final_adder_dp        START             3969778617 ( +0.00)    214748364.70 (   +0.00)             0 (       0)              
##>                                  END             3969778617 ( +0.00)    214748364.70 (   +0.00)             0 (       0)           0  
##>dpopt_flatten_critical_muxes_i  START             3969778617 ( +0.00)    214748364.70 (   +0.00)             0 (       0)              
##>                                  END             3969778617 ( +0.00)    214748364.70 (   +0.00)             0 (       0)           0  
##>create_score                    START             3969778617 ( +0.00)    18393.30 (-214729971.40)             0 (       0)              
##>                                  END             3969778617 ( +0.00)    18393.30 (   +0.00)             0 (       0)           0  
##>+------------------------------------------------------------------------------------------------------------------------------------------------------------+
Committed config: CDN_DP_region_10_0_c6
Info    : Done implementing datapath configurations. [DPOPT-4]
        : Selected 'very_fast' configuration 6 for module 'CDN_DP_region_10_0'.
          Optimizations applied to 'very_fast' configuration:
            rewriting(0), factoring(0), sharing(0), cmultcse(0), downsizing(0), speculation(0)
Info    : Implementing datapath configurations. [DPOPT-3]
        : Implementing datapath configurations for 'CDN_DP_region_10_9'
CSAGen Prep Share:0 Re-Write:0 Speculation: 0
MaxCSA: Successfully built Maximal CSA Expression Expr17
CDN_DP_region_10_9 level = 0 loads = 0 drivers = 0
CDN_DP_region_10_9_c0 in hardware: area: 44639098938 ,dp = 3 mux = 0 sg = slow         worst_clk_period: -1.0000 
    wns: 0  norm_wns:  -1.0000 
    fail_endp: -1 
    tns:  0  tns_per_endp:  -1.0000   norm_tns_per_endp:  -1.0000 
    tns_sense_max:  -1.0000  tns_sense_avg:  -1.0000   tns_sense_num: -1
 skipped
CDN_DP_region_10_9_c1 in hardware: area: 28663474455 ,dp = 3 mux = 0 sg = fast         worst_clk_period: -1.0000 
    wns: 0  norm_wns:  -1.0000 
    fail_endp: -1 
    tns:  0  tns_per_endp:  -1.0000   norm_tns_per_endp:  -1.0000 
    tns_sense_max:  -1.0000  tns_sense_avg:  -1.0000   tns_sense_num: -1
 is current best
CDN_DP_region_10_9_c2 in hardware: area: 28663474455 ,dp = 3 mux = 0 sg = very_slow    worst_clk_period: -1.0000 
    wns: 0  norm_wns:  -1.0000 
    fail_endp: -1 
    tns:  0  tns_per_endp:  -1.0000   norm_tns_per_endp:  -1.0000 
    tns_sense_max:  -1.0000  tns_sense_avg:  -1.0000   tns_sense_num: -1
 is current best
CDN_DP_region_10_9_c3 in hardware: area: 28663474455 ,dp = 3 mux = 0 sg = very_fast    worst_clk_period: -1.0000 
    wns: 0  norm_wns:  -1.0000 
    fail_endp: -1 
    tns:  0  tns_per_endp:  -1.0000   norm_tns_per_endp:  -1.0000 
    tns_sense_max:  -1.0000  tns_sense_avg:  -1.0000   tns_sense_num: -1
 is current best
CDN_DP_region_10_9_c4 in hardware: area: 28663474455 ,dp = 3 mux = 0 sg = very_fast    worst_clk_period: -1.0000 
    wns: 0  norm_wns:  -1.0000 
    fail_endp: -1 
    tns:  0  tns_per_endp:  -1.0000   norm_tns_per_endp:  -1.0000 
    tns_sense_max:  -1.0000  tns_sense_avg:  -1.0000   tns_sense_num: -1
 is current best
CDN_DP_region_10_9_c5 in hardware: area: 28663474455 ,dp = 3 mux = 0 sg = very_fast    worst_clk_period: -1.0000 
    wns: 0  norm_wns:  -1.0000 
    fail_endp: -1 
    tns:  0  tns_per_endp:  -1.0000   norm_tns_per_endp:  -1.0000 
    tns_sense_max:  -1.0000  tns_sense_avg:  -1.0000   tns_sense_num: -1
 is current best
CDN_DP_region_10_9_c6 in hardware: area: 28663474455 ,dp = 3 mux = 0 sg = very_fast    worst_clk_period: -1.0000 
    wns: 0  norm_wns:  -1.0000 
    fail_endp: -1 
    tns:  0  tns_per_endp:  -1.0000   norm_tns_per_endp:  -1.0000 
    tns_sense_max:  -1.0000  tns_sense_avg:  -1.0000   tns_sense_num: -1
 is current best
CDN_DP_region_10_9_c7 in hardware: area: 56876568840 ,dp = 5 mux = 0 sg = very_fast    worst_clk_period: -1.0000 
    wns: 0  norm_wns:  -1.0000 
    fail_endp: -1 
    tns:  0  tns_per_endp:  -1.0000   norm_tns_per_endp:  -1.0000 
    tns_sense_max:  -1.0000  tns_sense_avg:  -1.0000   tns_sense_num: -1

Best config: CDN_DP_region_10_9_c6 in hardware: area: 28663474455 ,dp = 3 mux = 0 sg = very_fast    worst_clk_period: -1.0000 
    wns: 0  norm_wns:  -1.0000 
    fail_endp: -1 
    tns:  0  tns_per_endp:  -1.0000   norm_tns_per_endp:  -1.0000 
    tns_sense_max:  -1.0000  tns_sense_avg:  -1.0000   tns_sense_num: -1
  Smallest config area : 28663474455.  Fastest config wns;  0
##>+----------------------------------------------------------------------------------------------------------------------------------------------------------------+
##>Summary table of configs (Best config is CDN_DP_region_10_9_c6)
##>+----------------------------------------------------------------------------------------------------------------------------------------------------------------+
##>                     0                  1                  2                  3                  4                  5                  6                  7            
##>+----------------------------------------------------------------------------------------------------------------------------------------------------------------+
##>           Area      44639098938        28663474455        28663474455        28663474455        28663474455        28663474455        28663474455        56876568840  
##>            WNS        +17656.70          +17864.90          +17864.90          +17864.90          +17864.90          +17864.90          +17864.90          +17686.10  
##>            TNS                0                  0                  0                  0                  0                  0                  0                  0  
##>    Num Rewrite                0                  0                  0                  0                  0                  0                  0                  2  
##>     Num Factor                0                  0                  0                  0                  0                  0                  0                  1  
##>      Num Share                0                  0                  0                  0                  0                  0                  0                  0  
##>   Num CmultCse                0                  0                  0                  0                  0                  0                  0                  0  
##>   Num Downsize                0                  0                  0                  0                  0                  0                  0                  0  
##>  Num Speculate                0                  0                  0                  0                  0                  0                  0                  0  
##>     Runtime(s)                0                  0                  0                  0                  0                  0                  0                  3  
+----------------------------------------------------------------------------------------------------------------------------------------------------------------+
##>
##>
##>+------------------------------------------------------------------------------------------------------------------------------------------------------------+
##>Optimization Step DEBUG Table for config CDN_DP_region_10_9_c6
##>
##>                          Step                        Area   ( % Chg)        WNS (Change)        TNS (Change)          Runtime (s)        Comment                   
##>+------------------------------------------------------------------------------------------------------------------------------------------------------------+
##>createMaxCarrySave              START            44639098938 (      )    107391839.10 (        )             0 (        )              
##> datapath_rewrite_one_def       START            44639098938 ( +0.00)    107391839.10 (   +0.00)             0 (       0)              
##>  fast_cse_elim                 START            44639098938 ( +0.00)    107391839.10 (   +0.00)             0 (       0)              
##>                                  END            44639098938 ( +0.00)    107391839.10 (   +0.00)             0 (       0)           0  
##>  fast_cse_elim                 START            44639098938 ( +0.00)    107391839.10 (   +0.00)             0 (       0)              
##>                                  END            44639098938 ( +0.00)    107391839.10 (   +0.00)             0 (       0)           0  
##>                                  END            44639098938 ( +0.00)    107391839.10 (   +0.00)             0 (       0)           0  
##> dpopt_share_one_def            START            44639098938 ( +0.00)    107391839.10 (   +0.00)             0 (       0)              
##>                                  END            44639098938 ( +0.00)    107391839.10 (   +0.00)             0 (       0)           0  
##> csa_opto                       START            44639098938 ( +0.00)    214748364.70 (+107356525.60)             0 (       0)              
##>                                  END            28663474455 (-35.79)    214748364.70 (   +0.00)             0 (       0)           0  
##>                                  END            28663474455 (-35.79)    214748364.70 (+107356525.60)             0 (       0)           0  
##>canonicalize_by_names           START            28663474455 ( +0.00)    214748364.70 (   +0.00)             0 (       0)              
##>                                  END            28663474455 ( +0.00)    214748364.70 (   +0.00)             0 (       0)           0  
##>datapath_rewrite_post_csa_one_  START            28663474455 ( +0.00)    214748364.70 (   +0.00)             0 (       0)              
##>                                  END            28663474455 ( +0.00)    214748364.70 (   +0.00)             0 (       0)           0  
##>datapath_csa_factoring_one_gde  START            28663474455 ( +0.00)    214748364.70 (   +0.00)             0 (       0)              
##>                                  END            28663474455 ( +0.00)    214748364.70 (   +0.00)             0 (       0)           0  
##>dpopt_share_one_def             START            28663474455 ( +0.00)    214748364.70 (   +0.00)             0 (       0)              
##>                                  END            28663474455 ( +0.00)    214748364.70 (   +0.00)             0 (       0)           0  
##>datapath_rewrite_post_share     START            28663474455 ( +0.00)    214748364.70 (   +0.00)             0 (       0)              
##>                                  END            28663474455 ( +0.00)    214748364.70 (   +0.00)             0 (       0)           0  
##>dp_combine_const_mult_with_com  START            28663474455 ( +0.00)    214748364.70 (   +0.00)             0 (       0)              
##>                                  END            28663474455 ( +0.00)    214748364.70 (   +0.00)             0 (       0)           0  
##>dp_operator_level_decompositio  START            28663474455 ( +0.00)    214748364.70 (   +0.00)             0 (       0)              
##>                                  END            28663474455 ( +0.00)    214748364.70 (   +0.00)             0 (       0)           0  
##>selective_flatten_dp_config     START            28663474455 ( +0.00)    214748364.70 (   +0.00)             0 (       0)              
##>                                  END            28663474455 ( +0.00)    214748364.70 (   +0.00)             0 (       0)           0  
##>createMaxCarrySave              START            28663474455 ( +0.00)    214748364.70 (   +0.00)             0 (       0)              
##> datapath_rewrite_one_def       START            28663474455 ( +0.00)    214748364.70 (   +0.00)             0 (       0)              
##>  fast_cse_elim                 START            28663474455 ( +0.00)    214748364.70 (   +0.00)             0 (       0)              
##>                                  END            28663474455 ( +0.00)    214748364.70 (   +0.00)             0 (       0)           0  
##>  fast_cse_elim                 START            28663474455 ( +0.00)    214748364.70 (   +0.00)             0 (       0)              
##>                                  END            28663474455 ( +0.00)    214748364.70 (   +0.00)             0 (       0)           0  
##>                                  END            28663474455 ( +0.00)    214748364.70 (   +0.00)             0 (       0)           0  
##> dpopt_share_one_def            START            28663474455 ( +0.00)    214748364.70 (   +0.00)             0 (       0)              
##>                                  END            28663474455 ( +0.00)    214748364.70 (   +0.00)             0 (       0)           0  
##> csa_opto                       START            28663474455 ( +0.00)    214748364.70 (   +0.00)             0 (       0)              
##>                                  END            28663474455 ( +0.00)    214748364.70 (   +0.00)             0 (       0)           0  
##>                                  END            28663474455 ( +0.00)    214748364.70 (   +0.00)             0 (       0)           0  
##>context_based_simplify          START            28663474455 ( +0.00)    214748364.70 (   +0.00)             0 (       0)              
##>                                  END            28663474455 ( +0.00)    214748364.70 (   +0.00)             0 (       0)           0  
##>group_csa_final_adder_dp        START            28663474455 ( +0.00)    214748364.70 (   +0.00)             0 (       0)              
##>                                  END            28663474455 ( +0.00)    214748364.70 (   +0.00)             0 (       0)           0  
##>dpopt_flatten_critical_muxes_i  START            28663474455 ( +0.00)    214748364.70 (   +0.00)             0 (       0)              
##>                                  END            28663474455 ( +0.00)    214748364.70 (   +0.00)             0 (       0)           0  
##>create_score                    START            28663474455 ( +0.00)    17864.90 (-214730499.80)             0 (       0)              
##>                                  END            28663474455 ( +0.00)    17864.90 (   +0.00)             0 (       0)           0  
##>+------------------------------------------------------------------------------------------------------------------------------------------------------------+
Committed config: CDN_DP_region_10_9_c6
Info    : Done implementing datapath configurations. [DPOPT-4]
        : Selected 'very_fast' configuration 6 for module 'CDN_DP_region_10_9'.
          Optimizations applied to 'very_fast' configuration:
            rewriting(0), factoring(0), sharing(0), cmultcse(0), downsizing(0), speculation(0)
Info    : Implementing datapath configurations. [DPOPT-3]
        : Implementing datapath configurations for 'CDN_DP_region_1_0'
CSAGen Prep Share:0 Re-Write:0 Speculation: 0
MaxCSA: Successfully built Maximal CSA Expression Expr18
CDN_DP_region_1_0 level = 1 loads = 0 drivers = 1 is driven by : CDN_DP_region_10_4 
CDN_DP_region_1_0_c0 in counter_width10_restart_behav0_1972: area: 1048742163 ,dp = 2 mux = 1 sg = slow         worst_clk_period: -1.0000 
    wns: 0  norm_wns:  -1.0000 
    fail_endp: -1 
    tns:  0  tns_per_endp:  -1.0000   norm_tns_per_endp:  -1.0000 
    tns_sense_max:  -1.0000  tns_sense_avg:  -1.0000   tns_sense_num: -1
 skipped
CDN_DP_region_1_0_c1 in counter_width10_restart_behav0_1972: area: 945798147 ,dp = 2 mux = 1 sg = fast         worst_clk_period: -1.0000 
    wns: 0  norm_wns:  -1.0000 
    fail_endp: -1 
    tns:  0  tns_per_endp:  -1.0000   norm_tns_per_endp:  -1.0000 
    tns_sense_max:  -1.0000  tns_sense_avg:  -1.0000   tns_sense_num: -1
 is current best
CDN_DP_region_1_0_c2 in counter_width10_restart_behav0_1972: area: 945798147 ,dp = 2 mux = 1 sg = very_slow    worst_clk_period: -1.0000 
    wns: 0  norm_wns:  -1.0000 
    fail_endp: -1 
    tns:  0  tns_per_endp:  -1.0000   norm_tns_per_endp:  -1.0000 
    tns_sense_max:  -1.0000  tns_sense_avg:  -1.0000   tns_sense_num: -1
 is current best
CDN_DP_region_1_0_c3 in counter_width10_restart_behav0_1972: area: 945798147 ,dp = 2 mux = 1 sg = very_fast    worst_clk_period: -1.0000 
    wns: 0  norm_wns:  -1.0000 
    fail_endp: -1 
    tns:  0  tns_per_endp:  -1.0000   norm_tns_per_endp:  -1.0000 
    tns_sense_max:  -1.0000  tns_sense_avg:  -1.0000   tns_sense_num: -1
 is current best
CDN_DP_region_1_0_c4 in counter_width10_restart_behav0_1972: area: 945798147 ,dp = 2 mux = 1 sg = very_fast    worst_clk_period: -1.0000 
    wns: 0  norm_wns:  -1.0000 
    fail_endp: -1 
    tns:  0  tns_per_endp:  -1.0000   norm_tns_per_endp:  -1.0000 
    tns_sense_max:  -1.0000  tns_sense_avg:  -1.0000   tns_sense_num: -1
 is current best
CDN_DP_region_1_0_c5 in counter_width10_restart_behav0_1972: area: 945798147 ,dp = 2 mux = 1 sg = very_fast    worst_clk_period: -1.0000 
    wns: 0  norm_wns:  -1.0000 
    fail_endp: -1 
    tns:  0  tns_per_endp:  -1.0000   norm_tns_per_endp:  -1.0000 
    tns_sense_max:  -1.0000  tns_sense_avg:  -1.0000   tns_sense_num: -1
 is current best
CDN_DP_region_1_0_c6 in counter_width10_restart_behav0_1972: area: 945798147 ,dp = 2 mux = 1 sg = very_fast    worst_clk_period: -1.0000 
    wns: 0  norm_wns:  -1.0000 
    fail_endp: -1 
    tns:  0  tns_per_endp:  -1.0000   norm_tns_per_endp:  -1.0000 
    tns_sense_max:  -1.0000  tns_sense_avg:  -1.0000   tns_sense_num: -1
 is current best
CDN_DP_region_1_0_c7 in counter_width10_restart_behav0_1972: area: 2586468402 ,dp = 2 mux = 1 sg = very_fast    worst_clk_period: -1.0000 
    wns: 0  norm_wns:  -1.0000 
    fail_endp: -1 
    tns:  0  tns_per_endp:  -1.0000   norm_tns_per_endp:  -1.0000 
    tns_sense_max:  -1.0000  tns_sense_avg:  -1.0000   tns_sense_num: -1

Best config: CDN_DP_region_1_0_c6 in counter_width10_restart_behav0_1972: area: 945798147 ,dp = 2 mux = 1 sg = very_fast    worst_clk_period: -1.0000 
    wns: 0  norm_wns:  -1.0000 
    fail_endp: -1 
    tns:  0  tns_per_endp:  -1.0000   norm_tns_per_endp:  -1.0000 
    tns_sense_max:  -1.0000  tns_sense_avg:  -1.0000   tns_sense_num: -1
  Smallest config area : 945798147.  Fastest config wns;  0
##>+----------------------------------------------------------------------------------------------------------------------------------------------------------------+
##>Summary table of configs (Best config is CDN_DP_region_1_0_c6)
##>+----------------------------------------------------------------------------------------------------------------------------------------------------------------+
##>                     0                  1                  2                  3                  4                  5                  6                  7            
##>+----------------------------------------------------------------------------------------------------------------------------------------------------------------+
##>           Area       1048742163          945798147          945798147          945798147          945798147          945798147          945798147         2586468402  
##>            WNS        +18454.30          +18454.30          +18454.30          +18454.30          +18454.30          +18454.30          +18454.30          +18345.30  
##>            TNS                0                  0                  0                  0                  0                  0                  0                  0  
##>    Num Rewrite                0                  0                  0                  0                  0                  0                  0                  0  
##>     Num Factor                0                  0                  0                  0                  0                  0                  0                  0  
##>      Num Share                0                  0                  0                  0                  0                  0                  0                  0  
##>   Num CmultCse                0                  0                  0                  0                  0                  0                  0                  0  
##>   Num Downsize                0                  0                  0                  0                  0                  0                  0                  0  
##>  Num Speculate                0                  0                  0                  0                  0                  0                  0                  0  
##>     Runtime(s)                0                  0                  0                  0                  0                  0                  0                  0  
+----------------------------------------------------------------------------------------------------------------------------------------------------------------+
##>
##>
##>+------------------------------------------------------------------------------------------------------------------------------------------------------------+
##>Optimization Step DEBUG Table for config CDN_DP_region_1_0_c6
##>
##>                          Step                        Area   ( % Chg)        WNS (Change)        TNS (Change)          Runtime (s)        Comment                   
##>+------------------------------------------------------------------------------------------------------------------------------------------------------------+
##>createMaxCarrySave              START             1048742163 (      )    107392636.70 (        )             0 (        )              
##> datapath_rewrite_one_def       START             1048742163 ( +0.00)    107392636.70 (   +0.00)             0 (       0)              
##>  fast_cse_elim                 START             1048742163 ( +0.00)    107392636.70 (   +0.00)             0 (       0)              
##>                                  END             1048742163 ( +0.00)    107392636.70 (   +0.00)             0 (       0)           0  
##>  fast_cse_elim                 START             1048742163 ( +0.00)    107392636.70 (   +0.00)             0 (       0)              
##>                                  END             1048742163 ( +0.00)    107392636.70 (   +0.00)             0 (       0)           0  
##>                                  END             1048742163 ( +0.00)    107392636.70 (   +0.00)             0 (       0)           0  
##> dpopt_share_one_def            START             1048742163 ( +0.00)    107392636.70 (   +0.00)             0 (       0)              
##>                                  END             1048742163 ( +0.00)    107392636.70 (   +0.00)             0 (       0)           0  
##> csa_opto                       START             1048742163 ( +0.00)    214748364.70 (+107355728.00)             0 (       0)              
##>                                  END             1010138157 ( -3.68)    214748364.70 (   +0.00)             0 (       0)           0  
##>                                  END             1010138157 ( -3.68)    214748364.70 (+107355728.00)             0 (       0)           0  
##>canonicalize_by_names           START             1010138157 ( +0.00)    214748364.70 (   +0.00)             0 (       0)              
##>                                  END             1010138157 ( +0.00)    214748364.70 (   +0.00)             0 (       0)           0  
##>datapath_rewrite_post_csa_one_  START             1010138157 ( +0.00)    214748364.70 (   +0.00)             0 (       0)              
##>                                  END             1010138157 ( +0.00)    214748364.70 (   +0.00)             0 (       0)           0  
##>datapath_csa_factoring_one_gde  START             1010138157 ( +0.00)    214748364.70 (   +0.00)             0 (       0)              
##>                                  END             1010138157 ( +0.00)    214748364.70 (   +0.00)             0 (       0)           0  
##>dpopt_share_one_def             START             1010138157 ( +0.00)    214748364.70 (   +0.00)             0 (       0)              
##>                                  END             1010138157 ( +0.00)    214748364.70 (   +0.00)             0 (       0)           0  
##>datapath_rewrite_post_share     START             1010138157 ( +0.00)    214748364.70 (   +0.00)             0 (       0)              
##>                                  END             1010138157 ( +0.00)    214748364.70 (   +0.00)             0 (       0)           0  
##>dp_combine_const_mult_with_com  START             1010138157 ( +0.00)    214748364.70 (   +0.00)             0 (       0)              
##>                                  END             1010138157 ( +0.00)    214748364.70 (   +0.00)             0 (       0)           0  
##>dp_operator_level_decompositio  START             1010138157 ( +0.00)    214748364.70 (   +0.00)             0 (       0)              
##>                                  END             1010138157 ( +0.00)    214748364.70 (   +0.00)             0 (       0)           0  
##>selective_flatten_dp_config     START             1010138157 ( +0.00)    214748364.70 (   +0.00)             0 (       0)              
##>                                  END             1010138157 ( +0.00)    214748364.70 (   +0.00)             0 (       0)           0  
##>createMaxCarrySave              START             1010138157 ( +0.00)    214748364.70 (   +0.00)             0 (       0)              
##> datapath_rewrite_one_def       START             1010138157 ( +0.00)    214748364.70 (   +0.00)             0 (       0)              
##>  fast_cse_elim                 START             1010138157 ( +0.00)    214748364.70 (   +0.00)             0 (       0)              
##>                                  END             1010138157 ( +0.00)    214748364.70 (   +0.00)             0 (       0)           0  
##>  fast_cse_elim                 START             1010138157 ( +0.00)    214748364.70 (   +0.00)             0 (       0)              
##>                                  END             1010138157 ( +0.00)    214748364.70 (   +0.00)             0 (       0)           0  
##>                                  END             1010138157 ( +0.00)    214748364.70 (   +0.00)             0 (       0)           0  
##> dpopt_share_one_def            START             1010138157 ( +0.00)    214748364.70 (   +0.00)             0 (       0)              
##>                                  END             1010138157 ( +0.00)    214748364.70 (   +0.00)             0 (       0)           0  
##> csa_opto                       START             1010138157 ( +0.00)    214748364.70 (   +0.00)             0 (       0)              
##>                                  END             1010138157 ( +0.00)    214748364.70 (   +0.00)             0 (       0)           0  
##>                                  END             1010138157 ( +0.00)    214748364.70 (   +0.00)             0 (       0)           0  
##>context_based_simplify          START             1010138157 ( +0.00)    214748364.70 (   +0.00)             0 (       0)              
##>                                  END              945798147 ( -6.37)    214748364.70 (   +0.00)             0 (       0)           0  
##>group_csa_final_adder_dp        START              945798147 ( +0.00)    214748364.70 (   +0.00)             0 (       0)              
##>                                  END              945798147 ( +0.00)    214748364.70 (   +0.00)             0 (       0)           0  
##>dpopt_flatten_critical_muxes_i  START              945798147 ( +0.00)    214748364.70 (   +0.00)             0 (       0)              
##>                                  END              945798147 ( +0.00)    214748364.70 (   +0.00)             0 (       0)           0  
##>create_score                    START              945798147 ( +0.00)    18454.30 (-214729910.40)             0 (       0)              
##>                                  END              945798147 ( +0.00)    18454.30 (   +0.00)             0 (       0)           0  
##>+------------------------------------------------------------------------------------------------------------------------------------------------------------+
Committed config: CDN_DP_region_1_0_c6
Info    : Done implementing datapath configurations. [DPOPT-4]
        : Selected 'very_fast' configuration 6 for module 'CDN_DP_region_1_0'.
          Optimizations applied to 'very_fast' configuration:
            rewriting(0), factoring(0), sharing(0), cmultcse(0), downsizing(0), speculation(0)
Info    : Implementing datapath configurations. [DPOPT-3]
        : Implementing datapath configurations for 'CDN_DP_region_2_0'
CSAGen Prep Share:0 Re-Write:0 Speculation: 0
MaxCSA: Successfully built Maximal CSA Expression Expr19
CDN_DP_region_2_0 level = 1 loads = 0 drivers = 1 is driven by : CDN_DP_region_10_4 
CDN_DP_region_2_0_c0 in counter_width10_restart_behav0_1973: area: 1048742163 ,dp = 2 mux = 1 sg = slow         worst_clk_period: -1.0000 
    wns: 0  norm_wns:  -1.0000 
    fail_endp: -1 
    tns:  0  tns_per_endp:  -1.0000   norm_tns_per_endp:  -1.0000 
    tns_sense_max:  -1.0000  tns_sense_avg:  -1.0000   tns_sense_num: -1
 skipped
CDN_DP_region_2_0_c1 in counter_width10_restart_behav0_1973: area: 945798147 ,dp = 2 mux = 1 sg = fast         worst_clk_period: -1.0000 
    wns: 0  norm_wns:  -1.0000 
    fail_endp: -1 
    tns:  0  tns_per_endp:  -1.0000   norm_tns_per_endp:  -1.0000 
    tns_sense_max:  -1.0000  tns_sense_avg:  -1.0000   tns_sense_num: -1
 is current best
CDN_DP_region_2_0_c2 in counter_width10_restart_behav0_1973: area: 945798147 ,dp = 2 mux = 1 sg = very_slow    worst_clk_period: -1.0000 
    wns: 0  norm_wns:  -1.0000 
    fail_endp: -1 
    tns:  0  tns_per_endp:  -1.0000   norm_tns_per_endp:  -1.0000 
    tns_sense_max:  -1.0000  tns_sense_avg:  -1.0000   tns_sense_num: -1
 is current best
CDN_DP_region_2_0_c3 in counter_width10_restart_behav0_1973: area: 945798147 ,dp = 2 mux = 1 sg = very_fast    worst_clk_period: -1.0000 
    wns: 0  norm_wns:  -1.0000 
    fail_endp: -1 
    tns:  0  tns_per_endp:  -1.0000   norm_tns_per_endp:  -1.0000 
    tns_sense_max:  -1.0000  tns_sense_avg:  -1.0000   tns_sense_num: -1
 is current best
CDN_DP_region_2_0_c4 in counter_width10_restart_behav0_1973: area: 945798147 ,dp = 2 mux = 1 sg = very_fast    worst_clk_period: -1.0000 
    wns: 0  norm_wns:  -1.0000 
    fail_endp: -1 
    tns:  0  tns_per_endp:  -1.0000   norm_tns_per_endp:  -1.0000 
    tns_sense_max:  -1.0000  tns_sense_avg:  -1.0000   tns_sense_num: -1
 is current best
CDN_DP_region_2_0_c5 in counter_width10_restart_behav0_1973: area: 945798147 ,dp = 2 mux = 1 sg = very_fast    worst_clk_period: -1.0000 
    wns: 0  norm_wns:  -1.0000 
    fail_endp: -1 
    tns:  0  tns_per_endp:  -1.0000   norm_tns_per_endp:  -1.0000 
    tns_sense_max:  -1.0000  tns_sense_avg:  -1.0000   tns_sense_num: -1
 is current best
CDN_DP_region_2_0_c6 in counter_width10_restart_behav0_1973: area: 945798147 ,dp = 2 mux = 1 sg = very_fast    worst_clk_period: -1.0000 
    wns: 0  norm_wns:  -1.0000 
    fail_endp: -1 
    tns:  0  tns_per_endp:  -1.0000   norm_tns_per_endp:  -1.0000 
    tns_sense_max:  -1.0000  tns_sense_avg:  -1.0000   tns_sense_num: -1
 is current best
CDN_DP_region_2_0_c7 in counter_width10_restart_behav0_1973: area: 2586468402 ,dp = 2 mux = 1 sg = very_fast    worst_clk_period: -1.0000 
    wns: 0  norm_wns:  -1.0000 
    fail_endp: -1 
    tns:  0  tns_per_endp:  -1.0000   norm_tns_per_endp:  -1.0000 
    tns_sense_max:  -1.0000  tns_sense_avg:  -1.0000   tns_sense_num: -1

Best config: CDN_DP_region_2_0_c6 in counter_width10_restart_behav0_1973: area: 945798147 ,dp = 2 mux = 1 sg = very_fast    worst_clk_period: -1.0000 
    wns: 0  norm_wns:  -1.0000 
    fail_endp: -1 
    tns:  0  tns_per_endp:  -1.0000   norm_tns_per_endp:  -1.0000 
    tns_sense_max:  -1.0000  tns_sense_avg:  -1.0000   tns_sense_num: -1
  Smallest config area : 945798147.  Fastest config wns;  0
##>+----------------------------------------------------------------------------------------------------------------------------------------------------------------+
##>Summary table of configs (Best config is CDN_DP_region_2_0_c6)
##>+----------------------------------------------------------------------------------------------------------------------------------------------------------------+
##>                     0                  1                  2                  3                  4                  5                  6                  7            
##>+----------------------------------------------------------------------------------------------------------------------------------------------------------------+
##>           Area       1048742163          945798147          945798147          945798147          945798147          945798147          945798147         2586468402  
##>            WNS        +18454.30          +18454.30          +18454.30          +18454.30          +18454.30          +18454.30          +18454.30          +18345.30  
##>            TNS                0                  0                  0                  0                  0                  0                  0                  0  
##>    Num Rewrite                0                  0                  0                  0                  0                  0                  0                  0  
##>     Num Factor                0                  0                  0                  0                  0                  0                  0                  0  
##>      Num Share                0                  0                  0                  0                  0                  0                  0                  0  
##>   Num CmultCse                0                  0                  0                  0                  0                  0                  0                  0  
##>   Num Downsize                0                  0                  0                  0                  0                  0                  0                  0  
##>  Num Speculate                0                  0                  0                  0                  0                  0                  0                  0  
##>     Runtime(s)                0                  0                  0                  0                  0                  0                  0                  0  
+----------------------------------------------------------------------------------------------------------------------------------------------------------------+
##>
##>
##>+------------------------------------------------------------------------------------------------------------------------------------------------------------+
##>Optimization Step DEBUG Table for config CDN_DP_region_2_0_c6
##>
##>                          Step                        Area   ( % Chg)        WNS (Change)        TNS (Change)          Runtime (s)        Comment                   
##>+------------------------------------------------------------------------------------------------------------------------------------------------------------+
##>createMaxCarrySave              START             1048742163 (      )    107392636.70 (        )             0 (        )              
##> datapath_rewrite_one_def       START             1048742163 ( +0.00)    107392636.70 (   +0.00)             0 (       0)              
##>  fast_cse_elim                 START             1048742163 ( +0.00)    107392636.70 (   +0.00)             0 (       0)              
##>                                  END             1048742163 ( +0.00)    107392636.70 (   +0.00)             0 (       0)           0  
##>  fast_cse_elim                 START             1048742163 ( +0.00)    107392636.70 (   +0.00)             0 (       0)              
##>                                  END             1048742163 ( +0.00)    107392636.70 (   +0.00)             0 (       0)           0  
##>                                  END             1048742163 ( +0.00)    107392636.70 (   +0.00)             0 (       0)           0  
##> dpopt_share_one_def            START             1048742163 ( +0.00)    107392636.70 (   +0.00)             0 (       0)              
##>                                  END             1048742163 ( +0.00)    107392636.70 (   +0.00)             0 (       0)           0  
##> csa_opto                       START             1048742163 ( +0.00)    214748364.70 (+107355728.00)             0 (       0)              
##>                                  END             1010138157 ( -3.68)    214748364.70 (   +0.00)             0 (       0)           0  
##>                                  END             1010138157 ( -3.68)    214748364.70 (+107355728.00)             0 (       0)           0  
##>canonicalize_by_names           START             1010138157 ( +0.00)    214748364.70 (   +0.00)             0 (       0)              
##>                                  END             1010138157 ( +0.00)    214748364.70 (   +0.00)             0 (       0)           0  
##>datapath_rewrite_post_csa_one_  START             1010138157 ( +0.00)    214748364.70 (   +0.00)             0 (       0)              
##>                                  END             1010138157 ( +0.00)    214748364.70 (   +0.00)             0 (       0)           0  
##>datapath_csa_factoring_one_gde  START             1010138157 ( +0.00)    214748364.70 (   +0.00)             0 (       0)              
##>                                  END             1010138157 ( +0.00)    214748364.70 (   +0.00)             0 (       0)           0  
##>dpopt_share_one_def             START             1010138157 ( +0.00)    214748364.70 (   +0.00)             0 (       0)              
##>                                  END             1010138157 ( +0.00)    214748364.70 (   +0.00)             0 (       0)           0  
##>datapath_rewrite_post_share     START             1010138157 ( +0.00)    214748364.70 (   +0.00)             0 (       0)              
##>                                  END             1010138157 ( +0.00)    214748364.70 (   +0.00)             0 (       0)           0  
##>dp_combine_const_mult_with_com  START             1010138157 ( +0.00)    214748364.70 (   +0.00)             0 (       0)              
##>                                  END             1010138157 ( +0.00)    214748364.70 (   +0.00)             0 (       0)           0  
##>dp_operator_level_decompositio  START             1010138157 ( +0.00)    214748364.70 (   +0.00)             0 (       0)              
##>                                  END             1010138157 ( +0.00)    214748364.70 (   +0.00)             0 (       0)           0  
##>selective_flatten_dp_config     START             1010138157 ( +0.00)    214748364.70 (   +0.00)             0 (       0)              
##>                                  END             1010138157 ( +0.00)    214748364.70 (   +0.00)             0 (       0)           0  
##>createMaxCarrySave              START             1010138157 ( +0.00)    214748364.70 (   +0.00)             0 (       0)              
##> datapath_rewrite_one_def       START             1010138157 ( +0.00)    214748364.70 (   +0.00)             0 (       0)              
##>  fast_cse_elim                 START             1010138157 ( +0.00)    214748364.70 (   +0.00)             0 (       0)              
##>                                  END             1010138157 ( +0.00)    214748364.70 (   +0.00)             0 (       0)           0  
##>  fast_cse_elim                 START             1010138157 ( +0.00)    214748364.70 (   +0.00)             0 (       0)              
##>                                  END             1010138157 ( +0.00)    214748364.70 (   +0.00)             0 (       0)           0  
##>                                  END             1010138157 ( +0.00)    214748364.70 (   +0.00)             0 (       0)           0  
##> dpopt_share_one_def            START             1010138157 ( +0.00)    214748364.70 (   +0.00)             0 (       0)              
##>                                  END             1010138157 ( +0.00)    214748364.70 (   +0.00)             0 (       0)           0  
##> csa_opto                       START             1010138157 ( +0.00)    214748364.70 (   +0.00)             0 (       0)              
##>                                  END             1010138157 ( +0.00)    214748364.70 (   +0.00)             0 (       0)           0  
##>                                  END             1010138157 ( +0.00)    214748364.70 (   +0.00)             0 (       0)           0  
##>context_based_simplify          START             1010138157 ( +0.00)    214748364.70 (   +0.00)             0 (       0)              
##>                                  END              945798147 ( -6.37)    214748364.70 (   +0.00)             0 (       0)           0  
##>group_csa_final_adder_dp        START              945798147 ( +0.00)    214748364.70 (   +0.00)             0 (       0)              
##>                                  END              945798147 ( +0.00)    214748364.70 (   +0.00)             0 (       0)           0  
##>dpopt_flatten_critical_muxes_i  START              945798147 ( +0.00)    214748364.70 (   +0.00)             0 (       0)              
##>                                  END              945798147 ( +0.00)    214748364.70 (   +0.00)             0 (       0)           0  
##>create_score                    START              945798147 ( +0.00)    18454.30 (-214729910.40)             0 (       0)              
##>                                  END              945798147 ( +0.00)    18454.30 (   +0.00)             0 (       0)           0  
##>+------------------------------------------------------------------------------------------------------------------------------------------------------------+
Committed config: CDN_DP_region_2_0_c6
Info    : Done implementing datapath configurations. [DPOPT-4]
        : Selected 'very_fast' configuration 6 for module 'CDN_DP_region_2_0'.
          Optimizations applied to 'very_fast' configuration:
            rewriting(0), factoring(0), sharing(0), cmultcse(0), downsizing(0), speculation(0)
Info    : Implementing datapath configurations. [DPOPT-3]
        : Implementing datapath configurations for 'CDN_DP_region_3_0'
CSAGen Prep Share:0 Re-Write:0 Speculation: 0
MaxCSA: Successfully built Maximal CSA Expression Expr20
CDN_DP_region_3_0 level = 1 loads = 0 drivers = 1 is driven by : CDN_DP_region_10_4 
CDN_DP_region_3_0_c0 in counter_width10_restart_behav0_1974: area: 1048742163 ,dp = 2 mux = 1 sg = slow         worst_clk_period: -1.0000 
    wns: 0  norm_wns:  -1.0000 
    fail_endp: -1 
    tns:  0  tns_per_endp:  -1.0000   norm_tns_per_endp:  -1.0000 
    tns_sense_max:  -1.0000  tns_sense_avg:  -1.0000   tns_sense_num: -1
 skipped
CDN_DP_region_3_0_c1 in counter_width10_restart_behav0_1974: area: 945798147 ,dp = 2 mux = 1 sg = fast         worst_clk_period: -1.0000 
    wns: 0  norm_wns:  -1.0000 
    fail_endp: -1 
    tns:  0  tns_per_endp:  -1.0000   norm_tns_per_endp:  -1.0000 
    tns_sense_max:  -1.0000  tns_sense_avg:  -1.0000   tns_sense_num: -1
 is current best
CDN_DP_region_3_0_c2 in counter_width10_restart_behav0_1974: area: 945798147 ,dp = 2 mux = 1 sg = very_slow    worst_clk_period: -1.0000 
    wns: 0  norm_wns:  -1.0000 
    fail_endp: -1 
    tns:  0  tns_per_endp:  -1.0000   norm_tns_per_endp:  -1.0000 
    tns_sense_max:  -1.0000  tns_sense_avg:  -1.0000   tns_sense_num: -1
 is current best
CDN_DP_region_3_0_c3 in counter_width10_restart_behav0_1974: area: 945798147 ,dp = 2 mux = 1 sg = very_fast    worst_clk_period: -1.0000 
    wns: 0  norm_wns:  -1.0000 
    fail_endp: -1 
    tns:  0  tns_per_endp:  -1.0000   norm_tns_per_endp:  -1.0000 
    tns_sense_max:  -1.0000  tns_sense_avg:  -1.0000   tns_sense_num: -1
 is current best
CDN_DP_region_3_0_c4 in counter_width10_restart_behav0_1974: area: 945798147 ,dp = 2 mux = 1 sg = very_fast    worst_clk_period: -1.0000 
    wns: 0  norm_wns:  -1.0000 
    fail_endp: -1 
    tns:  0  tns_per_endp:  -1.0000   norm_tns_per_endp:  -1.0000 
    tns_sense_max:  -1.0000  tns_sense_avg:  -1.0000   tns_sense_num: -1
 is current best
CDN_DP_region_3_0_c5 in counter_width10_restart_behav0_1974: area: 945798147 ,dp = 2 mux = 1 sg = very_fast    worst_clk_period: -1.0000 
    wns: 0  norm_wns:  -1.0000 
    fail_endp: -1 
    tns:  0  tns_per_endp:  -1.0000   norm_tns_per_endp:  -1.0000 
    tns_sense_max:  -1.0000  tns_sense_avg:  -1.0000   tns_sense_num: -1
 is current best
CDN_DP_region_3_0_c6 in counter_width10_restart_behav0_1974: area: 945798147 ,dp = 2 mux = 1 sg = very_fast    worst_clk_period: -1.0000 
    wns: 0  norm_wns:  -1.0000 
    fail_endp: -1 
    tns:  0  tns_per_endp:  -1.0000   norm_tns_per_endp:  -1.0000 
    tns_sense_max:  -1.0000  tns_sense_avg:  -1.0000   tns_sense_num: -1
 is current best
CDN_DP_region_3_0_c7 in counter_width10_restart_behav0_1974: area: 2586468402 ,dp = 2 mux = 1 sg = very_fast    worst_clk_period: -1.0000 
    wns: 0  norm_wns:  -1.0000 
    fail_endp: -1 
    tns:  0  tns_per_endp:  -1.0000   norm_tns_per_endp:  -1.0000 
    tns_sense_max:  -1.0000  tns_sense_avg:  -1.0000   tns_sense_num: -1

Best config: CDN_DP_region_3_0_c6 in counter_width10_restart_behav0_1974: area: 945798147 ,dp = 2 mux = 1 sg = very_fast    worst_clk_period: -1.0000 
    wns: 0  norm_wns:  -1.0000 
    fail_endp: -1 
    tns:  0  tns_per_endp:  -1.0000   norm_tns_per_endp:  -1.0000 
    tns_sense_max:  -1.0000  tns_sense_avg:  -1.0000   tns_sense_num: -1
  Smallest config area : 945798147.  Fastest config wns;  0
##>+----------------------------------------------------------------------------------------------------------------------------------------------------------------+
##>Summary table of configs (Best config is CDN_DP_region_3_0_c6)
##>+----------------------------------------------------------------------------------------------------------------------------------------------------------------+
##>                     0                  1                  2                  3                  4                  5                  6                  7            
##>+----------------------------------------------------------------------------------------------------------------------------------------------------------------+
##>           Area       1048742163          945798147          945798147          945798147          945798147          945798147          945798147         2586468402  
##>            WNS        +18454.30          +18454.30          +18454.30          +18454.30          +18454.30          +18454.30          +18454.30          +18345.30  
##>            TNS                0                  0                  0                  0                  0                  0                  0                  0  
##>    Num Rewrite                0                  0                  0                  0                  0                  0                  0                  0  
##>     Num Factor                0                  0                  0                  0                  0                  0                  0                  0  
##>      Num Share                0                  0                  0                  0                  0                  0                  0                  0  
##>   Num CmultCse                0                  0                  0                  0                  0                  0                  0                  0  
##>   Num Downsize                0                  0                  0                  0                  0                  0                  0                  0  
##>  Num Speculate                0                  0                  0                  0                  0                  0                  0                  0  
##>     Runtime(s)                0                  0                  0                  0                  0                  0                  0                  0  
+----------------------------------------------------------------------------------------------------------------------------------------------------------------+
##>
##>
##>+------------------------------------------------------------------------------------------------------------------------------------------------------------+
##>Optimization Step DEBUG Table for config CDN_DP_region_3_0_c6
##>
##>                          Step                        Area   ( % Chg)        WNS (Change)        TNS (Change)          Runtime (s)        Comment                   
##>+------------------------------------------------------------------------------------------------------------------------------------------------------------+
##>createMaxCarrySave              START             1048742163 (      )    107392636.70 (        )             0 (        )              
##> datapath_rewrite_one_def       START             1048742163 ( +0.00)    107392636.70 (   +0.00)             0 (       0)              
##>  fast_cse_elim                 START             1048742163 ( +0.00)    107392636.70 (   +0.00)             0 (       0)              
##>                                  END             1048742163 ( +0.00)    107392636.70 (   +0.00)             0 (       0)           0  
##>  fast_cse_elim                 START             1048742163 ( +0.00)    107392636.70 (   +0.00)             0 (       0)              
##>                                  END             1048742163 ( +0.00)    107392636.70 (   +0.00)             0 (       0)           0  
##>                                  END             1048742163 ( +0.00)    107392636.70 (   +0.00)             0 (       0)           0  
##> dpopt_share_one_def            START             1048742163 ( +0.00)    107392636.70 (   +0.00)             0 (       0)              
##>                                  END             1048742163 ( +0.00)    107392636.70 (   +0.00)             0 (       0)           0  
##> csa_opto                       START             1048742163 ( +0.00)    214748364.70 (+107355728.00)             0 (       0)              
##>                                  END             1010138157 ( -3.68)    214748364.70 (   +0.00)             0 (       0)           0  
##>                                  END             1010138157 ( -3.68)    214748364.70 (+107355728.00)             0 (       0)           0  
##>canonicalize_by_names           START             1010138157 ( +0.00)    214748364.70 (   +0.00)             0 (       0)              
##>                                  END             1010138157 ( +0.00)    214748364.70 (   +0.00)             0 (       0)           0  
##>datapath_rewrite_post_csa_one_  START             1010138157 ( +0.00)    214748364.70 (   +0.00)             0 (       0)              
##>                                  END             1010138157 ( +0.00)    214748364.70 (   +0.00)             0 (       0)           0  
##>datapath_csa_factoring_one_gde  START             1010138157 ( +0.00)    214748364.70 (   +0.00)             0 (       0)              
##>                                  END             1010138157 ( +0.00)    214748364.70 (   +0.00)             0 (       0)           0  
##>dpopt_share_one_def             START             1010138157 ( +0.00)    214748364.70 (   +0.00)             0 (       0)              
##>                                  END             1010138157 ( +0.00)    214748364.70 (   +0.00)             0 (       0)           0  
##>datapath_rewrite_post_share     START             1010138157 ( +0.00)    214748364.70 (   +0.00)             0 (       0)              
##>                                  END             1010138157 ( +0.00)    214748364.70 (   +0.00)             0 (       0)           0  
##>dp_combine_const_mult_with_com  START             1010138157 ( +0.00)    214748364.70 (   +0.00)             0 (       0)              
##>                                  END             1010138157 ( +0.00)    214748364.70 (   +0.00)             0 (       0)           0  
##>dp_operator_level_decompositio  START             1010138157 ( +0.00)    214748364.70 (   +0.00)             0 (       0)              
##>                                  END             1010138157 ( +0.00)    214748364.70 (   +0.00)             0 (       0)           0  
##>selective_flatten_dp_config     START             1010138157 ( +0.00)    214748364.70 (   +0.00)             0 (       0)              
##>                                  END             1010138157 ( +0.00)    214748364.70 (   +0.00)             0 (       0)           0  
##>createMaxCarrySave              START             1010138157 ( +0.00)    214748364.70 (   +0.00)             0 (       0)              
##> datapath_rewrite_one_def       START             1010138157 ( +0.00)    214748364.70 (   +0.00)             0 (       0)              
##>  fast_cse_elim                 START             1010138157 ( +0.00)    214748364.70 (   +0.00)             0 (       0)              
##>                                  END             1010138157 ( +0.00)    214748364.70 (   +0.00)             0 (       0)           0  
##>  fast_cse_elim                 START             1010138157 ( +0.00)    214748364.70 (   +0.00)             0 (       0)              
##>                                  END             1010138157 ( +0.00)    214748364.70 (   +0.00)             0 (       0)           0  
##>                                  END             1010138157 ( +0.00)    214748364.70 (   +0.00)             0 (       0)           0  
##> dpopt_share_one_def            START             1010138157 ( +0.00)    214748364.70 (   +0.00)             0 (       0)              
##>                                  END             1010138157 ( +0.00)    214748364.70 (   +0.00)             0 (       0)           0  
##> csa_opto                       START             1010138157 ( +0.00)    214748364.70 (   +0.00)             0 (       0)              
##>                                  END             1010138157 ( +0.00)    214748364.70 (   +0.00)             0 (       0)           0  
##>                                  END             1010138157 ( +0.00)    214748364.70 (   +0.00)             0 (       0)           0  
##>context_based_simplify          START             1010138157 ( +0.00)    214748364.70 (   +0.00)             0 (       0)              
##>                                  END              945798147 ( -6.37)    214748364.70 (   +0.00)             0 (       0)           0  
##>group_csa_final_adder_dp        START              945798147 ( +0.00)    214748364.70 (   +0.00)             0 (       0)              
##>                                  END              945798147 ( +0.00)    214748364.70 (   +0.00)             0 (       0)           0  
##>dpopt_flatten_critical_muxes_i  START              945798147 ( +0.00)    214748364.70 (   +0.00)             0 (       0)              
##>                                  END              945798147 ( +0.00)    214748364.70 (   +0.00)             0 (       0)           0  
##>create_score                    START              945798147 ( +0.00)    18454.30 (-214729910.40)             0 (       0)              
##>                                  END              945798147 ( +0.00)    18454.30 (   +0.00)             0 (       0)           0  
##>+------------------------------------------------------------------------------------------------------------------------------------------------------------+
Committed config: CDN_DP_region_3_0_c6
Info    : Done implementing datapath configurations. [DPOPT-4]
        : Selected 'very_fast' configuration 6 for module 'CDN_DP_region_3_0'.
          Optimizations applied to 'very_fast' configuration:
            rewriting(0), factoring(0), sharing(0), cmultcse(0), downsizing(0), speculation(0)
Info    : Implementing datapath configurations. [DPOPT-3]
        : Implementing datapath configurations for 'CDN_DP_region_4_0'
CSAGen Prep Share:0 Re-Write:0 Speculation: 0
MaxCSA: Successfully built Maximal CSA Expression Expr21
CDN_DP_region_4_0 level = 1 loads = 0 drivers = 1 is driven by : CDN_DP_region_10_4 
CDN_DP_region_4_0_c0 in counter_width10_restart_behav0_1975: area: 1048742163 ,dp = 2 mux = 1 sg = slow         worst_clk_period: -1.0000 
    wns: 0  norm_wns:  -1.0000 
    fail_endp: -1 
    tns:  0  tns_per_endp:  -1.0000   norm_tns_per_endp:  -1.0000 
    tns_sense_max:  -1.0000  tns_sense_avg:  -1.0000   tns_sense_num: -1
 skipped
CDN_DP_region_4_0_c1 in counter_width10_restart_behav0_1975: area: 945798147 ,dp = 2 mux = 1 sg = fast         worst_clk_period: -1.0000 
    wns: 0  norm_wns:  -1.0000 
    fail_endp: -1 
    tns:  0  tns_per_endp:  -1.0000   norm_tns_per_endp:  -1.0000 
    tns_sense_max:  -1.0000  tns_sense_avg:  -1.0000   tns_sense_num: -1
 is current best
CDN_DP_region_4_0_c2 in counter_width10_restart_behav0_1975: area: 945798147 ,dp = 2 mux = 1 sg = very_slow    worst_clk_period: -1.0000 
    wns: 0  norm_wns:  -1.0000 
    fail_endp: -1 
    tns:  0  tns_per_endp:  -1.0000   norm_tns_per_endp:  -1.0000 
    tns_sense_max:  -1.0000  tns_sense_avg:  -1.0000   tns_sense_num: -1
 is current best
CDN_DP_region_4_0_c3 in counter_width10_restart_behav0_1975: area: 945798147 ,dp = 2 mux = 1 sg = very_fast    worst_clk_period: -1.0000 
    wns: 0  norm_wns:  -1.0000 
    fail_endp: -1 
    tns:  0  tns_per_endp:  -1.0000   norm_tns_per_endp:  -1.0000 
    tns_sense_max:  -1.0000  tns_sense_avg:  -1.0000   tns_sense_num: -1
 is current best
CDN_DP_region_4_0_c4 in counter_width10_restart_behav0_1975: area: 945798147 ,dp = 2 mux = 1 sg = very_fast    worst_clk_period: -1.0000 
    wns: 0  norm_wns:  -1.0000 
    fail_endp: -1 
    tns:  0  tns_per_endp:  -1.0000   norm_tns_per_endp:  -1.0000 
    tns_sense_max:  -1.0000  tns_sense_avg:  -1.0000   tns_sense_num: -1
 is current best
CDN_DP_region_4_0_c5 in counter_width10_restart_behav0_1975: area: 945798147 ,dp = 2 mux = 1 sg = very_fast    worst_clk_period: -1.0000 
    wns: 0  norm_wns:  -1.0000 
    fail_endp: -1 
    tns:  0  tns_per_endp:  -1.0000   norm_tns_per_endp:  -1.0000 
    tns_sense_max:  -1.0000  tns_sense_avg:  -1.0000   tns_sense_num: -1
 is current best
CDN_DP_region_4_0_c6 in counter_width10_restart_behav0_1975: area: 945798147 ,dp = 2 mux = 1 sg = very_fast    worst_clk_period: -1.0000 
    wns: 0  norm_wns:  -1.0000 
    fail_endp: -1 
    tns:  0  tns_per_endp:  -1.0000   norm_tns_per_endp:  -1.0000 
    tns_sense_max:  -1.0000  tns_sense_avg:  -1.0000   tns_sense_num: -1
 is current best
CDN_DP_region_4_0_c7 in counter_width10_restart_behav0_1975: area: 2586468402 ,dp = 2 mux = 1 sg = very_fast    worst_clk_period: -1.0000 
    wns: 0  norm_wns:  -1.0000 
    fail_endp: -1 
    tns:  0  tns_per_endp:  -1.0000   norm_tns_per_endp:  -1.0000 
    tns_sense_max:  -1.0000  tns_sense_avg:  -1.0000   tns_sense_num: -1

Best config: CDN_DP_region_4_0_c6 in counter_width10_restart_behav0_1975: area: 945798147 ,dp = 2 mux = 1 sg = very_fast    worst_clk_period: -1.0000 
    wns: 0  norm_wns:  -1.0000 
    fail_endp: -1 
    tns:  0  tns_per_endp:  -1.0000   norm_tns_per_endp:  -1.0000 
    tns_sense_max:  -1.0000  tns_sense_avg:  -1.0000   tns_sense_num: -1
  Smallest config area : 945798147.  Fastest config wns;  0
##>+----------------------------------------------------------------------------------------------------------------------------------------------------------------+
##>Summary table of configs (Best config is CDN_DP_region_4_0_c6)
##>+----------------------------------------------------------------------------------------------------------------------------------------------------------------+
##>                     0                  1                  2                  3                  4                  5                  6                  7            
##>+----------------------------------------------------------------------------------------------------------------------------------------------------------------+
##>           Area       1048742163          945798147          945798147          945798147          945798147          945798147          945798147         2586468402  
##>            WNS        +18454.30          +18454.30          +18454.30          +18454.30          +18454.30          +18454.30          +18454.30          +18345.30  
##>            TNS                0                  0                  0                  0                  0                  0                  0                  0  
##>    Num Rewrite                0                  0                  0                  0                  0                  0                  0                  0  
##>     Num Factor                0                  0                  0                  0                  0                  0                  0                  0  
##>      Num Share                0                  0                  0                  0                  0                  0                  0                  0  
##>   Num CmultCse                0                  0                  0                  0                  0                  0                  0                  0  
##>   Num Downsize                0                  0                  0                  0                  0                  0                  0                  0  
##>  Num Speculate                0                  0                  0                  0                  0                  0                  0                  0  
##>     Runtime(s)                0                  0                  0                  0                  0                  0                  0                  0  
+----------------------------------------------------------------------------------------------------------------------------------------------------------------+
##>
##>
##>+------------------------------------------------------------------------------------------------------------------------------------------------------------+
##>Optimization Step DEBUG Table for config CDN_DP_region_4_0_c6
##>
##>                          Step                        Area   ( % Chg)        WNS (Change)        TNS (Change)          Runtime (s)        Comment                   
##>+------------------------------------------------------------------------------------------------------------------------------------------------------------+
##>createMaxCarrySave              START             1048742163 (      )    107392636.70 (        )             0 (        )              
##> datapath_rewrite_one_def       START             1048742163 ( +0.00)    107392636.70 (   +0.00)             0 (       0)              
##>  fast_cse_elim                 START             1048742163 ( +0.00)    107392636.70 (   +0.00)             0 (       0)              
##>                                  END             1048742163 ( +0.00)    107392636.70 (   +0.00)             0 (       0)           0  
##>  fast_cse_elim                 START             1048742163 ( +0.00)    107392636.70 (   +0.00)             0 (       0)              
##>                                  END             1048742163 ( +0.00)    107392636.70 (   +0.00)             0 (       0)           0  
##>                                  END             1048742163 ( +0.00)    107392636.70 (   +0.00)             0 (       0)           0  
##> dpopt_share_one_def            START             1048742163 ( +0.00)    107392636.70 (   +0.00)             0 (       0)              
##>                                  END             1048742163 ( +0.00)    107392636.70 (   +0.00)             0 (       0)           0  
##> csa_opto                       START             1048742163 ( +0.00)    214748364.70 (+107355728.00)             0 (       0)              
##>                                  END             1010138157 ( -3.68)    214748364.70 (   +0.00)             0 (       0)           0  
##>                                  END             1010138157 ( -3.68)    214748364.70 (+107355728.00)             0 (       0)           0  
##>canonicalize_by_names           START             1010138157 ( +0.00)    214748364.70 (   +0.00)             0 (       0)              
##>                                  END             1010138157 ( +0.00)    214748364.70 (   +0.00)             0 (       0)           0  
##>datapath_rewrite_post_csa_one_  START             1010138157 ( +0.00)    214748364.70 (   +0.00)             0 (       0)              
##>                                  END             1010138157 ( +0.00)    214748364.70 (   +0.00)             0 (       0)           0  
##>datapath_csa_factoring_one_gde  START             1010138157 ( +0.00)    214748364.70 (   +0.00)             0 (       0)              
##>                                  END             1010138157 ( +0.00)    214748364.70 (   +0.00)             0 (       0)           0  
##>dpopt_share_one_def             START             1010138157 ( +0.00)    214748364.70 (   +0.00)             0 (       0)              
##>                                  END             1010138157 ( +0.00)    214748364.70 (   +0.00)             0 (       0)           0  
##>datapath_rewrite_post_share     START             1010138157 ( +0.00)    214748364.70 (   +0.00)             0 (       0)              
##>                                  END             1010138157 ( +0.00)    214748364.70 (   +0.00)             0 (       0)           0  
##>dp_combine_const_mult_with_com  START             1010138157 ( +0.00)    214748364.70 (   +0.00)             0 (       0)              
##>                                  END             1010138157 ( +0.00)    214748364.70 (   +0.00)             0 (       0)           0  
##>dp_operator_level_decompositio  START             1010138157 ( +0.00)    214748364.70 (   +0.00)             0 (       0)              
##>                                  END             1010138157 ( +0.00)    214748364.70 (   +0.00)             0 (       0)           0  
##>selective_flatten_dp_config     START             1010138157 ( +0.00)    214748364.70 (   +0.00)             0 (       0)              
##>                                  END             1010138157 ( +0.00)    214748364.70 (   +0.00)             0 (       0)           0  
##>createMaxCarrySave              START             1010138157 ( +0.00)    214748364.70 (   +0.00)             0 (       0)              
##> datapath_rewrite_one_def       START             1010138157 ( +0.00)    214748364.70 (   +0.00)             0 (       0)              
##>  fast_cse_elim                 START             1010138157 ( +0.00)    214748364.70 (   +0.00)             0 (       0)              
##>                                  END             1010138157 ( +0.00)    214748364.70 (   +0.00)             0 (       0)           0  
##>  fast_cse_elim                 START             1010138157 ( +0.00)    214748364.70 (   +0.00)             0 (       0)              
##>                                  END             1010138157 ( +0.00)    214748364.70 (   +0.00)             0 (       0)           0  
##>                                  END             1010138157 ( +0.00)    214748364.70 (   +0.00)             0 (       0)           0  
##> dpopt_share_one_def            START             1010138157 ( +0.00)    214748364.70 (   +0.00)             0 (       0)              
##>                                  END             1010138157 ( +0.00)    214748364.70 (   +0.00)             0 (       0)           0  
##> csa_opto                       START             1010138157 ( +0.00)    214748364.70 (   +0.00)             0 (       0)              
##>                                  END             1010138157 ( +0.00)    214748364.70 (   +0.00)             0 (       0)           0  
##>                                  END             1010138157 ( +0.00)    214748364.70 (   +0.00)             0 (       0)           0  
##>context_based_simplify          START             1010138157 ( +0.00)    214748364.70 (   +0.00)             0 (       0)              
##>                                  END              945798147 ( -6.37)    214748364.70 (   +0.00)             0 (       0)           0  
##>group_csa_final_adder_dp        START              945798147 ( +0.00)    214748364.70 (   +0.00)             0 (       0)              
##>                                  END              945798147 ( +0.00)    214748364.70 (   +0.00)             0 (       0)           0  
##>dpopt_flatten_critical_muxes_i  START              945798147 ( +0.00)    214748364.70 (   +0.00)             0 (       0)              
##>                                  END              945798147 ( +0.00)    214748364.70 (   +0.00)             0 (       0)           0  
##>create_score                    START              945798147 ( +0.00)    18454.30 (-214729910.40)             0 (       0)              
##>                                  END              945798147 ( +0.00)    18454.30 (   +0.00)             0 (       0)           0  
##>+------------------------------------------------------------------------------------------------------------------------------------------------------------+
Committed config: CDN_DP_region_4_0_c6
Info    : Done implementing datapath configurations. [DPOPT-4]
        : Selected 'very_fast' configuration 6 for module 'CDN_DP_region_4_0'.
          Optimizations applied to 'very_fast' configuration:
            rewriting(0), factoring(0), sharing(0), cmultcse(0), downsizing(0), speculation(0)
Info    : Implementing datapath configurations. [DPOPT-3]
        : Implementing datapath configurations for 'CDN_DP_region_5_0'
CSAGen Prep Share:0 Re-Write:0 Speculation: 0
MaxCSA: Successfully built Maximal CSA Expression Expr22
CDN_DP_region_5_0 level = 1 loads = 0 drivers = 1 is driven by : CDN_DP_region_10_4 
CDN_DP_region_5_0_c0 in counter_width10_restart_behav0_1976: area: 1048742163 ,dp = 2 mux = 1 sg = slow         worst_clk_period: -1.0000 
    wns: 0  norm_wns:  -1.0000 
    fail_endp: -1 
    tns:  0  tns_per_endp:  -1.0000   norm_tns_per_endp:  -1.0000 
    tns_sense_max:  -1.0000  tns_sense_avg:  -1.0000   tns_sense_num: -1
 skipped
CDN_DP_region_5_0_c1 in counter_width10_restart_behav0_1976: area: 945798147 ,dp = 2 mux = 1 sg = fast         worst_clk_period: -1.0000 
    wns: 0  norm_wns:  -1.0000 
    fail_endp: -1 
    tns:  0  tns_per_endp:  -1.0000   norm_tns_per_endp:  -1.0000 
    tns_sense_max:  -1.0000  tns_sense_avg:  -1.0000   tns_sense_num: -1
 is current best
CDN_DP_region_5_0_c2 in counter_width10_restart_behav0_1976: area: 945798147 ,dp = 2 mux = 1 sg = very_slow    worst_clk_period: -1.0000 
    wns: 0  norm_wns:  -1.0000 
    fail_endp: -1 
    tns:  0  tns_per_endp:  -1.0000   norm_tns_per_endp:  -1.0000 
    tns_sense_max:  -1.0000  tns_sense_avg:  -1.0000   tns_sense_num: -1
 is current best
CDN_DP_region_5_0_c3 in counter_width10_restart_behav0_1976: area: 945798147 ,dp = 2 mux = 1 sg = very_fast    worst_clk_period: -1.0000 
    wns: 0  norm_wns:  -1.0000 
    fail_endp: -1 
    tns:  0  tns_per_endp:  -1.0000   norm_tns_per_endp:  -1.0000 
    tns_sense_max:  -1.0000  tns_sense_avg:  -1.0000   tns_sense_num: -1
 is current best
CDN_DP_region_5_0_c4 in counter_width10_restart_behav0_1976: area: 945798147 ,dp = 2 mux = 1 sg = very_fast    worst_clk_period: -1.0000 
    wns: 0  norm_wns:  -1.0000 
    fail_endp: -1 
    tns:  0  tns_per_endp:  -1.0000   norm_tns_per_endp:  -1.0000 
    tns_sense_max:  -1.0000  tns_sense_avg:  -1.0000   tns_sense_num: -1
 is current best
CDN_DP_region_5_0_c5 in counter_width10_restart_behav0_1976: area: 945798147 ,dp = 2 mux = 1 sg = very_fast    worst_clk_period: -1.0000 
    wns: 0  norm_wns:  -1.0000 
    fail_endp: -1 
    tns:  0  tns_per_endp:  -1.0000   norm_tns_per_endp:  -1.0000 
    tns_sense_max:  -1.0000  tns_sense_avg:  -1.0000   tns_sense_num: -1
 is current best
CDN_DP_region_5_0_c6 in counter_width10_restart_behav0_1976: area: 945798147 ,dp = 2 mux = 1 sg = very_fast    worst_clk_period: -1.0000 
    wns: 0  norm_wns:  -1.0000 
    fail_endp: -1 
    tns:  0  tns_per_endp:  -1.0000   norm_tns_per_endp:  -1.0000 
    tns_sense_max:  -1.0000  tns_sense_avg:  -1.0000   tns_sense_num: -1
 is current best
CDN_DP_region_5_0_c7 in counter_width10_restart_behav0_1976: area: 2586468402 ,dp = 2 mux = 1 sg = very_fast    worst_clk_period: -1.0000 
    wns: 0  norm_wns:  -1.0000 
    fail_endp: -1 
    tns:  0  tns_per_endp:  -1.0000   norm_tns_per_endp:  -1.0000 
    tns_sense_max:  -1.0000  tns_sense_avg:  -1.0000   tns_sense_num: -1

Best config: CDN_DP_region_5_0_c6 in counter_width10_restart_behav0_1976: area: 945798147 ,dp = 2 mux = 1 sg = very_fast    worst_clk_period: -1.0000 
    wns: 0  norm_wns:  -1.0000 
    fail_endp: -1 
    tns:  0  tns_per_endp:  -1.0000   norm_tns_per_endp:  -1.0000 
    tns_sense_max:  -1.0000  tns_sense_avg:  -1.0000   tns_sense_num: -1
  Smallest config area : 945798147.  Fastest config wns;  0
##>+----------------------------------------------------------------------------------------------------------------------------------------------------------------+
##>Summary table of configs (Best config is CDN_DP_region_5_0_c6)
##>+----------------------------------------------------------------------------------------------------------------------------------------------------------------+
##>                     0                  1                  2                  3                  4                  5                  6                  7            
##>+----------------------------------------------------------------------------------------------------------------------------------------------------------------+
##>           Area       1048742163          945798147          945798147          945798147          945798147          945798147          945798147         2586468402  
##>            WNS        +18454.30          +18454.30          +18454.30          +18454.30          +18454.30          +18454.30          +18454.30          +18345.30  
##>            TNS                0                  0                  0                  0                  0                  0                  0                  0  
##>    Num Rewrite                0                  0                  0                  0                  0                  0                  0                  0  
##>     Num Factor                0                  0                  0                  0                  0                  0                  0                  0  
##>      Num Share                0                  0                  0                  0                  0                  0                  0                  0  
##>   Num CmultCse                0                  0                  0                  0                  0                  0                  0                  0  
##>   Num Downsize                0                  0                  0                  0                  0                  0                  0                  0  
##>  Num Speculate                0                  0                  0                  0                  0                  0                  0                  0  
##>     Runtime(s)                0                  0                  0                  0                  0                  0                  0                  0  
+----------------------------------------------------------------------------------------------------------------------------------------------------------------+
##>
##>
##>+------------------------------------------------------------------------------------------------------------------------------------------------------------+
##>Optimization Step DEBUG Table for config CDN_DP_region_5_0_c6
##>
##>                          Step                        Area   ( % Chg)        WNS (Change)        TNS (Change)          Runtime (s)        Comment                   
##>+------------------------------------------------------------------------------------------------------------------------------------------------------------+
##>createMaxCarrySave              START             1048742163 (      )    107392636.70 (        )             0 (        )              
##> datapath_rewrite_one_def       START             1048742163 ( +0.00)    107392636.70 (   +0.00)             0 (       0)              
##>  fast_cse_elim                 START             1048742163 ( +0.00)    107392636.70 (   +0.00)             0 (       0)              
##>                                  END             1048742163 ( +0.00)    107392636.70 (   +0.00)             0 (       0)           0  
##>  fast_cse_elim                 START             1048742163 ( +0.00)    107392636.70 (   +0.00)             0 (       0)              
##>                                  END             1048742163 ( +0.00)    107392636.70 (   +0.00)             0 (       0)           0  
##>                                  END             1048742163 ( +0.00)    107392636.70 (   +0.00)             0 (       0)           0  
##> dpopt_share_one_def            START             1048742163 ( +0.00)    107392636.70 (   +0.00)             0 (       0)              
##>                                  END             1048742163 ( +0.00)    107392636.70 (   +0.00)             0 (       0)           0  
##> csa_opto                       START             1048742163 ( +0.00)    214748364.70 (+107355728.00)             0 (       0)              
##>                                  END             1010138157 ( -3.68)    214748364.70 (   +0.00)             0 (       0)           0  
##>                                  END             1010138157 ( -3.68)    214748364.70 (+107355728.00)             0 (       0)           0  
##>canonicalize_by_names           START             1010138157 ( +0.00)    214748364.70 (   +0.00)             0 (       0)              
##>                                  END             1010138157 ( +0.00)    214748364.70 (   +0.00)             0 (       0)           0  
##>datapath_rewrite_post_csa_one_  START             1010138157 ( +0.00)    214748364.70 (   +0.00)             0 (       0)              
##>                                  END             1010138157 ( +0.00)    214748364.70 (   +0.00)             0 (       0)           0  
##>datapath_csa_factoring_one_gde  START             1010138157 ( +0.00)    214748364.70 (   +0.00)             0 (       0)              
##>                                  END             1010138157 ( +0.00)    214748364.70 (   +0.00)             0 (       0)           0  
##>dpopt_share_one_def             START             1010138157 ( +0.00)    214748364.70 (   +0.00)             0 (       0)              
##>                                  END             1010138157 ( +0.00)    214748364.70 (   +0.00)             0 (       0)           0  
##>datapath_rewrite_post_share     START             1010138157 ( +0.00)    214748364.70 (   +0.00)             0 (       0)              
##>                                  END             1010138157 ( +0.00)    214748364.70 (   +0.00)             0 (       0)           0  
##>dp_combine_const_mult_with_com  START             1010138157 ( +0.00)    214748364.70 (   +0.00)             0 (       0)              
##>                                  END             1010138157 ( +0.00)    214748364.70 (   +0.00)             0 (       0)           0  
##>dp_operator_level_decompositio  START             1010138157 ( +0.00)    214748364.70 (   +0.00)             0 (       0)              
##>                                  END             1010138157 ( +0.00)    214748364.70 (   +0.00)             0 (       0)           0  
##>selective_flatten_dp_config     START             1010138157 ( +0.00)    214748364.70 (   +0.00)             0 (       0)              
##>                                  END             1010138157 ( +0.00)    214748364.70 (   +0.00)             0 (       0)           0  
##>createMaxCarrySave              START             1010138157 ( +0.00)    214748364.70 (   +0.00)             0 (       0)              
##> datapath_rewrite_one_def       START             1010138157 ( +0.00)    214748364.70 (   +0.00)             0 (       0)              
##>  fast_cse_elim                 START             1010138157 ( +0.00)    214748364.70 (   +0.00)             0 (       0)              
##>                                  END             1010138157 ( +0.00)    214748364.70 (   +0.00)             0 (       0)           0  
##>  fast_cse_elim                 START             1010138157 ( +0.00)    214748364.70 (   +0.00)             0 (       0)              
##>                                  END             1010138157 ( +0.00)    214748364.70 (   +0.00)             0 (       0)           0  
##>                                  END             1010138157 ( +0.00)    214748364.70 (   +0.00)             0 (       0)           0  
##> dpopt_share_one_def            START             1010138157 ( +0.00)    214748364.70 (   +0.00)             0 (       0)              
##>                                  END             1010138157 ( +0.00)    214748364.70 (   +0.00)             0 (       0)           0  
##> csa_opto                       START             1010138157 ( +0.00)    214748364.70 (   +0.00)             0 (       0)              
##>                                  END             1010138157 ( +0.00)    214748364.70 (   +0.00)             0 (       0)           0  
##>                                  END             1010138157 ( +0.00)    214748364.70 (   +0.00)             0 (       0)           0  
##>context_based_simplify          START             1010138157 ( +0.00)    214748364.70 (   +0.00)             0 (       0)              
##>                                  END              945798147 ( -6.37)    214748364.70 (   +0.00)             0 (       0)           0  
##>group_csa_final_adder_dp        START              945798147 ( +0.00)    214748364.70 (   +0.00)             0 (       0)              
##>                                  END              945798147 ( +0.00)    214748364.70 (   +0.00)             0 (       0)           0  
##>dpopt_flatten_critical_muxes_i  START              945798147 ( +0.00)    214748364.70 (   +0.00)             0 (       0)              
##>                                  END              945798147 ( +0.00)    214748364.70 (   +0.00)             0 (       0)           0  
##>create_score                    START              945798147 ( +0.00)    18454.30 (-214729910.40)             0 (       0)              
##>                                  END              945798147 ( +0.00)    18454.30 (   +0.00)             0 (       0)           0  
##>+------------------------------------------------------------------------------------------------------------------------------------------------------------+
Committed config: CDN_DP_region_5_0_c6
Info    : Done implementing datapath configurations. [DPOPT-4]
        : Selected 'very_fast' configuration 6 for module 'CDN_DP_region_5_0'.
          Optimizations applied to 'very_fast' configuration:
            rewriting(0), factoring(0), sharing(0), cmultcse(0), downsizing(0), speculation(0)
Info    : Implementing datapath configurations. [DPOPT-3]
        : Implementing datapath configurations for 'CDN_DP_region_6_0'
CSAGen Prep Share:0 Re-Write:0 Speculation: 0
MaxCSA: Successfully built Maximal CSA Expression Expr23
CDN_DP_region_6_0 level = 1 loads = 0 drivers = 1 is driven by : CDN_DP_region_10_4 
CDN_DP_region_6_0_c0 in counter_width10_restart_behav0_1977: area: 1048742163 ,dp = 2 mux = 1 sg = slow         worst_clk_period: -1.0000 
    wns: 0  norm_wns:  -1.0000 
    fail_endp: -1 
    tns:  0  tns_per_endp:  -1.0000   norm_tns_per_endp:  -1.0000 
    tns_sense_max:  -1.0000  tns_sense_avg:  -1.0000   tns_sense_num: -1
 skipped
CDN_DP_region_6_0_c1 in counter_width10_restart_behav0_1977: area: 945798147 ,dp = 2 mux = 1 sg = fast         worst_clk_period: -1.0000 
    wns: 0  norm_wns:  -1.0000 
    fail_endp: -1 
    tns:  0  tns_per_endp:  -1.0000   norm_tns_per_endp:  -1.0000 
    tns_sense_max:  -1.0000  tns_sense_avg:  -1.0000   tns_sense_num: -1
 is current best
CDN_DP_region_6_0_c2 in counter_width10_restart_behav0_1977: area: 945798147 ,dp = 2 mux = 1 sg = very_slow    worst_clk_period: -1.0000 
    wns: 0  norm_wns:  -1.0000 
    fail_endp: -1 
    tns:  0  tns_per_endp:  -1.0000   norm_tns_per_endp:  -1.0000 
    tns_sense_max:  -1.0000  tns_sense_avg:  -1.0000   tns_sense_num: -1
 is current best
CDN_DP_region_6_0_c3 in counter_width10_restart_behav0_1977: area: 945798147 ,dp = 2 mux = 1 sg = very_fast    worst_clk_period: -1.0000 
    wns: 0  norm_wns:  -1.0000 
    fail_endp: -1 
    tns:  0  tns_per_endp:  -1.0000   norm_tns_per_endp:  -1.0000 
    tns_sense_max:  -1.0000  tns_sense_avg:  -1.0000   tns_sense_num: -1
 is current best
CDN_DP_region_6_0_c4 in counter_width10_restart_behav0_1977: area: 945798147 ,dp = 2 mux = 1 sg = very_fast    worst_clk_period: -1.0000 
    wns: 0  norm_wns:  -1.0000 
    fail_endp: -1 
    tns:  0  tns_per_endp:  -1.0000   norm_tns_per_endp:  -1.0000 
    tns_sense_max:  -1.0000  tns_sense_avg:  -1.0000   tns_sense_num: -1
 is current best
CDN_DP_region_6_0_c5 in counter_width10_restart_behav0_1977: area: 945798147 ,dp = 2 mux = 1 sg = very_fast    worst_clk_period: -1.0000 
    wns: 0  norm_wns:  -1.0000 
    fail_endp: -1 
    tns:  0  tns_per_endp:  -1.0000   norm_tns_per_endp:  -1.0000 
    tns_sense_max:  -1.0000  tns_sense_avg:  -1.0000   tns_sense_num: -1
 is current best
CDN_DP_region_6_0_c6 in counter_width10_restart_behav0_1977: area: 945798147 ,dp = 2 mux = 1 sg = very_fast    worst_clk_period: -1.0000 
    wns: 0  norm_wns:  -1.0000 
    fail_endp: -1 
    tns:  0  tns_per_endp:  -1.0000   norm_tns_per_endp:  -1.0000 
    tns_sense_max:  -1.0000  tns_sense_avg:  -1.0000   tns_sense_num: -1
 is current best
CDN_DP_region_6_0_c7 in counter_width10_restart_behav0_1977: area: 2586468402 ,dp = 2 mux = 1 sg = very_fast    worst_clk_period: -1.0000 
    wns: 0  norm_wns:  -1.0000 
    fail_endp: -1 
    tns:  0  tns_per_endp:  -1.0000   norm_tns_per_endp:  -1.0000 
    tns_sense_max:  -1.0000  tns_sense_avg:  -1.0000   tns_sense_num: -1

Best config: CDN_DP_region_6_0_c6 in counter_width10_restart_behav0_1977: area: 945798147 ,dp = 2 mux = 1 sg = very_fast    worst_clk_period: -1.0000 
    wns: 0  norm_wns:  -1.0000 
    fail_endp: -1 
    tns:  0  tns_per_endp:  -1.0000   norm_tns_per_endp:  -1.0000 
    tns_sense_max:  -1.0000  tns_sense_avg:  -1.0000   tns_sense_num: -1
  Smallest config area : 945798147.  Fastest config wns;  0
##>+----------------------------------------------------------------------------------------------------------------------------------------------------------------+
##>Summary table of configs (Best config is CDN_DP_region_6_0_c6)
##>+----------------------------------------------------------------------------------------------------------------------------------------------------------------+
##>                     0                  1                  2                  3                  4                  5                  6                  7            
##>+----------------------------------------------------------------------------------------------------------------------------------------------------------------+
##>           Area       1048742163          945798147          945798147          945798147          945798147          945798147          945798147         2586468402  
##>            WNS        +18454.30          +18454.30          +18454.30          +18454.30          +18454.30          +18454.30          +18454.30          +18345.30  
##>            TNS                0                  0                  0                  0                  0                  0                  0                  0  
##>    Num Rewrite                0                  0                  0                  0                  0                  0                  0                  0  
##>     Num Factor                0                  0                  0                  0                  0                  0                  0                  0  
##>      Num Share                0                  0                  0                  0                  0                  0                  0                  0  
##>   Num CmultCse                0                  0                  0                  0                  0                  0                  0                  0  
##>   Num Downsize                0                  0                  0                  0                  0                  0                  0                  0  
##>  Num Speculate                0                  0                  0                  0                  0                  0                  0                  0  
##>     Runtime(s)                0                  0                  0                  0                  0                  0                  0                  0  
+----------------------------------------------------------------------------------------------------------------------------------------------------------------+
##>
##>
##>+------------------------------------------------------------------------------------------------------------------------------------------------------------+
##>Optimization Step DEBUG Table for config CDN_DP_region_6_0_c6
##>
##>                          Step                        Area   ( % Chg)        WNS (Change)        TNS (Change)          Runtime (s)        Comment                   
##>+------------------------------------------------------------------------------------------------------------------------------------------------------------+
##>createMaxCarrySave              START             1048742163 (      )    107392636.70 (        )             0 (        )              
##> datapath_rewrite_one_def       START             1048742163 ( +0.00)    107392636.70 (   +0.00)             0 (       0)              
##>  fast_cse_elim                 START             1048742163 ( +0.00)    107392636.70 (   +0.00)             0 (       0)              
##>                                  END             1048742163 ( +0.00)    107392636.70 (   +0.00)             0 (       0)           0  
##>  fast_cse_elim                 START             1048742163 ( +0.00)    107392636.70 (   +0.00)             0 (       0)              
##>                                  END             1048742163 ( +0.00)    107392636.70 (   +0.00)             0 (       0)           0  
##>                                  END             1048742163 ( +0.00)    107392636.70 (   +0.00)             0 (       0)           0  
##> dpopt_share_one_def            START             1048742163 ( +0.00)    107392636.70 (   +0.00)             0 (       0)              
##>                                  END             1048742163 ( +0.00)    107392636.70 (   +0.00)             0 (       0)           0  
##> csa_opto                       START             1048742163 ( +0.00)    214748364.70 (+107355728.00)             0 (       0)              
##>                                  END             1010138157 ( -3.68)    214748364.70 (   +0.00)             0 (       0)           0  
##>                                  END             1010138157 ( -3.68)    214748364.70 (+107355728.00)             0 (       0)           0  
##>canonicalize_by_names           START             1010138157 ( +0.00)    214748364.70 (   +0.00)             0 (       0)              
##>                                  END             1010138157 ( +0.00)    214748364.70 (   +0.00)             0 (       0)           0  
##>datapath_rewrite_post_csa_one_  START             1010138157 ( +0.00)    214748364.70 (   +0.00)             0 (       0)              
##>                                  END             1010138157 ( +0.00)    214748364.70 (   +0.00)             0 (       0)           0  
##>datapath_csa_factoring_one_gde  START             1010138157 ( +0.00)    214748364.70 (   +0.00)             0 (       0)              
##>                                  END             1010138157 ( +0.00)    214748364.70 (   +0.00)             0 (       0)           0  
##>dpopt_share_one_def             START             1010138157 ( +0.00)    214748364.70 (   +0.00)             0 (       0)              
##>                                  END             1010138157 ( +0.00)    214748364.70 (   +0.00)             0 (       0)           0  
##>datapath_rewrite_post_share     START             1010138157 ( +0.00)    214748364.70 (   +0.00)             0 (       0)              
##>                                  END             1010138157 ( +0.00)    214748364.70 (   +0.00)             0 (       0)           0  
##>dp_combine_const_mult_with_com  START             1010138157 ( +0.00)    214748364.70 (   +0.00)             0 (       0)              
##>                                  END             1010138157 ( +0.00)    214748364.70 (   +0.00)             0 (       0)           0  
##>dp_operator_level_decompositio  START             1010138157 ( +0.00)    214748364.70 (   +0.00)             0 (       0)              
##>                                  END             1010138157 ( +0.00)    214748364.70 (   +0.00)             0 (       0)           0  
##>selective_flatten_dp_config     START             1010138157 ( +0.00)    214748364.70 (   +0.00)             0 (       0)              
##>                                  END             1010138157 ( +0.00)    214748364.70 (   +0.00)             0 (       0)           0  
##>createMaxCarrySave              START             1010138157 ( +0.00)    214748364.70 (   +0.00)             0 (       0)              
##> datapath_rewrite_one_def       START             1010138157 ( +0.00)    214748364.70 (   +0.00)             0 (       0)              
##>  fast_cse_elim                 START             1010138157 ( +0.00)    214748364.70 (   +0.00)             0 (       0)              
##>                                  END             1010138157 ( +0.00)    214748364.70 (   +0.00)             0 (       0)           0  
##>  fast_cse_elim                 START             1010138157 ( +0.00)    214748364.70 (   +0.00)             0 (       0)              
##>                                  END             1010138157 ( +0.00)    214748364.70 (   +0.00)             0 (       0)           0  
##>                                  END             1010138157 ( +0.00)    214748364.70 (   +0.00)             0 (       0)           0  
##> dpopt_share_one_def            START             1010138157 ( +0.00)    214748364.70 (   +0.00)             0 (       0)              
##>                                  END             1010138157 ( +0.00)    214748364.70 (   +0.00)             0 (       0)           0  
##> csa_opto                       START             1010138157 ( +0.00)    214748364.70 (   +0.00)             0 (       0)              
##>                                  END             1010138157 ( +0.00)    214748364.70 (   +0.00)             0 (       0)           0  
##>                                  END             1010138157 ( +0.00)    214748364.70 (   +0.00)             0 (       0)           0  
##>context_based_simplify          START             1010138157 ( +0.00)    214748364.70 (   +0.00)             0 (       0)              
##>                                  END              945798147 ( -6.37)    214748364.70 (   +0.00)             0 (       0)           0  
##>group_csa_final_adder_dp        START              945798147 ( +0.00)    214748364.70 (   +0.00)             0 (       0)              
##>                                  END              945798147 ( +0.00)    214748364.70 (   +0.00)             0 (       0)           0  
##>dpopt_flatten_critical_muxes_i  START              945798147 ( +0.00)    214748364.70 (   +0.00)             0 (       0)              
##>                                  END              945798147 ( +0.00)    214748364.70 (   +0.00)             0 (       0)           0  
##>create_score                    START              945798147 ( +0.00)    18454.30 (-214729910.40)             0 (       0)              
##>                                  END              945798147 ( +0.00)    18454.30 (   +0.00)             0 (       0)           0  
##>+------------------------------------------------------------------------------------------------------------------------------------------------------------+
Committed config: CDN_DP_region_6_0_c6
Info    : Done implementing datapath configurations. [DPOPT-4]
        : Selected 'very_fast' configuration 6 for module 'CDN_DP_region_6_0'.
          Optimizations applied to 'very_fast' configuration:
            rewriting(0), factoring(0), sharing(0), cmultcse(0), downsizing(0), speculation(0)
CSAGen Prep Share:0 Re-Write:0 Speculation: 0
MaxCSA: Successfully built Maximal CSA Expression Expr24
CDN_DP_region_7_0 level = 1 loads = 0 drivers = 1 is driven by : CDN_DP_region_10_4 
CDN_DP_region_7_0_c0 in counter_width10_restart_behav0_1978: area: 1048742163 ,dp = 2 mux = 1 sg = slow         worst_clk_period: -1.0000 
    wns: 0  norm_wns:  -1.0000 
    fail_endp: -1 
    tns:  0  tns_per_endp:  -1.0000   norm_tns_per_endp:  -1.0000 
    tns_sense_max:  -1.0000  tns_sense_avg:  -1.0000   tns_sense_num: -1
 skipped
CDN_DP_region_7_0_c1 in counter_width10_restart_behav0_1978: area: 945798147 ,dp = 2 mux = 1 sg = fast         worst_clk_period: -1.0000 
    wns: 0  norm_wns:  -1.0000 
    fail_endp: -1 
    tns:  0  tns_per_endp:  -1.0000   norm_tns_per_endp:  -1.0000 
    tns_sense_max:  -1.0000  tns_sense_avg:  -1.0000   tns_sense_num: -1
 is current best
CDN_DP_region_7_0_c2 in counter_width10_restart_behav0_1978: area: 945798147 ,dp = 2 mux = 1 sg = very_slow    worst_clk_period: -1.0000 
    wns: 0  norm_wns:  -1.0000 
    fail_endp: -1 
    tns:  0  tns_per_endp:  -1.0000   norm_tns_per_endp:  -1.0000 
    tns_sense_max:  -1.0000  tns_sense_avg:  -1.0000   tns_sense_num: -1
 is current best
CDN_DP_region_7_0_c3 in counter_width10_restart_behav0_1978: area: 945798147 ,dp = 2 mux = 1 sg = very_fast    worst_clk_period: -1.0000 
    wns: 0  norm_wns:  -1.0000 
    fail_endp: -1 
    tns:  0  tns_per_endp:  -1.0000   norm_tns_per_endp:  -1.0000 
    tns_sense_max:  -1.0000  tns_sense_avg:  -1.0000   tns_sense_num: -1
 is current best
CDN_DP_region_7_0_c4 in counter_width10_restart_behav0_1978: area: 945798147 ,dp = 2 mux = 1 sg = very_fast    worst_clk_period: -1.0000 
    wns: 0  norm_wns:  -1.0000 
    fail_endp: -1 
    tns:  0  tns_per_endp:  -1.0000   norm_tns_per_endp:  -1.0000 
    tns_sense_max:  -1.0000  tns_sense_avg:  -1.0000   tns_sense_num: -1
 is current best
CDN_DP_region_7_0_c5 in counter_width10_restart_behav0_1978: area: 945798147 ,dp = 2 mux = 1 sg = very_fast    worst_clk_period: -1.0000 
    wns: 0  norm_wns:  -1.0000 
    fail_endp: -1 
    tns:  0  tns_per_endp:  -1.0000   norm_tns_per_endp:  -1.0000 
    tns_sense_max:  -1.0000  tns_sense_avg:  -1.0000   tns_sense_num: -1
 is current best
CDN_DP_region_7_0_c6 in counter_width10_restart_behav0_1978: area: 945798147 ,dp = 2 mux = 1 sg = very_fast    worst_clk_period: -1.0000 
    wns: 0  norm_wns:  -1.0000 
    fail_endp: -1 
    tns:  0  tns_per_endp:  -1.0000   norm_tns_per_endp:  -1.0000 
    tns_sense_max:  -1.0000  tns_sense_avg:  -1.0000   tns_sense_num: -1
 is current best
CDN_DP_region_7_0_c7 in counter_width10_restart_behav0_1978: area: 2586468402 ,dp = 2 mux = 1 sg = very_fast    worst_clk_period: -1.0000 
    wns: 0  norm_wns:  -1.0000 
    fail_endp: -1 
    tns:  0  tns_per_endp:  -1.0000   norm_tns_per_endp:  -1.0000 
    tns_sense_max:  -1.0000  tns_sense_avg:  -1.0000   tns_sense_num: -1

Best config: CDN_DP_region_7_0_c6 in counter_width10_restart_behav0_1978: area: 945798147 ,dp = 2 mux = 1 sg = very_fast    worst_clk_period: -1.0000 
    wns: 0  norm_wns:  -1.0000 
    fail_endp: -1 
    tns:  0  tns_per_endp:  -1.0000   norm_tns_per_endp:  -1.0000 
    tns_sense_max:  -1.0000  tns_sense_avg:  -1.0000   tns_sense_num: -1
  Smallest config area : 945798147.  Fastest config wns;  0
##>+----------------------------------------------------------------------------------------------------------------------------------------------------------------+
##>Summary table of configs (Best config is CDN_DP_region_7_0_c6)
##>+----------------------------------------------------------------------------------------------------------------------------------------------------------------+
##>                     0                  1                  2                  3                  4                  5                  6                  7            
##>+----------------------------------------------------------------------------------------------------------------------------------------------------------------+
##>           Area       1048742163          945798147          945798147          945798147          945798147          945798147          945798147         2586468402  
##>            WNS        +18454.30          +18454.30          +18454.30          +18454.30          +18454.30          +18454.30          +18454.30          +18345.30  
##>            TNS                0                  0                  0                  0                  0                  0                  0                  0  
##>    Num Rewrite                0                  0                  0                  0                  0                  0                  0                  0  
##>     Num Factor                0                  0                  0                  0                  0                  0                  0                  0  
##>      Num Share                0                  0                  0                  0                  0                  0                  0                  0  
##>   Num CmultCse                0                  0                  0                  0                  0                  0                  0                  0  
##>   Num Downsize                0                  0                  0                  0                  0                  0                  0                  0  
##>  Num Speculate                0                  0                  0                  0                  0                  0                  0                  0  
##>     Runtime(s)                0                  0                  0                  0                  0                  0                  0                  0  
+----------------------------------------------------------------------------------------------------------------------------------------------------------------+
##>
##>
##>+------------------------------------------------------------------------------------------------------------------------------------------------------------+
##>Optimization Step DEBUG Table for config CDN_DP_region_7_0_c6
##>
##>                          Step                        Area   ( % Chg)        WNS (Change)        TNS (Change)          Runtime (s)        Comment                   
##>+------------------------------------------------------------------------------------------------------------------------------------------------------------+
##>createMaxCarrySave              START             1048742163 (      )    107392636.70 (        )             0 (        )              
##> datapath_rewrite_one_def       START             1048742163 ( +0.00)    107392636.70 (   +0.00)             0 (       0)              
##>  fast_cse_elim                 START             1048742163 ( +0.00)    107392636.70 (   +0.00)             0 (       0)              
##>                                  END             1048742163 ( +0.00)    107392636.70 (   +0.00)             0 (       0)           0  
##>  fast_cse_elim                 START             1048742163 ( +0.00)    107392636.70 (   +0.00)             0 (       0)              
##>                                  END             1048742163 ( +0.00)    107392636.70 (   +0.00)             0 (       0)           0  
##>                                  END             1048742163 ( +0.00)    107392636.70 (   +0.00)             0 (       0)           0  
##> dpopt_share_one_def            START             1048742163 ( +0.00)    107392636.70 (   +0.00)             0 (       0)              
##>                                  END             1048742163 ( +0.00)    107392636.70 (   +0.00)             0 (       0)           0  
##> csa_opto                       START             1048742163 ( +0.00)    214748364.70 (+107355728.00)             0 (       0)              
##>                                  END             1010138157 ( -3.68)    214748364.70 (   +0.00)             0 (       0)           0  
##>                                  END             1010138157 ( -3.68)    214748364.70 (+107355728.00)             0 (       0)           0  
##>canonicalize_by_names           START             1010138157 ( +0.00)    214748364.70 (   +0.00)             0 (       0)              
##>                                  END             1010138157 ( +0.00)    214748364.70 (   +0.00)             0 (       0)           0  
##>datapath_rewrite_post_csa_one_  START             1010138157 ( +0.00)    214748364.70 (   +0.00)             0 (       0)              
##>                                  END             1010138157 ( +0.00)    214748364.70 (   +0.00)             0 (       0)           0  
##>datapath_csa_factoring_one_gde  START             1010138157 ( +0.00)    214748364.70 (   +0.00)             0 (       0)              
##>                                  END             1010138157 ( +0.00)    214748364.70 (   +0.00)             0 (       0)           0  
##>dpopt_share_one_def             START             1010138157 ( +0.00)    214748364.70 (   +0.00)             0 (       0)              
##>                                  END             1010138157 ( +0.00)    214748364.70 (   +0.00)             0 (       0)           0  
##>datapath_rewrite_post_share     START             1010138157 ( +0.00)    214748364.70 (   +0.00)             0 (       0)              
##>                                  END             1010138157 ( +0.00)    214748364.70 (   +0.00)             0 (       0)           0  
##>dp_combine_const_mult_with_com  START             1010138157 ( +0.00)    214748364.70 (   +0.00)             0 (       0)              
##>                                  END             1010138157 ( +0.00)    214748364.70 (   +0.00)             0 (       0)           0  
##>dp_operator_level_decompositio  START             1010138157 ( +0.00)    214748364.70 (   +0.00)             0 (       0)              
##>                                  END             1010138157 ( +0.00)    214748364.70 (   +0.00)             0 (       0)           0  
##>selective_flatten_dp_config     START             1010138157 ( +0.00)    214748364.70 (   +0.00)             0 (       0)              
##>                                  END             1010138157 ( +0.00)    214748364.70 (   +0.00)             0 (       0)           0  
##>createMaxCarrySave              START             1010138157 ( +0.00)    214748364.70 (   +0.00)             0 (       0)              
##> datapath_rewrite_one_def       START             1010138157 ( +0.00)    214748364.70 (   +0.00)             0 (       0)              
##>  fast_cse_elim                 START             1010138157 ( +0.00)    214748364.70 (   +0.00)             0 (       0)              
##>                                  END             1010138157 ( +0.00)    214748364.70 (   +0.00)             0 (       0)           0  
##>  fast_cse_elim                 START             1010138157 ( +0.00)    214748364.70 (   +0.00)             0 (       0)              
##>                                  END             1010138157 ( +0.00)    214748364.70 (   +0.00)             0 (       0)           0  
##>                                  END             1010138157 ( +0.00)    214748364.70 (   +0.00)             0 (       0)           0  
##> dpopt_share_one_def            START             1010138157 ( +0.00)    214748364.70 (   +0.00)             0 (       0)              
##>                                  END             1010138157 ( +0.00)    214748364.70 (   +0.00)             0 (       0)           0  
##> csa_opto                       START             1010138157 ( +0.00)    214748364.70 (   +0.00)             0 (       0)              
##>                                  END             1010138157 ( +0.00)    214748364.70 (   +0.00)             0 (       0)           0  
##>                                  END             1010138157 ( +0.00)    214748364.70 (   +0.00)             0 (       0)           0  
##>context_based_simplify          START             1010138157 ( +0.00)    214748364.70 (   +0.00)             0 (       0)              
##>                                  END              945798147 ( -6.37)    214748364.70 (   +0.00)             0 (       0)           0  
##>group_csa_final_adder_dp        START              945798147 ( +0.00)    214748364.70 (   +0.00)             0 (       0)              
##>                                  END              945798147 ( +0.00)    214748364.70 (   +0.00)             0 (       0)           0  
##>dpopt_flatten_critical_muxes_i  START              945798147 ( +0.00)    214748364.70 (   +0.00)             0 (       0)              
##>                                  END              945798147 ( +0.00)    214748364.70 (   +0.00)             0 (       0)           0  
##>create_score                    START              945798147 ( +0.00)    18454.30 (-214729910.40)             0 (       0)              
##>                                  END              945798147 ( +0.00)    18454.30 (   +0.00)             0 (       0)           0  
##>+------------------------------------------------------------------------------------------------------------------------------------------------------------+
Committed config: CDN_DP_region_7_0_c6
          Optimizations applied to 'very_fast' configuration:
            rewriting(0), factoring(0), sharing(0), cmultcse(0), downsizing(0), speculation(0)
CSAGen Prep Share:0 Re-Write:0 Speculation: 0
MaxCSA: Successfully built Maximal CSA Expression Expr25
CDN_DP_region_0_0 level = 1 loads = 0 drivers = 1 is driven by : CDN_DP_region_10_4 
CDN_DP_region_0_0_c0 in counter_width10_restart_behav0: area: 1048742163 ,dp = 2 mux = 1 sg = slow         worst_clk_period: -1.0000 
    wns: 0  norm_wns:  -1.0000 
    fail_endp: -1 
    tns:  0  tns_per_endp:  -1.0000   norm_tns_per_endp:  -1.0000 
    tns_sense_max:  -1.0000  tns_sense_avg:  -1.0000   tns_sense_num: -1
 skipped
CDN_DP_region_0_0_c1 in counter_width10_restart_behav0: area: 945798147 ,dp = 2 mux = 1 sg = fast         worst_clk_period: -1.0000 
    wns: 0  norm_wns:  -1.0000 
    fail_endp: -1 
    tns:  0  tns_per_endp:  -1.0000   norm_tns_per_endp:  -1.0000 
    tns_sense_max:  -1.0000  tns_sense_avg:  -1.0000   tns_sense_num: -1
 is current best
CDN_DP_region_0_0_c2 in counter_width10_restart_behav0: area: 945798147 ,dp = 2 mux = 1 sg = very_slow    worst_clk_period: -1.0000 
    wns: 0  norm_wns:  -1.0000 
    fail_endp: -1 
    tns:  0  tns_per_endp:  -1.0000   norm_tns_per_endp:  -1.0000 
    tns_sense_max:  -1.0000  tns_sense_avg:  -1.0000   tns_sense_num: -1
 is current best
CDN_DP_region_0_0_c3 in counter_width10_restart_behav0: area: 945798147 ,dp = 2 mux = 1 sg = very_fast    worst_clk_period: -1.0000 
    wns: 0  norm_wns:  -1.0000 
    fail_endp: -1 
    tns:  0  tns_per_endp:  -1.0000   norm_tns_per_endp:  -1.0000 
    tns_sense_max:  -1.0000  tns_sense_avg:  -1.0000   tns_sense_num: -1
 is current best
CDN_DP_region_0_0_c4 in counter_width10_restart_behav0: area: 945798147 ,dp = 2 mux = 1 sg = very_fast    worst_clk_period: -1.0000 
    wns: 0  norm_wns:  -1.0000 
    fail_endp: -1 
    tns:  0  tns_per_endp:  -1.0000   norm_tns_per_endp:  -1.0000 
    tns_sense_max:  -1.0000  tns_sense_avg:  -1.0000   tns_sense_num: -1
 is current best
CDN_DP_region_0_0_c5 in counter_width10_restart_behav0: area: 945798147 ,dp = 2 mux = 1 sg = very_fast    worst_clk_period: -1.0000 
    wns: 0  norm_wns:  -1.0000 
    fail_endp: -1 
    tns:  0  tns_per_endp:  -1.0000   norm_tns_per_endp:  -1.0000 
    tns_sense_max:  -1.0000  tns_sense_avg:  -1.0000   tns_sense_num: -1
 is current best
CDN_DP_region_0_0_c6 in counter_width10_restart_behav0: area: 945798147 ,dp = 2 mux = 1 sg = very_fast    worst_clk_period: -1.0000 
    wns: 0  norm_wns:  -1.0000 
    fail_endp: -1 
    tns:  0  tns_per_endp:  -1.0000   norm_tns_per_endp:  -1.0000 
    tns_sense_max:  -1.0000  tns_sense_avg:  -1.0000   tns_sense_num: -1
 is current best
CDN_DP_region_0_0_c7 in counter_width10_restart_behav0: area: 2586468402 ,dp = 2 mux = 1 sg = very_fast    worst_clk_period: -1.0000 
    wns: 0  norm_wns:  -1.0000 
    fail_endp: -1 
    tns:  0  tns_per_endp:  -1.0000   norm_tns_per_endp:  -1.0000 
    tns_sense_max:  -1.0000  tns_sense_avg:  -1.0000   tns_sense_num: -1

Best config: CDN_DP_region_0_0_c6 in counter_width10_restart_behav0: area: 945798147 ,dp = 2 mux = 1 sg = very_fast    worst_clk_period: -1.0000 
    wns: 0  norm_wns:  -1.0000 
    fail_endp: -1 
    tns:  0  tns_per_endp:  -1.0000   norm_tns_per_endp:  -1.0000 
    tns_sense_max:  -1.0000  tns_sense_avg:  -1.0000   tns_sense_num: -1
  Smallest config area : 945798147.  Fastest config wns;  0
##>+----------------------------------------------------------------------------------------------------------------------------------------------------------------+
##>Summary table of configs (Best config is CDN_DP_region_0_0_c6)
##>+----------------------------------------------------------------------------------------------------------------------------------------------------------------+
##>                     0                  1                  2                  3                  4                  5                  6                  7            
##>+----------------------------------------------------------------------------------------------------------------------------------------------------------------+
##>           Area       1048742163          945798147          945798147          945798147          945798147          945798147          945798147         2586468402  
##>            WNS        +18454.30          +18454.30          +18454.30          +18454.30          +18454.30          +18454.30          +18454.30          +18345.30  
##>            TNS                0                  0                  0                  0                  0                  0                  0                  0  
##>    Num Rewrite                0                  0                  0                  0                  0                  0                  0                  0  
##>     Num Factor                0                  0                  0                  0                  0                  0                  0                  0  
##>      Num Share                0                  0                  0                  0                  0                  0                  0                  0  
##>   Num CmultCse                0                  0                  0                  0                  0                  0                  0                  0  
##>   Num Downsize                0                  0                  0                  0                  0                  0                  0                  0  
##>  Num Speculate                0                  0                  0                  0                  0                  0                  0                  0  
##>     Runtime(s)                0                  0                  0                  0                  0                  0                  0                  0  
+----------------------------------------------------------------------------------------------------------------------------------------------------------------+
##>
##>
##>+------------------------------------------------------------------------------------------------------------------------------------------------------------+
##>Optimization Step DEBUG Table for config CDN_DP_region_0_0_c6
##>
##>                          Step                        Area   ( % Chg)        WNS (Change)        TNS (Change)          Runtime (s)        Comment                   
##>+------------------------------------------------------------------------------------------------------------------------------------------------------------+
##>createMaxCarrySave              START             1048742163 (      )    107392636.70 (        )             0 (        )              
##> datapath_rewrite_one_def       START             1048742163 ( +0.00)    107392636.70 (   +0.00)             0 (       0)              
##>  fast_cse_elim                 START             1048742163 ( +0.00)    107392636.70 (   +0.00)             0 (       0)              
##>                                  END             1048742163 ( +0.00)    107392636.70 (   +0.00)             0 (       0)           0  
##>  fast_cse_elim                 START             1048742163 ( +0.00)    107392636.70 (   +0.00)             0 (       0)              
##>                                  END             1048742163 ( +0.00)    107392636.70 (   +0.00)             0 (       0)           0  
##>                                  END             1048742163 ( +0.00)    107392636.70 (   +0.00)             0 (       0)           0  
##> dpopt_share_one_def            START             1048742163 ( +0.00)    107392636.70 (   +0.00)             0 (       0)              
##>                                  END             1048742163 ( +0.00)    107392636.70 (   +0.00)             0 (       0)           0  
##> csa_opto                       START             1048742163 ( +0.00)    214748364.70 (+107355728.00)             0 (       0)              
##>                                  END             1010138157 ( -3.68)    214748364.70 (   +0.00)             0 (       0)           0  
##>                                  END             1010138157 ( -3.68)    214748364.70 (+107355728.00)             0 (       0)           0  
##>canonicalize_by_names           START             1010138157 ( +0.00)    214748364.70 (   +0.00)             0 (       0)              
##>                                  END             1010138157 ( +0.00)    214748364.70 (   +0.00)             0 (       0)           0  
##>datapath_rewrite_post_csa_one_  START             1010138157 ( +0.00)    214748364.70 (   +0.00)             0 (       0)              
##>                                  END             1010138157 ( +0.00)    214748364.70 (   +0.00)             0 (       0)           0  
##>datapath_csa_factoring_one_gde  START             1010138157 ( +0.00)    214748364.70 (   +0.00)             0 (       0)              
##>                                  END             1010138157 ( +0.00)    214748364.70 (   +0.00)             0 (       0)           0  
##>dpopt_share_one_def             START             1010138157 ( +0.00)    214748364.70 (   +0.00)             0 (       0)              
##>                                  END             1010138157 ( +0.00)    214748364.70 (   +0.00)             0 (       0)           0  
##>datapath_rewrite_post_share     START             1010138157 ( +0.00)    214748364.70 (   +0.00)             0 (       0)              
##>                                  END             1010138157 ( +0.00)    214748364.70 (   +0.00)             0 (       0)           0  
##>dp_combine_const_mult_with_com  START             1010138157 ( +0.00)    214748364.70 (   +0.00)             0 (       0)              
##>                                  END             1010138157 ( +0.00)    214748364.70 (   +0.00)             0 (       0)           0  
##>dp_operator_level_decompositio  START             1010138157 ( +0.00)    214748364.70 (   +0.00)             0 (       0)              
##>                                  END             1010138157 ( +0.00)    214748364.70 (   +0.00)             0 (       0)           0  
##>selective_flatten_dp_config     START             1010138157 ( +0.00)    214748364.70 (   +0.00)             0 (       0)              
##>                                  END             1010138157 ( +0.00)    214748364.70 (   +0.00)             0 (       0)           0  
##>createMaxCarrySave              START             1010138157 ( +0.00)    214748364.70 (   +0.00)             0 (       0)              
##> datapath_rewrite_one_def       START             1010138157 ( +0.00)    214748364.70 (   +0.00)             0 (       0)              
##>  fast_cse_elim                 START             1010138157 ( +0.00)    214748364.70 (   +0.00)             0 (       0)              
##>                                  END             1010138157 ( +0.00)    214748364.70 (   +0.00)             0 (       0)           0  
##>  fast_cse_elim                 START             1010138157 ( +0.00)    214748364.70 (   +0.00)             0 (       0)              
##>                                  END             1010138157 ( +0.00)    214748364.70 (   +0.00)             0 (       0)           0  
##>                                  END             1010138157 ( +0.00)    214748364.70 (   +0.00)             0 (       0)           0  
##> dpopt_share_one_def            START             1010138157 ( +0.00)    214748364.70 (   +0.00)             0 (       0)              
##>                                  END             1010138157 ( +0.00)    214748364.70 (   +0.00)             0 (       0)           0  
##> csa_opto                       START             1010138157 ( +0.00)    214748364.70 (   +0.00)             0 (       0)              
##>                                  END             1010138157 ( +0.00)    214748364.70 (   +0.00)             0 (       0)           0  
##>                                  END             1010138157 ( +0.00)    214748364.70 (   +0.00)             0 (       0)           0  
##>context_based_simplify          START             1010138157 ( +0.00)    214748364.70 (   +0.00)             0 (       0)              
##>                                  END              945798147 ( -6.37)    214748364.70 (   +0.00)             0 (       0)           0  
##>group_csa_final_adder_dp        START              945798147 ( +0.00)    214748364.70 (   +0.00)             0 (       0)              
##>                                  END              945798147 ( +0.00)    214748364.70 (   +0.00)             0 (       0)           0  
##>dpopt_flatten_critical_muxes_i  START              945798147 ( +0.00)    214748364.70 (   +0.00)             0 (       0)              
##>                                  END              945798147 ( +0.00)    214748364.70 (   +0.00)             0 (       0)           0  
##>create_score                    START              945798147 ( +0.00)    18454.30 (-214729910.40)             0 (       0)              
##>                                  END              945798147 ( +0.00)    18454.30 (   +0.00)             0 (       0)           0  
##>+------------------------------------------------------------------------------------------------------------------------------------------------------------+
Committed config: CDN_DP_region_0_0_c6
          Optimizations applied to 'very_fast' configuration:
            rewriting(0), factoring(0), sharing(0), cmultcse(0), downsizing(0), speculation(0)
CSAGen Prep Share:0 Re-Write:1 Speculation: 0
MaxCSA: Successfully built Maximal CSA Expression Expr26
CDN_DP_region_10_1 level = 0 loads = 0 drivers = 0
CDN_DP_region_10_1_c0 in hardware: area: 1454084226 ,dp = 3 mux = 1 sg = slow         worst_clk_period: -1.0000 
    wns: 0  norm_wns:  -1.0000 
    fail_endp: -1 
    tns:  0  tns_per_endp:  -1.0000   norm_tns_per_endp:  -1.0000 
    tns_sense_max:  -1.0000  tns_sense_avg:  -1.0000   tns_sense_num: -1
 skipped
CDN_DP_region_10_1_c1 in hardware: area: 1376876214 ,dp = 2 mux = 1 sg = fast         worst_clk_period: -1.0000 
    wns: 0  norm_wns:  -1.0000 
    fail_endp: -1 
    tns:  0  tns_per_endp:  -1.0000   norm_tns_per_endp:  -1.0000 
    tns_sense_max:  -1.0000  tns_sense_avg:  -1.0000   tns_sense_num: -1
 is current best
CDN_DP_region_10_1_c2 in hardware: area: 1376876214 ,dp = 2 mux = 1 sg = very_slow    worst_clk_period: -1.0000 
    wns: 0  norm_wns:  -1.0000 
    fail_endp: -1 
    tns:  0  tns_per_endp:  -1.0000   norm_tns_per_endp:  -1.0000 
    tns_sense_max:  -1.0000  tns_sense_avg:  -1.0000   tns_sense_num: -1
 is current best
CDN_DP_region_10_1_c3 in hardware: area: 1376876214 ,dp = 2 mux = 1 sg = very_fast    worst_clk_period: -1.0000 
    wns: 0  norm_wns:  -1.0000 
    fail_endp: -1 
    tns:  0  tns_per_endp:  -1.0000   norm_tns_per_endp:  -1.0000 
    tns_sense_max:  -1.0000  tns_sense_avg:  -1.0000   tns_sense_num: -1
 is current best
CDN_DP_region_10_1_c4 in hardware: area: 1376876214 ,dp = 2 mux = 1 sg = very_fast    worst_clk_period: -1.0000 
    wns: 0  norm_wns:  -1.0000 
    fail_endp: -1 
    tns:  0  tns_per_endp:  -1.0000   norm_tns_per_endp:  -1.0000 
    tns_sense_max:  -1.0000  tns_sense_avg:  -1.0000   tns_sense_num: -1
 is current best
CDN_DP_region_10_1_c5 in hardware: area: 1376876214 ,dp = 2 mux = 1 sg = very_fast    worst_clk_period: -1.0000 
    wns: 0  norm_wns:  -1.0000 
    fail_endp: -1 
    tns:  0  tns_per_endp:  -1.0000   norm_tns_per_endp:  -1.0000 
    tns_sense_max:  -1.0000  tns_sense_avg:  -1.0000   tns_sense_num: -1
 is current best
CDN_DP_region_10_1_c6 in hardware: area: 1376876214 ,dp = 2 mux = 1 sg = very_fast    worst_clk_period: -1.0000 
    wns: 0  norm_wns:  -1.0000 
    fail_endp: -1 
    tns:  0  tns_per_endp:  -1.0000   norm_tns_per_endp:  -1.0000 
    tns_sense_max:  -1.0000  tns_sense_avg:  -1.0000   tns_sense_num: -1
 is current best
CDN_DP_region_10_1_c7 in hardware: area: 3075452478 ,dp = 2 mux = 1 sg = very_fast    worst_clk_period: -1.0000 
    wns: 0  norm_wns:  -1.0000 
    fail_endp: -1 
    tns:  0  tns_per_endp:  -1.0000   norm_tns_per_endp:  -1.0000 
    tns_sense_max:  -1.0000  tns_sense_avg:  -1.0000   tns_sense_num: -1

Best config: CDN_DP_region_10_1_c6 in hardware: area: 1376876214 ,dp = 2 mux = 1 sg = very_fast    worst_clk_period: -1.0000 
    wns: 0  norm_wns:  -1.0000 
    fail_endp: -1 
    tns:  0  tns_per_endp:  -1.0000   norm_tns_per_endp:  -1.0000 
    tns_sense_max:  -1.0000  tns_sense_avg:  -1.0000   tns_sense_num: -1
  Smallest config area : 1376876214.  Fastest config wns;  0
##>+----------------------------------------------------------------------------------------------------------------------------------------------------------------+
##>Summary table of configs (Best config is CDN_DP_region_10_1_c6)
##>+----------------------------------------------------------------------------------------------------------------------------------------------------------------+
##>                     0                  1                  2                  3                  4                  5                  6                  7            
##>+----------------------------------------------------------------------------------------------------------------------------------------------------------------+
##>           Area       1454084226         1376876214         1376876214         1376876214         1376876214         1376876214         1376876214         3075452478  
##>            WNS        +18368.30          +18509.00          +18509.00          +18509.00          +18509.00          +18509.00          +18509.00          +18293.50  
##>            TNS                0                  0                  0                  0                  0                  0                  0                  0  
##>    Num Rewrite                0                  0                  0                  0                  0                  0                  0                  1  
##>     Num Factor                0                  0                  0                  0                  0                  0                  0                  0  
##>      Num Share                0                  0                  0                  0                  0                  0                  0                  0  
##>   Num CmultCse                0                  0                  0                  0                  0                  0                  0                  0  
##>   Num Downsize                0                  0                  0                  0                  0                  0                  0                  0  
##>  Num Speculate                0                  0                  0                  0                  0                  0                  0                  0  
##>     Runtime(s)                0                  0                  0                  0                  0                  0                  0                  0  
+----------------------------------------------------------------------------------------------------------------------------------------------------------------+
##>
##>
##>+------------------------------------------------------------------------------------------------------------------------------------------------------------+
##>Optimization Step DEBUG Table for config CDN_DP_region_10_1_c6
##>
##>                          Step                        Area   ( % Chg)        WNS (Change)        TNS (Change)          Runtime (s)        Comment                   
##>+------------------------------------------------------------------------------------------------------------------------------------------------------------+
##>createMaxCarrySave              START             1454084226 (      )    107392550.70 (        )             0 (        )              
##> datapath_rewrite_one_def       START             1454084226 ( +0.00)    107392550.70 (   +0.00)             0 (       0)              
##>  fast_cse_elim                 START             1454084226 ( +0.00)    107392550.70 (   +0.00)             0 (       0)              
##>                                  END             1454084226 ( +0.00)    107392550.70 (   +0.00)             0 (       0)           0  
##>  fast_cse_elim                 START             1454084226 ( +0.00)    107392550.70 (   +0.00)             0 (       0)              
##>                                  END             1454084226 ( +0.00)    107392550.70 (   +0.00)             0 (       0)           0  
##>                                  END             1454084226 ( +0.00)    107392550.70 (   +0.00)             0 (       0)           0  
##> dpopt_share_one_def            START             1454084226 ( +0.00)    107392550.70 (   +0.00)             0 (       0)              
##>                                  END             1454084226 ( +0.00)    107392550.70 (   +0.00)             0 (       0)           0  
##> csa_opto                       START             1454084226 ( +0.00)    214748364.70 (+107355814.00)             0 (       0)              
##>                                  END             1910898297 (+31.42)    214748364.70 (   +0.00)             0 (       0)           0  
##>                                  END             1910898297 (+31.42)    214748364.70 (+107355814.00)             0 (       0)           0  
##>canonicalize_by_names           START             1910898297 ( +0.00)    214748364.70 (   +0.00)             0 (       0)              
##>                                  END             1910898297 ( +0.00)    214748364.70 (   +0.00)             0 (       0)           0  
##>datapath_rewrite_post_csa_one_  START             1910898297 ( +0.00)    214748364.70 (   +0.00)             0 (       0)              
##>                                  END             1910898297 ( +0.00)    214748364.70 (   +0.00)             0 (       0)           0  
##>datapath_csa_factoring_one_gde  START             1910898297 ( +0.00)    214748364.70 (   +0.00)             0 (       0)              
##>                                  END             1910898297 ( +0.00)    214748364.70 (   +0.00)             0 (       0)           0  
##>dpopt_share_one_def             START             1910898297 ( +0.00)    214748364.70 (   +0.00)             0 (       0)              
##>                                  END             1910898297 ( +0.00)    214748364.70 (   +0.00)             0 (       0)           0  
##>datapath_rewrite_post_share     START             1910898297 ( +0.00)    214748364.70 (   +0.00)             0 (       0)              
##>                                  END             1910898297 ( +0.00)    214748364.70 (   +0.00)             0 (       0)           0  
##>dp_combine_const_mult_with_com  START             1910898297 ( +0.00)    214748364.70 (   +0.00)             0 (       0)              
##>                                  END             1910898297 ( +0.00)    214748364.70 (   +0.00)             0 (       0)           0  
##>dp_operator_level_decompositio  START             1910898297 ( +0.00)    214748364.70 (   +0.00)             0 (       0)              
##>                                  END             1910898297 ( +0.00)    214748364.70 (   +0.00)             0 (       0)           0  
##>selective_flatten_dp_config     START             1910898297 ( +0.00)    214748364.70 (   +0.00)             0 (       0)              
##>                                  END             1910898297 ( +0.00)    214748364.70 (   +0.00)             0 (       0)           0  
##>createMaxCarrySave              START             1910898297 ( +0.00)    214748364.70 (   +0.00)             0 (       0)              
##> datapath_rewrite_one_def       START             1910898297 ( +0.00)    214748364.70 (   +0.00)             0 (       0)              
##>  fast_cse_elim                 START             1910898297 ( +0.00)    214748364.70 (   +0.00)             0 (       0)              
##>                                  END             1910898297 ( +0.00)    214748364.70 (   +0.00)             0 (       0)           0  
##>  fast_cse_elim                 START             1910898297 ( +0.00)    214748364.70 (   +0.00)             0 (       0)              
##>                                  END             1910898297 ( +0.00)    214748364.70 (   +0.00)             0 (       0)           0  
##>                                  END             1910898297 ( +0.00)    214748364.70 (   +0.00)             0 (       0)           0  
##> dpopt_share_one_def            START             1910898297 ( +0.00)    214748364.70 (   +0.00)             0 (       0)              
##>                                  END             1910898297 ( +0.00)    214748364.70 (   +0.00)             0 (       0)           0  
##> csa_opto                       START             1910898297 ( +0.00)    214748364.70 (   +0.00)             0 (       0)              
##>                                  END             1910898297 ( +0.00)    214748364.70 (   +0.00)             0 (       0)           0  
##>                                  END             1910898297 ( +0.00)    214748364.70 (   +0.00)             0 (       0)           0  
##>context_based_simplify          START             1910898297 ( +0.00)    214748364.70 (   +0.00)             0 (       0)              
##>                                  END             1846558287 ( -3.37)    214748364.70 (   +0.00)             0 (       0)           0  
##>group_csa_final_adder_dp        START             1846558287 ( +0.00)    214748364.70 (   +0.00)             0 (       0)              
##>                                  END             1376876214 (-25.44)    214748364.70 (   +0.00)             0 (       0)           0  
##>dpopt_flatten_critical_muxes_i  START             1376876214 ( +0.00)    214748364.70 (   +0.00)             0 (       0)              
##>                                  END             1376876214 ( +0.00)    214748364.70 (   +0.00)             0 (       0)           0  
##>create_score                    START             1376876214 ( +0.00)    18509.00 (-214729855.70)             0 (       0)              
##>                                  END             1376876214 ( +0.00)    18509.00 (   +0.00)             0 (       0)           0  
##>+------------------------------------------------------------------------------------------------------------------------------------------------------------+
Committed config: CDN_DP_region_10_1_c6
          Optimizations applied to 'very_fast' configuration:
            rewriting(0), factoring(0), sharing(0), cmultcse(0), downsizing(0), speculation(0)
CSAGen Prep Share:0 Re-Write:0 Speculation: 0
MaxCSA: Successfully built Maximal CSA Expression Expr27
CDN_DP_region_13_2 level = 0 loads = 0 drivers = 0
CDN_DP_region_13_2_c0 in qspi_master: area: 778514121 ,dp = 2 mux = 2 sg = slow         worst_clk_period: -1.0000 
    wns: 0  norm_wns:  -1.0000 
    fail_endp: -1 
    tns:  0  tns_per_endp:  -1.0000   norm_tns_per_endp:  -1.0000 
    tns_sense_max:  -1.0000  tns_sense_avg:  -1.0000   tns_sense_num: -1
 skipped
CDN_DP_region_13_2_c1 in qspi_master: area: 778514121 ,dp = 2 mux = 2 sg = fast         worst_clk_period: -1.0000 
    wns: 0  norm_wns:  -1.0000 
    fail_endp: -1 
    tns:  0  tns_per_endp:  -1.0000   norm_tns_per_endp:  -1.0000 
    tns_sense_max:  -1.0000  tns_sense_avg:  -1.0000   tns_sense_num: -1
 is current best
CDN_DP_region_13_2_c2 in qspi_master: area: 778514121 ,dp = 2 mux = 2 sg = very_slow    worst_clk_period: -1.0000 
    wns: 0  norm_wns:  -1.0000 
    fail_endp: -1 
    tns:  0  tns_per_endp:  -1.0000   norm_tns_per_endp:  -1.0000 
    tns_sense_max:  -1.0000  tns_sense_avg:  -1.0000   tns_sense_num: -1
 is current best
CDN_DP_region_13_2_c3 in qspi_master: area: 778514121 ,dp = 2 mux = 2 sg = very_fast    worst_clk_period: -1.0000 
    wns: 0  norm_wns:  -1.0000 
    fail_endp: -1 
    tns:  0  tns_per_endp:  -1.0000   norm_tns_per_endp:  -1.0000 
    tns_sense_max:  -1.0000  tns_sense_avg:  -1.0000   tns_sense_num: -1
 is current best
CDN_DP_region_13_2_c4 in qspi_master: area: 778514121 ,dp = 2 mux = 2 sg = very_fast    worst_clk_period: -1.0000 
    wns: 0  norm_wns:  -1.0000 
    fail_endp: -1 
    tns:  0  tns_per_endp:  -1.0000   norm_tns_per_endp:  -1.0000 
    tns_sense_max:  -1.0000  tns_sense_avg:  -1.0000   tns_sense_num: -1
 is current best
CDN_DP_region_13_2_c5 in qspi_master: area: 778514121 ,dp = 2 mux = 2 sg = very_fast    worst_clk_period: -1.0000 
    wns: 0  norm_wns:  -1.0000 
    fail_endp: -1 
    tns:  0  tns_per_endp:  -1.0000   norm_tns_per_endp:  -1.0000 
    tns_sense_max:  -1.0000  tns_sense_avg:  -1.0000   tns_sense_num: -1
 is current best
CDN_DP_region_13_2_c6 in qspi_master: area: 778514121 ,dp = 2 mux = 2 sg = very_fast    worst_clk_period: -1.0000 
    wns: 0  norm_wns:  -1.0000 
    fail_endp: -1 
    tns:  0  tns_per_endp:  -1.0000   norm_tns_per_endp:  -1.0000 
    tns_sense_max:  -1.0000  tns_sense_avg:  -1.0000   tns_sense_num: -1
 is current best
CDN_DP_region_13_2_c7 in qspi_master: area: 778514121 ,dp = 2 mux = 2 sg = very_fast    worst_clk_period: -1.0000 
    wns: 0  norm_wns:  -1.0000 
    fail_endp: -1 
    tns:  0  tns_per_endp:  -1.0000   norm_tns_per_endp:  -1.0000 
    tns_sense_max:  -1.0000  tns_sense_avg:  -1.0000   tns_sense_num: -1
 is current best
Best config: CDN_DP_region_13_2_c7 in qspi_master: area: 778514121 ,dp = 2 mux = 2 sg = very_fast    worst_clk_period: -1.0000 
    wns: 0  norm_wns:  -1.0000 
    fail_endp: -1 
    tns:  0  tns_per_endp:  -1.0000   norm_tns_per_endp:  -1.0000 
    tns_sense_max:  -1.0000  tns_sense_avg:  -1.0000   tns_sense_num: -1
  Smallest config area : 778514121.  Fastest config wns;  0
##>+----------------------------------------------------------------------------------------------------------------------------------------------------------------+
##>Summary table of configs (Best config is CDN_DP_region_13_2_c7)
##>+----------------------------------------------------------------------------------------------------------------------------------------------------------------+
##>                     0                  1                  2                  3                  4                  5                  6                  7            
##>+----------------------------------------------------------------------------------------------------------------------------------------------------------------+
##>           Area        778514121          778514121          778514121          778514121          778514121          778514121          778514121          778514121  
##>            WNS        +18459.20          +18459.20          +18459.20          +18459.20          +18459.20          +18459.20          +18459.20          +18459.20  
##>            TNS                0                  0                  0                  0                  0                  0                  0                  0  
##>    Num Rewrite                0                  0                  0                  0                  0                  0                  0                  0  
##>     Num Factor                0                  0                  0                  0                  0                  0                  0                  0  
##>      Num Share                0                  0                  0                  0                  0                  0                  0                  0  
##>   Num CmultCse                0                  0                  0                  0                  0                  0                  0                  0  
##>   Num Downsize                0                  0                  0                  0                  0                  0                  0                  0  
##>  Num Speculate                0                  0                  0                  0                  0                  0                  0                  0  
##>     Runtime(s)                0                  0                  0                  0                  0                  0                  0                  0  
+----------------------------------------------------------------------------------------------------------------------------------------------------------------+
##>
##>
##>+------------------------------------------------------------------------------------------------------------------------------------------------------------+
##>Optimization Step DEBUG Table for config CDN_DP_region_13_2_c7
##>
##>                          Step                        Area   ( % Chg)        WNS (Change)        TNS (Change)          Runtime (s)        Comment                   
##>+------------------------------------------------------------------------------------------------------------------------------------------------------------+
##>EquationExtraction              START              778514121 (      )    18459.20 (        )             0 (        )              
##> rewrite                        START              932930145 (+19.83)    18452.20 (   -7.00)             0 (       0)              (a,ar) Expr27_from --> Expr27_to
##>                                  END             1068044166 (+14.48)    18452.20 (   +0.00)             0 (       0)           0  
##>                                  END              778514121 ( +0.00)    18459.20 (   +0.00)             0 (       0)           0  
##>createMaxCarrySave              START              778514121 ( +0.00)    18459.20 (   +0.00)             0 (       0)              
##> datapath_rewrite_one_def       START              778514121 ( +0.00)    18459.20 (   +0.00)             0 (       0)              
##>                                  END              778514121 ( +0.00)    18459.20 (   +0.00)             0 (       0)           0  
##> csa_opto                       START              778514121 ( +0.00)    18459.20 (   +0.00)             0 (       0)              
##>                                  END              804250125 ( +3.31)    18459.20 (   +0.00)             0 (       0)           0  
##>                                  END              804250125 ( +3.31)    18459.20 (   +0.00)             0 (       0)           0  
##>canonicalize_by_names           START              804250125 ( +0.00)    18459.20 (   +0.00)             0 (       0)              
##>                                  END              804250125 ( +0.00)    18459.20 (   +0.00)             0 (       0)           0  
##>datapath_rewrite_post_csa_one_  START              804250125 ( +0.00)    18459.20 (   +0.00)             0 (       0)              
##>                                  END              804250125 ( +0.00)    18459.20 (   +0.00)             0 (       0)           0  
##>datapath_csa_factoring_one_gde  START              804250125 ( +0.00)    18459.20 (   +0.00)             0 (       0)              
##>                                  END              804250125 ( +0.00)    18459.20 (   +0.00)             0 (       0)           0  
##>dpopt_share_one_def             START              804250125 ( +0.00)    18459.20 (   +0.00)             0 (       0)              
##>                                  END              804250125 ( +0.00)    18459.20 (   +0.00)             0 (       0)           0  
##>datapath_rewrite_post_share     START              804250125 ( +0.00)    18459.20 (   +0.00)             0 (       0)              
##>                                  END              804250125 ( +0.00)    18459.20 (   +0.00)             0 (       0)           0  
##>dp_combine_const_mult_with_com  START              804250125 ( +0.00)    18459.20 (   +0.00)             0 (       0)              
##>                                  END              804250125 ( +0.00)    18459.20 (   +0.00)             0 (       0)           0  
##>dp_operator_level_decompositio  START              804250125 ( +0.00)    18459.20 (   +0.00)             0 (       0)              
##>                                  END              804250125 ( +0.00)    18459.20 (   +0.00)             0 (       0)           0  
##>selective_flatten_dp_config     START              804250125 ( +0.00)    18459.20 (   +0.00)             0 (       0)              
##>                                  END              804250125 ( +0.00)    18459.20 (   +0.00)             0 (       0)           0  
##>createMaxCarrySave              START              804250125 ( +0.00)    18459.20 (   +0.00)             0 (       0)              
##> datapath_rewrite_one_def       START              804250125 ( +0.00)    18459.20 (   +0.00)             0 (       0)              
##>  fast_cse_elim                 START              804250125 ( +0.00)    18459.20 (   +0.00)             0 (       0)              
##>                                  END              804250125 ( +0.00)    18459.20 (   +0.00)             0 (       0)           0  
##>  fast_cse_elim                 START              804250125 ( +0.00)    18459.20 (   +0.00)             0 (       0)              
##>                                  END              804250125 ( +0.00)    18459.20 (   +0.00)             0 (       0)           0  
##>                                  END              804250125 ( +0.00)    18459.20 (   +0.00)             0 (       0)           0  
##> csa_opto                       START              804250125 ( +0.00)    18459.20 (   +0.00)             0 (       0)              
##>                                  END              804250125 ( +0.00)    18459.20 (   +0.00)             0 (       0)           0  
##>                                  END              804250125 ( +0.00)    18459.20 (   +0.00)             0 (       0)           0  
##>context_based_simplify          START              804250125 ( +0.00)    18459.20 (   +0.00)             0 (       0)              
##>                                  END              778514121 ( -3.20)    18459.20 (   +0.00)             0 (       0)           0  
##>group_csa_final_adder_dp        START              778514121 ( +0.00)    18459.20 (   +0.00)             0 (       0)              
##>                                  END              778514121 ( +0.00)    18459.20 (   +0.00)             0 (       0)           0  
##>dpopt_flatten_critical_muxes_i  START              778514121 ( +0.00)    18459.20 (   +0.00)             0 (       0)              
##>                                  END              778514121 ( +0.00)    18459.20 (   +0.00)             0 (       0)           0  
##>create_score                    START              778514121 ( +0.00)    18459.20 (   +0.00)             0 (       0)              
##>                                  END              778514121 ( +0.00)    18459.20 (   +0.00)             0 (       0)           0  
##>+------------------------------------------------------------------------------------------------------------------------------------------------------------+
Committed config: CDN_DP_region_13_2_c7
          Optimizations applied to 'very_fast' configuration:
            rewriting(0), factoring(0), sharing(0), cmultcse(0), downsizing(0), speculation(0)
CSAGen Prep Share:0 Re-Write:0 Speculation: 0
CDN_DP_region_14_0 level = 0 loads = 0 drivers = 0
CDN_DP_region_14_0_c0 in reciprocal_lut: area: 572626089 ,dp = 0 mux = 2 sg = slow         worst_clk_period: -1.0000 
    wns: 0  norm_wns:  -1.0000 
    fail_endp: -1 
    tns:  0  tns_per_endp:  -1.0000   norm_tns_per_endp:  -1.0000 
    tns_sense_max:  -1.0000  tns_sense_avg:  -1.0000   tns_sense_num: -1
 skipped
CDN_DP_region_14_0_c1 in reciprocal_lut: area: 572626089 ,dp = 0 mux = 2 sg = fast         worst_clk_period: -1.0000 
    wns: 0  norm_wns:  -1.0000 
    fail_endp: -1 
    tns:  0  tns_per_endp:  -1.0000   norm_tns_per_endp:  -1.0000 
    tns_sense_max:  -1.0000  tns_sense_avg:  -1.0000   tns_sense_num: -1
 is current best
CDN_DP_region_14_0_c2 in reciprocal_lut: area: 572626089 ,dp = 0 mux = 2 sg = very_slow    worst_clk_period: -1.0000 
    wns: 0  norm_wns:  -1.0000 
    fail_endp: -1 
    tns:  0  tns_per_endp:  -1.0000   norm_tns_per_endp:  -1.0000 
    tns_sense_max:  -1.0000  tns_sense_avg:  -1.0000   tns_sense_num: -1
 is current best
CDN_DP_region_14_0_c3 in reciprocal_lut: area: 572626089 ,dp = 0 mux = 2 sg = very_fast    worst_clk_period: -1.0000 
    wns: 0  norm_wns:  -1.0000 
    fail_endp: -1 
    tns:  0  tns_per_endp:  -1.0000   norm_tns_per_endp:  -1.0000 
    tns_sense_max:  -1.0000  tns_sense_avg:  -1.0000   tns_sense_num: -1
 is current best
CDN_DP_region_14_0_c4 in reciprocal_lut: area: 572626089 ,dp = 0 mux = 2 sg = very_fast    worst_clk_period: -1.0000 
    wns: 0  norm_wns:  -1.0000 
    fail_endp: -1 
    tns:  0  tns_per_endp:  -1.0000   norm_tns_per_endp:  -1.0000 
    tns_sense_max:  -1.0000  tns_sense_avg:  -1.0000   tns_sense_num: -1
 is current best
CDN_DP_region_14_0_c5 in reciprocal_lut: area: 572626089 ,dp = 0 mux = 2 sg = very_fast    worst_clk_period: -1.0000 
    wns: 0  norm_wns:  -1.0000 
    fail_endp: -1 
    tns:  0  tns_per_endp:  -1.0000   norm_tns_per_endp:  -1.0000 
    tns_sense_max:  -1.0000  tns_sense_avg:  -1.0000   tns_sense_num: -1
 is current best
CDN_DP_region_14_0_c6 in reciprocal_lut: area: 572626089 ,dp = 0 mux = 2 sg = very_fast    worst_clk_period: -1.0000 
    wns: 0  norm_wns:  -1.0000 
    fail_endp: -1 
    tns:  0  tns_per_endp:  -1.0000   norm_tns_per_endp:  -1.0000 
    tns_sense_max:  -1.0000  tns_sense_avg:  -1.0000   tns_sense_num: -1
 is current best
CDN_DP_region_14_0_c7 in reciprocal_lut: area: 572626089 ,dp = 0 mux = 2 sg = very_fast    worst_clk_period: -1.0000 
    wns: 0  norm_wns:  -1.0000 
    fail_endp: -1 
    tns:  0  tns_per_endp:  -1.0000   norm_tns_per_endp:  -1.0000 
    tns_sense_max:  -1.0000  tns_sense_avg:  -1.0000   tns_sense_num: -1
 is current best
Best config: CDN_DP_region_14_0_c7 in reciprocal_lut: area: 572626089 ,dp = 0 mux = 2 sg = very_fast    worst_clk_period: -1.0000 
    wns: 0  norm_wns:  -1.0000 
    fail_endp: -1 
    tns:  0  tns_per_endp:  -1.0000   norm_tns_per_endp:  -1.0000 
    tns_sense_max:  -1.0000  tns_sense_avg:  -1.0000   tns_sense_num: -1
  Smallest config area : 572626089.  Fastest config wns;  0
##>+----------------------------------------------------------------------------------------------------------------------------------------------------------------+
##>Summary table of configs (Best config is CDN_DP_region_14_0_c7)
##>+----------------------------------------------------------------------------------------------------------------------------------------------------------------+
##>                     0                  1                  2                  3                  4                  5                  6                  7            
##>+----------------------------------------------------------------------------------------------------------------------------------------------------------------+
##>           Area        572626089          572626089          572626089          572626089          572626089          572626089          572626089          572626089  
##>            WNS        +18170.60          +18170.60          +18170.60          +18170.60          +18170.60          +18170.60          +18170.60          +18170.60  
##>            TNS                0                  0                  0                  0                  0                  0                  0                  0  
##>    Num Rewrite                0                  0                  0                  0                  0                  0                  0                  0  
##>     Num Factor                0                  0                  0                  0                  0                  0                  0                  0  
##>      Num Share                0                  0                  0                  0                  0                  0                  0                  0  
##>   Num CmultCse                0                  0                  0                  0                  0                  0                  0                  0  
##>   Num Downsize                0                  0                  0                  0                  0                  0                  0                  0  
##>  Num Speculate                0                  0                  0                  0                  0                  0                  0                  0  
##>     Runtime(s)                0                  0                  0                  0                  0                  0                  0                  0  
+----------------------------------------------------------------------------------------------------------------------------------------------------------------+
##>
##>
##>+------------------------------------------------------------------------------------------------------------------------------------------------------------+
##>Optimization Step DEBUG Table for config CDN_DP_region_14_0_c7
##>
##>                          Step                        Area   ( % Chg)        WNS (Change)        TNS (Change)          Runtime (s)        Comment                   
##>+------------------------------------------------------------------------------------------------------------------------------------------------------------+
##>EquationExtraction              START              572626089 (      )    18170.60 (        )             0 (        )              
##>                                  END              572626089 ( +0.00)    18170.60 (   +0.00)             0 (       0)           0  
##>createMaxCarrySave              START              572626089 ( +0.00)    18170.60 (   +0.00)             0 (       0)              
##> datapath_rewrite_one_def       START              572626089 ( +0.00)    18170.60 (   +0.00)             0 (       0)              
##>                                  END              572626089 ( +0.00)    18170.60 (   +0.00)             0 (       0)           0  
##> csa_opto                       START              572626089 ( +0.00)    18170.60 (   +0.00)             0 (       0)              
##>                                  END              572626089 ( +0.00)    18170.60 (   +0.00)             0 (       0)           0  
##>                                  END              572626089 ( +0.00)    18170.60 (   +0.00)             0 (       0)           0  
##>canonicalize_by_names           START              572626089 ( +0.00)    18170.60 (   +0.00)             0 (       0)              
##>                                  END              572626089 ( +0.00)    18170.60 (   +0.00)             0 (       0)           0  
##>datapath_rewrite_post_csa_one_  START              572626089 ( +0.00)    18170.60 (   +0.00)             0 (       0)              
##>                                  END              572626089 ( +0.00)    18170.60 (   +0.00)             0 (       0)           0  
##>datapath_csa_factoring_one_gde  START              572626089 ( +0.00)    18170.60 (   +0.00)             0 (       0)              
##>                                  END              572626089 ( +0.00)    18170.60 (   +0.00)             0 (       0)           0  
##>dpopt_share_one_def             START              572626089 ( +0.00)    18170.60 (   +0.00)             0 (       0)              
##>                                  END              572626089 ( +0.00)    18170.60 (   +0.00)             0 (       0)           0  
##>datapath_rewrite_post_share     START              572626089 ( +0.00)    18170.60 (   +0.00)             0 (       0)              
##>                                  END              572626089 ( +0.00)    18170.60 (   +0.00)             0 (       0)           0  
##>dp_combine_const_mult_with_com  START              572626089 ( +0.00)    18170.60 (   +0.00)             0 (       0)              
##>                                  END              572626089 ( +0.00)    18170.60 (   +0.00)             0 (       0)           0  
##>dp_operator_level_decompositio  START              572626089 ( +0.00)    18170.60 (   +0.00)             0 (       0)              
##>                                  END              572626089 ( +0.00)    18170.60 (   +0.00)             0 (       0)           0  
##>selective_flatten_dp_config     START              572626089 ( +0.00)    18170.60 (   +0.00)             0 (       0)              
##>                                  END              572626089 ( +0.00)    18170.60 (   +0.00)             0 (       0)           0  
##>createMaxCarrySave              START              572626089 ( +0.00)    18170.60 (   +0.00)             0 (       0)              
##> datapath_rewrite_one_def       START              572626089 ( +0.00)    18170.60 (   +0.00)             0 (       0)              
##>  fast_cse_elim                 START              572626089 ( +0.00)    18170.60 (   +0.00)             0 (       0)              
##>                                  END              572626089 ( +0.00)    18170.60 (   +0.00)             0 (       0)           0  
##>  fast_cse_elim                 START              572626089 ( +0.00)    18170.60 (   +0.00)             0 (       0)              
##>                                  END              572626089 ( +0.00)    18170.60 (   +0.00)             0 (       0)           0  
##>                                  END              572626089 ( +0.00)    18170.60 (   +0.00)             0 (       0)           0  
##> csa_opto                       START              572626089 ( +0.00)    18170.60 (   +0.00)             0 (       0)              
##>                                  END              572626089 ( +0.00)    18170.60 (   +0.00)             0 (       0)           0  
##>                                  END              572626089 ( +0.00)    18170.60 (   +0.00)             0 (       0)           0  
##>context_based_simplify          START              572626089 ( +0.00)    18170.60 (   +0.00)             0 (       0)              
##>                                  END              572626089 ( +0.00)    18170.60 (   +0.00)             0 (       0)           0  
##>group_csa_final_adder_dp        START              572626089 ( +0.00)    18170.60 (   +0.00)             0 (       0)              
##>                                  END              572626089 ( +0.00)    18170.60 (   +0.00)             0 (       0)           0  
##>dpopt_flatten_critical_muxes_i  START              572626089 ( +0.00)    18170.60 (   +0.00)             0 (       0)              
##>                                  END              572626089 ( +0.00)    18170.60 (   +0.00)             0 (       0)           0  
##>create_score                    START              572626089 ( +0.00)    18170.60 (   +0.00)             0 (       0)              
##>                                  END              572626089 ( +0.00)    18170.60 (   +0.00)             0 (       0)           0  
##>+------------------------------------------------------------------------------------------------------------------------------------------------------------+
Committed config: CDN_DP_region_14_0_c7
          Optimizations applied to 'very_fast' configuration:
            rewriting(0), factoring(0), sharing(0), cmultcse(0), downsizing(0), speculation(0)
CSAGen Prep Share:0 Re-Write:1 Speculation: 0
MaxCSA: Successfully built Maximal CSA Expression Expr28
MaxCSA: Successfully built Maximal CSA Expression Expr29
CDN_DP_region_14_1 level = 0 loads = 0 drivers = 0
CDN_DP_region_14_1_c0 in reciprocal_lut: area: 5970752928 ,dp = 3 mux = 1 sg = slow         worst_clk_period: -1.0000 
    wns: 0  norm_wns:  -1.0000 
    fail_endp: -1 
    tns:  0  tns_per_endp:  -1.0000   norm_tns_per_endp:  -1.0000 
    tns_sense_max:  -1.0000  tns_sense_avg:  -1.0000   tns_sense_num: -1
 skipped
CDN_DP_region_14_1_c1 in reciprocal_lut: area: 5964318927 ,dp = 3 mux = 1 sg = fast         worst_clk_period: -1.0000 
    wns: 0  norm_wns:  -1.0000 
    fail_endp: -1 
    tns:  0  tns_per_endp:  -1.0000   norm_tns_per_endp:  -1.0000 
    tns_sense_max:  -1.0000  tns_sense_avg:  -1.0000   tns_sense_num: -1
 is current best
CDN_DP_region_14_1_c2 in reciprocal_lut: area: 5964318927 ,dp = 3 mux = 1 sg = very_slow    worst_clk_period: -1.0000 
    wns: 0  norm_wns:  -1.0000 
    fail_endp: -1 
    tns:  0  tns_per_endp:  -1.0000   norm_tns_per_endp:  -1.0000 
    tns_sense_max:  -1.0000  tns_sense_avg:  -1.0000   tns_sense_num: -1
 is current best
CDN_DP_region_14_1_c3 in reciprocal_lut: area: 5964318927 ,dp = 3 mux = 1 sg = very_fast    worst_clk_period: -1.0000 
    wns: 0  norm_wns:  -1.0000 
    fail_endp: -1 
    tns:  0  tns_per_endp:  -1.0000   norm_tns_per_endp:  -1.0000 
    tns_sense_max:  -1.0000  tns_sense_avg:  -1.0000   tns_sense_num: -1
 is current best
CDN_DP_region_14_1_c4 in reciprocal_lut: area: 5964318927 ,dp = 3 mux = 1 sg = very_fast    worst_clk_period: -1.0000 
    wns: 0  norm_wns:  -1.0000 
    fail_endp: -1 
    tns:  0  tns_per_endp:  -1.0000   norm_tns_per_endp:  -1.0000 
    tns_sense_max:  -1.0000  tns_sense_avg:  -1.0000   tns_sense_num: -1
 is current best
CDN_DP_region_14_1_c5 in reciprocal_lut: area: 5964318927 ,dp = 3 mux = 1 sg = very_fast    worst_clk_period: -1.0000 
    wns: 0  norm_wns:  -1.0000 
    fail_endp: -1 
    tns:  0  tns_per_endp:  -1.0000   norm_tns_per_endp:  -1.0000 
    tns_sense_max:  -1.0000  tns_sense_avg:  -1.0000   tns_sense_num: -1
 is current best
CDN_DP_region_14_1_c6 in reciprocal_lut: area: 5964318927 ,dp = 3 mux = 1 sg = very_fast    worst_clk_period: -1.0000 
    wns: 0  norm_wns:  -1.0000 
    fail_endp: -1 
    tns:  0  tns_per_endp:  -1.0000   norm_tns_per_endp:  -1.0000 
    tns_sense_max:  -1.0000  tns_sense_avg:  -1.0000   tns_sense_num: -1
 is current best
CDN_DP_region_14_1_c7 in reciprocal_lut: area: 7650027189 ,dp = 3 mux = 1 sg = very_fast    worst_clk_period: -1.0000 
    wns: 0  norm_wns:  -1.0000 
    fail_endp: -1 
    tns:  0  tns_per_endp:  -1.0000   norm_tns_per_endp:  -1.0000 
    tns_sense_max:  -1.0000  tns_sense_avg:  -1.0000   tns_sense_num: -1

Best config: CDN_DP_region_14_1_c6 in reciprocal_lut: area: 5964318927 ,dp = 3 mux = 1 sg = very_fast    worst_clk_period: -1.0000 
    wns: 0  norm_wns:  -1.0000 
    fail_endp: -1 
    tns:  0  tns_per_endp:  -1.0000   norm_tns_per_endp:  -1.0000 
    tns_sense_max:  -1.0000  tns_sense_avg:  -1.0000   tns_sense_num: -1
  Smallest config area : 5964318927.  Fastest config wns;  0
##>+----------------------------------------------------------------------------------------------------------------------------------------------------------------+
##>Summary table of configs (Best config is CDN_DP_region_14_1_c6)
##>+----------------------------------------------------------------------------------------------------------------------------------------------------------------+
##>                     0                  1                  2                  3                  4                  5                  6                  7            
##>+----------------------------------------------------------------------------------------------------------------------------------------------------------------+
##>           Area       5970752928         5964318927         5964318927         5964318927         5964318927         5964318927         5964318927         7650027189  
##>            WNS        +17824.10          +17824.10          +17824.10          +17824.10          +17824.10          +17824.10          +17824.10          +17824.10  
##>            TNS                0                  0                  0                  0                  0                  0                  0                  0  
##>    Num Rewrite                0                  0                  0                  0                  0                  0                  0                  1  
##>     Num Factor                0                  0                  0                  0                  0                  0                  0                  0  
##>      Num Share                0                  0                  0                  0                  0                  0                  0                  0  
##>   Num CmultCse                0                  0                  0                  0                  0                  0                  0                  0  
##>   Num Downsize                0                  0                  0                  0                  0                  0                  0                  0  
##>  Num Speculate                0                  0                  0                  0                  0                  0                  0                  0  
##>     Runtime(s)                0                  0                  0                  0                  0                  0                  0                  0  
+----------------------------------------------------------------------------------------------------------------------------------------------------------------+
##>
##>
##>+------------------------------------------------------------------------------------------------------------------------------------------------------------+
##>Optimization Step DEBUG Table for config CDN_DP_region_14_1_c6
##>
##>                          Step                        Area   ( % Chg)        WNS (Change)        TNS (Change)          Runtime (s)        Comment                   
##>+------------------------------------------------------------------------------------------------------------------------------------------------------------+
##>createMaxCarrySave              START             5970752928 (      )    107392006.50 (        )             0 (        )              
##> datapath_rewrite_one_def       START             5970752928 ( +0.00)    107392006.50 (   +0.00)             0 (       0)              
##>  fast_cse_elim                 START             5970752928 ( +0.00)    107392006.50 (   +0.00)             0 (       0)              
##>                                  END             5970752928 ( +0.00)    107392006.50 (   +0.00)             0 (       0)           0  
##>  fast_cse_elim                 START             5970752928 ( +0.00)    107392006.50 (   +0.00)             0 (       0)              
##>                                  END             5970752928 ( +0.00)    107392006.50 (   +0.00)             0 (       0)           0  
##>                                  END             5970752928 ( +0.00)    107392006.50 (   +0.00)             0 (       0)           0  
##> dpopt_share_one_def            START             5970752928 ( +0.00)    107392006.50 (   +0.00)             0 (       0)              
##>                                  END             5970752928 ( +0.00)    107392006.50 (   +0.00)             0 (       0)           0  
##> csa_opto                       START             5970752928 ( +0.00)    214748364.70 (+107356358.20)             0 (       0)              
##>                                  END             5970752928 ( +0.00)    214748364.70 (   +0.00)             0 (       0)           0  
##>                                  END             5970752928 ( +0.00)    214748364.70 (+107356358.20)             0 (       0)           0  
##>canonicalize_by_names           START             5970752928 ( +0.00)    214748364.70 (   +0.00)             0 (       0)              
##>                                  END             5970752928 ( +0.00)    214748364.70 (   +0.00)             0 (       0)           0  
##>datapath_rewrite_post_csa_one_  START             5970752928 ( +0.00)    214748364.70 (   +0.00)             0 (       0)              
##>                                  END             5970752928 ( +0.00)    214748364.70 (   +0.00)             0 (       0)           0  
##>datapath_csa_factoring_one_gde  START             5970752928 ( +0.00)    214748364.70 (   +0.00)             0 (       0)              
##>                                  END             5970752928 ( +0.00)    214748364.70 (   +0.00)             0 (       0)           0  
##>dpopt_share_one_def             START             5970752928 ( +0.00)    214748364.70 (   +0.00)             0 (       0)              
##>                                  END             5970752928 ( +0.00)    214748364.70 (   +0.00)             0 (       0)           0  
##>datapath_rewrite_post_share     START             5970752928 ( +0.00)    214748364.70 (   +0.00)             0 (       0)              
##>                                  END             5970752928 ( +0.00)    214748364.70 (   +0.00)             0 (       0)           0  
##>dp_combine_const_mult_with_com  START             5970752928 ( +0.00)    214748364.70 (   +0.00)             0 (       0)              
##>                                  END             5970752928 ( +0.00)    214748364.70 (   +0.00)             0 (       0)           0  
##>dp_operator_level_decompositio  START             5970752928 ( +0.00)    214748364.70 (   +0.00)             0 (       0)              
##>                                  END             5970752928 ( +0.00)    214748364.70 (   +0.00)             0 (       0)           0  
##>selective_flatten_dp_config     START             5970752928 ( +0.00)    214748364.70 (   +0.00)             0 (       0)              
##>                                  END             5970752928 ( +0.00)    214748364.70 (   +0.00)             0 (       0)           0  
##>createMaxCarrySave              START             5970752928 ( +0.00)    214748364.70 (   +0.00)             0 (       0)              
##> datapath_rewrite_one_def       START             5970752928 ( +0.00)    214748364.70 (   +0.00)             0 (       0)              
##>  fast_cse_elim                 START             5970752928 ( +0.00)    214748364.70 (   +0.00)             0 (       0)              
##>                                  END             5970752928 ( +0.00)    214748364.70 (   +0.00)             0 (       0)           0  
##>  fast_cse_elim                 START             5970752928 ( +0.00)    214748364.70 (   +0.00)             0 (       0)              
##>                                  END             5970752928 ( +0.00)    214748364.70 (   +0.00)             0 (       0)           0  
##>                                  END             5970752928 ( +0.00)    214748364.70 (   +0.00)             0 (       0)           0  
##> dpopt_share_one_def            START             5970752928 ( +0.00)    214748364.70 (   +0.00)             0 (       0)              
##>                                  END             5970752928 ( +0.00)    214748364.70 (   +0.00)             0 (       0)           0  
##> csa_opto                       START             5970752928 ( +0.00)    214748364.70 (   +0.00)             0 (       0)              
##>                                  END             5970752928 ( +0.00)    214748364.70 (   +0.00)             0 (       0)           0  
##>                                  END             5970752928 ( +0.00)    214748364.70 (   +0.00)             0 (       0)           0  
##>context_based_simplify          START             5970752928 ( +0.00)    214748364.70 (   +0.00)             0 (       0)              
##>                                  END             5964318927 ( -0.11)    214748364.70 (   +0.00)             0 (       0)           0  
##>group_csa_final_adder_dp        START             5964318927 ( +0.00)    214748364.70 (   +0.00)             0 (       0)              
##>                                  END             5964318927 ( +0.00)    214748364.70 (   +0.00)             0 (       0)           0  
##>dpopt_flatten_critical_muxes_i  START             5964318927 ( +0.00)    214748364.70 (   +0.00)             0 (       0)              
##>                                  END             5964318927 ( +0.00)    214748364.70 (   +0.00)             0 (       0)           0  
##>create_score                    START             5964318927 ( +0.00)    17824.10 (-214730540.60)             0 (       0)              
##>                                  END             5964318927 ( +0.00)    17824.10 (   +0.00)             0 (       0)           0  
##>+------------------------------------------------------------------------------------------------------------------------------------------------------------+
Committed config: CDN_DP_region_14_1_c6
          Optimizations applied to 'very_fast' configuration:
            rewriting(0), factoring(0), sharing(0), cmultcse(0), downsizing(0), speculation(0)
CSAGen Prep Share:0 Re-Write:0 Speculation: 0
MaxCSA: Successfully built Maximal CSA Expression Expr30
MaxCSA: Successfully built Maximal CSA Expression Expr31
CDN_DP_region_13_0 level = 0 loads = 0 drivers = 0
CDN_DP_region_13_0_c0 in qspi_master: area: 1248196194 ,dp = 2 mux = 5 sg = slow         worst_clk_period: -1.0000 
    wns: 0  norm_wns:  -1.0000 
    fail_endp: -1 
    tns:  0  tns_per_endp:  -1.0000   norm_tns_per_endp:  -1.0000 
    tns_sense_max:  -1.0000  tns_sense_avg:  -1.0000   tns_sense_num: -1
 skipped
CDN_DP_region_13_0_c1 in qspi_master: area: 1222460190 ,dp = 1 mux = 4 sg = fast         worst_clk_period: -1.0000 
    wns: 0  norm_wns:  -1.0000 
    fail_endp: -1 
    tns:  0  tns_per_endp:  -1.0000   norm_tns_per_endp:  -1.0000 
    tns_sense_max:  -1.0000  tns_sense_avg:  -1.0000   tns_sense_num: -1
 is current best
CDN_DP_region_13_0_c2 in qspi_master: area: 1222460190 ,dp = 1 mux = 4 sg = very_slow    worst_clk_period: -1.0000 
    wns: 0  norm_wns:  -1.0000 
    fail_endp: -1 
    tns:  0  tns_per_endp:  -1.0000   norm_tns_per_endp:  -1.0000 
    tns_sense_max:  -1.0000  tns_sense_avg:  -1.0000   tns_sense_num: -1
 is current best
CDN_DP_region_13_0_c3 in qspi_master: area: 1222460190 ,dp = 1 mux = 4 sg = very_fast    worst_clk_period: -1.0000 
    wns: 0  norm_wns:  -1.0000 
    fail_endp: -1 
    tns:  0  tns_per_endp:  -1.0000   norm_tns_per_endp:  -1.0000 
    tns_sense_max:  -1.0000  tns_sense_avg:  -1.0000   tns_sense_num: -1
 is current best
CDN_DP_region_13_0_c4 in qspi_master: area: 1222460190 ,dp = 1 mux = 4 sg = very_fast    worst_clk_period: -1.0000 
    wns: 0  norm_wns:  -1.0000 
    fail_endp: -1 
    tns:  0  tns_per_endp:  -1.0000   norm_tns_per_endp:  -1.0000 
    tns_sense_max:  -1.0000  tns_sense_avg:  -1.0000   tns_sense_num: -1
 is current best
CDN_DP_region_13_0_c5 in qspi_master: area: 1222460190 ,dp = 1 mux = 4 sg = very_fast    worst_clk_period: -1.0000 
    wns: 0  norm_wns:  -1.0000 
    fail_endp: -1 
    tns:  0  tns_per_endp:  -1.0000   norm_tns_per_endp:  -1.0000 
    tns_sense_max:  -1.0000  tns_sense_avg:  -1.0000   tns_sense_num: -1
 is current best
CDN_DP_region_13_0_c6 in qspi_master: area: 1222460190 ,dp = 1 mux = 4 sg = very_fast    worst_clk_period: -1.0000 
    wns: 0  norm_wns:  -1.0000 
    fail_endp: -1 
    tns:  0  tns_per_endp:  -1.0000   norm_tns_per_endp:  -1.0000 
    tns_sense_max:  -1.0000  tns_sense_avg:  -1.0000   tns_sense_num: -1
 is current best
CDN_DP_region_13_0_c7 in qspi_master: area: 1222460190 ,dp = 1 mux = 4 sg = very_fast    worst_clk_period: -1.0000 
    wns: 0  norm_wns:  -1.0000 
    fail_endp: -1 
    tns:  0  tns_per_endp:  -1.0000   norm_tns_per_endp:  -1.0000 
    tns_sense_max:  -1.0000  tns_sense_avg:  -1.0000   tns_sense_num: -1
 is current best
Best config: CDN_DP_region_13_0_c7 in qspi_master: area: 1222460190 ,dp = 1 mux = 4 sg = very_fast    worst_clk_period: -1.0000 
    wns: 0  norm_wns:  -1.0000 
    fail_endp: -1 
    tns:  0  tns_per_endp:  -1.0000   norm_tns_per_endp:  -1.0000 
    tns_sense_max:  -1.0000  tns_sense_avg:  -1.0000   tns_sense_num: -1
  Smallest config area : 1222460190.  Fastest config wns;  0
##>+----------------------------------------------------------------------------------------------------------------------------------------------------------------+
##>Summary table of configs (Best config is CDN_DP_region_13_0_c7)
##>+----------------------------------------------------------------------------------------------------------------------------------------------------------------+
##>                     0                  1                  2                  3                  4                  5                  6                  7            
##>+----------------------------------------------------------------------------------------------------------------------------------------------------------------+
##>           Area       1248196194         1222460190         1222460190         1222460190         1222460190         1222460190         1222460190         1222460190  
##>            WNS        +18461.20          +18461.20          +18461.20          +18461.20          +18461.20          +18461.20          +18461.20          +18461.20  
##>            TNS                0                  0                  0                  0                  0                  0                  0                  0  
##>    Num Rewrite                0                  1                  1                  1                  1                  1                  1                  1  
##>     Num Factor                0                  0                  0                  0                  0                  0                  0                  0  
##>      Num Share                0                  0                  0                  0                  0                  0                  0                  0  
##>   Num CmultCse                0                  0                  0                  0                  0                  0                  0                  0  
##>   Num Downsize                0                  0                  0                  0                  0                  0                  0                  0  
##>  Num Speculate                0                  0                  0                  0                  0                  0                  0                  0  
##>     Runtime(s)                0                  0                  0                  0                  0                  0                  0                  0  
+----------------------------------------------------------------------------------------------------------------------------------------------------------------+
##>
##>
##>+------------------------------------------------------------------------------------------------------------------------------------------------------------+
##>Optimization Step DEBUG Table for config CDN_DP_region_13_0_c7
##>
##>                          Step                        Area   ( % Chg)        WNS (Change)        TNS (Change)          Runtime (s)        Comment                   
##>+------------------------------------------------------------------------------------------------------------------------------------------------------------+
##>EquationExtraction              START             1248196194 (      )    18461.20 (        )             0 (        )              
##> rewrite                        START             1357574211 ( +8.76)    18448.10 (  -13.10)             0 (       0)              (a,ar) Expr30_from --> Expr30_to
##>                                  END             5764864896 (+324.64)    18448.10 (   +0.00)             0 (       0)           0  
##> rewrite                        START             5764864896 ( +0.00)    18448.10 (   +0.00)             0 (       0)              (a,ar) Expr31_from --> Expr31_to
##>                                  END            10538893638 (+82.81)    18448.10 (   +0.00)             0 (       0)           0  
##>                                  END             1248196194 ( +0.00)    18461.20 (   +0.00)             0 (       0)           0  
##>createMaxCarrySave              START             1248196194 ( +0.00)    18461.20 (   +0.00)             0 (       0)              
##> datapath_rewrite_one_def       START             1248196194 ( +0.00)    18461.20 (   +0.00)             0 (       0)              
##>  rewrite                       START             1248196194 ( +0.00)    18461.20 (   +0.00)             0 (       0)              (a,csaa) dissolve_1bit_const_2x1mux_from --> dissolve_1bit_const_2x1mux_to
##>                                  END             1228894191 ( -1.55)    18461.20 (   +0.00)             0 (       0)           0  
##>                                  END             1228894191 ( -1.55)    18461.20 (   +0.00)             0 (       0)           0  
##> csa_opto                       START             1228894191 ( +0.00)    18461.20 (   +0.00)             0 (       0)              
##>                                  END             1228894191 ( +0.00)    18461.20 (   +0.00)             0 (       0)           0  
##>                                  END             1228894191 ( -1.55)    18461.20 (   +0.00)             0 (       0)           0  
##>canonicalize_by_names           START             1228894191 ( +0.00)    18461.20 (   +0.00)             0 (       0)              
##>                                  END             1228894191 ( +0.00)    18461.20 (   +0.00)             0 (       0)           0  
##>datapath_rewrite_post_csa_one_  START             1228894191 ( +0.00)    18461.20 (   +0.00)             0 (       0)              
##>                                  END             1228894191 ( +0.00)    18461.20 (   +0.00)             0 (       0)           0  
##>datapath_csa_factoring_one_gde  START             1228894191 ( +0.00)    18461.20 (   +0.00)             0 (       0)              
##>                                  END             1228894191 ( +0.00)    18461.20 (   +0.00)             0 (       0)           0  
##>dpopt_share_one_def             START             1228894191 ( +0.00)    18461.20 (   +0.00)             0 (       0)              
##>                                  END             1228894191 ( +0.00)    18461.20 (   +0.00)             0 (       0)           0  
##>datapath_rewrite_post_share     START             1228894191 ( +0.00)    18461.20 (   +0.00)             0 (       0)              
##>                                  END             1228894191 ( +0.00)    18461.20 (   +0.00)             0 (       0)           0  
##>dp_combine_const_mult_with_com  START             1228894191 ( +0.00)    18461.20 (   +0.00)             0 (       0)              
##>                                  END             1228894191 ( +0.00)    18461.20 (   +0.00)             0 (       0)           0  
##>dp_operator_level_decompositio  START             1228894191 ( +0.00)    18461.20 (   +0.00)             0 (       0)              
##>                                  END             1228894191 ( +0.00)    18461.20 (   +0.00)             0 (       0)           0  
##>selective_flatten_dp_config     START             1228894191 ( +0.00)    18461.20 (   +0.00)             0 (       0)              
##>                                  END             1222460190 ( -0.52)    18461.20 (   +0.00)             0 (       0)           0  
##>createMaxCarrySave              START             1222460190 ( +0.00)    18461.20 (   +0.00)             0 (       0)              
##> datapath_rewrite_one_def       START             1222460190 ( +0.00)    18461.20 (   +0.00)             0 (       0)              
##>  fast_cse_elim                 START             1222460190 ( +0.00)    18461.20 (   +0.00)             0 (       0)              
##>                                  END             1222460190 ( +0.00)    18461.20 (   +0.00)             0 (       0)           0  
##>  fast_cse_elim                 START             1222460190 ( +0.00)    18461.20 (   +0.00)             0 (       0)              
##>                                  END             1222460190 ( +0.00)    18461.20 (   +0.00)             0 (       0)           0  
##>                                  END             1222460190 ( +0.00)    18461.20 (   +0.00)             0 (       0)           0  
##> csa_opto                       START             1222460190 ( +0.00)    18461.20 (   +0.00)             0 (       0)              
##>                                  END             1222460190 ( +0.00)    18461.20 (   +0.00)             0 (       0)           0  
##>                                  END             1222460190 ( +0.00)    18461.20 (   +0.00)             0 (       0)           0  
##>context_based_simplify          START             1222460190 ( +0.00)    18461.20 (   +0.00)             0 (       0)              
##>                                  END             1222460190 ( +0.00)    18461.20 (   +0.00)             0 (       0)           0  
##>group_csa_final_adder_dp        START             1222460190 ( +0.00)    18461.20 (   +0.00)             0 (       0)              
##>                                  END             1222460190 ( +0.00)    18461.20 (   +0.00)             0 (       0)           0  
##>dpopt_flatten_critical_muxes_i  START             1222460190 ( +0.00)    18461.20 (   +0.00)             0 (       0)              
##>                                  END             1222460190 ( +0.00)    18461.20 (   +0.00)             0 (       0)           0  
##>create_score                    START             1222460190 ( +0.00)    18461.20 (   +0.00)             0 (       0)              
##>                                  END             1222460190 ( +0.00)    18461.20 (   +0.00)             0 (       0)           0  
##>+------------------------------------------------------------------------------------------------------------------------------------------------------------+
Committed config: CDN_DP_region_13_0_c7
          Optimizations applied to 'very_fast' configuration:
            rewriting(1), factoring(0), sharing(0), cmultcse(0), downsizing(0), speculation(0)
CSAGen Prep Share:0 Re-Write:0 Speculation: 0
MaxCSA: Successfully built Maximal CSA Expression Expr32
CDN_DP_region_12_1 level = 0 loads = 0 drivers = 0
CDN_DP_region_12_1_c0 in picosoc_MEM_WORDS2048_PROGADDR_RESET0_PROGADDR_IRQ16: area: 559758087 ,dp = 2 mux = 0 sg = slow         worst_clk_period: -1.0000 
    wns: 0  norm_wns:  -1.0000 
    fail_endp: -1 
    tns:  0  tns_per_endp:  -1.0000   norm_tns_per_endp:  -1.0000 
    tns_sense_max:  -1.0000  tns_sense_avg:  -1.0000   tns_sense_num: -1
 skipped
CDN_DP_region_12_1_c1 in picosoc_MEM_WORDS2048_PROGADDR_RESET0_PROGADDR_IRQ16: area: 405342063 ,dp = 2 mux = 0 sg = fast         worst_clk_period: -1.0000 
    wns: 0  norm_wns:  -1.0000 
    fail_endp: -1 
    tns:  0  tns_per_endp:  -1.0000   norm_tns_per_endp:  -1.0000 
    tns_sense_max:  -1.0000  tns_sense_avg:  -1.0000   tns_sense_num: -1
 is current best
CDN_DP_region_12_1_c2 in picosoc_MEM_WORDS2048_PROGADDR_RESET0_PROGADDR_IRQ16: area: 405342063 ,dp = 2 mux = 0 sg = very_slow    worst_clk_period: -1.0000 
    wns: 0  norm_wns:  -1.0000 
    fail_endp: -1 
    tns:  0  tns_per_endp:  -1.0000   norm_tns_per_endp:  -1.0000 
    tns_sense_max:  -1.0000  tns_sense_avg:  -1.0000   tns_sense_num: -1
 is current best
CDN_DP_region_12_1_c3 in picosoc_MEM_WORDS2048_PROGADDR_RESET0_PROGADDR_IRQ16: area: 405342063 ,dp = 2 mux = 0 sg = very_fast    worst_clk_period: -1.0000 
    wns: 0  norm_wns:  -1.0000 
    fail_endp: -1 
    tns:  0  tns_per_endp:  -1.0000   norm_tns_per_endp:  -1.0000 
    tns_sense_max:  -1.0000  tns_sense_avg:  -1.0000   tns_sense_num: -1
 is current best
CDN_DP_region_12_1_c4 in picosoc_MEM_WORDS2048_PROGADDR_RESET0_PROGADDR_IRQ16: area: 405342063 ,dp = 2 mux = 0 sg = very_fast    worst_clk_period: -1.0000 
    wns: 0  norm_wns:  -1.0000 
    fail_endp: -1 
    tns:  0  tns_per_endp:  -1.0000   norm_tns_per_endp:  -1.0000 
    tns_sense_max:  -1.0000  tns_sense_avg:  -1.0000   tns_sense_num: -1
 is current best
CDN_DP_region_12_1_c5 in picosoc_MEM_WORDS2048_PROGADDR_RESET0_PROGADDR_IRQ16: area: 405342063 ,dp = 2 mux = 0 sg = very_fast    worst_clk_period: -1.0000 
    wns: 0  norm_wns:  -1.0000 
    fail_endp: -1 
    tns:  0  tns_per_endp:  -1.0000   norm_tns_per_endp:  -1.0000 
    tns_sense_max:  -1.0000  tns_sense_avg:  -1.0000   tns_sense_num: -1
 is current best
CDN_DP_region_12_1_c6 in picosoc_MEM_WORDS2048_PROGADDR_RESET0_PROGADDR_IRQ16: area: 405342063 ,dp = 2 mux = 0 sg = very_fast    worst_clk_period: -1.0000 
    wns: 0  norm_wns:  -1.0000 
    fail_endp: -1 
    tns:  0  tns_per_endp:  -1.0000   norm_tns_per_endp:  -1.0000 
    tns_sense_max:  -1.0000  tns_sense_avg:  -1.0000   tns_sense_num: -1
 is current best
CDN_DP_region_12_1_c7 in picosoc_MEM_WORDS2048_PROGADDR_RESET0_PROGADDR_IRQ16: area: 3519398547 ,dp = 2 mux = 0 sg = very_fast    worst_clk_period: -1.0000 
    wns: 0  norm_wns:  -1.0000 
    fail_endp: -1 
    tns:  0  tns_per_endp:  -1.0000   norm_tns_per_endp:  -1.0000 
    tns_sense_max:  -1.0000  tns_sense_avg:  -1.0000   tns_sense_num: -1

Best config: CDN_DP_region_12_1_c6 in picosoc_MEM_WORDS2048_PROGADDR_RESET0_PROGADDR_IRQ16: area: 405342063 ,dp = 2 mux = 0 sg = very_fast    worst_clk_period: -1.0000 
    wns: 0  norm_wns:  -1.0000 
    fail_endp: -1 
    tns:  0  tns_per_endp:  -1.0000   norm_tns_per_endp:  -1.0000 
    tns_sense_max:  -1.0000  tns_sense_avg:  -1.0000   tns_sense_num: -1
  Smallest config area : 405342063.  Fastest config wns;  0
##>+----------------------------------------------------------------------------------------------------------------------------------------------------------------+
##>Summary table of configs (Best config is CDN_DP_region_12_1_c6)
##>+----------------------------------------------------------------------------------------------------------------------------------------------------------------+
##>                     0                  1                  2                  3                  4                  5                  6                  7            
##>+----------------------------------------------------------------------------------------------------------------------------------------------------------------+
##>           Area        559758087          405342063          405342063          405342063          405342063          405342063          405342063         3519398547  
##>            WNS        +17647.40          +17647.40          +17647.40          +17647.40          +17647.40          +17647.40          +17647.40          +17590.00  
##>            TNS                0                  0                  0                  0                  0                  0                  0                  0  
##>    Num Rewrite                0                  0                  0                  0                  0                  0                  0                  0  
##>     Num Factor                0                  0                  0                  0                  0                  0                  0                  0  
##>      Num Share                0                  0                  0                  0                  0                  0                  0                  0  
##>   Num CmultCse                0                  0                  0                  0                  0                  0                  0                  0  
##>   Num Downsize                0                  0                  0                  0                  0                  0                  0                  0  
##>  Num Speculate                0                  0                  0                  0                  0                  0                  0                  0  
##>     Runtime(s)                0                  0                  0                  0                  0                  0                  0                  0  
+----------------------------------------------------------------------------------------------------------------------------------------------------------------+
##>
##>
##>+------------------------------------------------------------------------------------------------------------------------------------------------------------+
##>Optimization Step DEBUG Table for config CDN_DP_region_12_1_c6
##>
##>                          Step                        Area   ( % Chg)        WNS (Change)        TNS (Change)          Runtime (s)        Comment                   
##>+------------------------------------------------------------------------------------------------------------------------------------------------------------+
##>createMaxCarrySave              START              559758087 (      )    107391829.80 (        )             0 (        )              
##> datapath_rewrite_one_def       START              559758087 ( +0.00)    107391829.80 (   +0.00)             0 (       0)              
##>  fast_cse_elim                 START              559758087 ( +0.00)    107391829.80 (   +0.00)             0 (       0)              
##>                                  END              559758087 ( +0.00)    107391829.80 (   +0.00)             0 (       0)           0  
##>  fast_cse_elim                 START              559758087 ( +0.00)    107391829.80 (   +0.00)             0 (       0)              
##>                                  END              559758087 ( +0.00)    107391829.80 (   +0.00)             0 (       0)           0  
##>                                  END              559758087 ( +0.00)    107391829.80 (   +0.00)             0 (       0)           0  
##> dpopt_share_one_def            START              559758087 ( +0.00)    107391829.80 (   +0.00)             0 (       0)              
##>                                  END              559758087 ( +0.00)    107391829.80 (   +0.00)             0 (       0)           0  
##> csa_opto                       START              559758087 ( +0.00)    214748364.70 (+107356534.90)             0 (       0)              
##>                                  END              559758087 ( +0.00)    214748364.70 (   +0.00)             0 (       0)           0  
##>                                  END              559758087 ( +0.00)    214748364.70 (+107356534.90)             0 (       0)           0  
##>canonicalize_by_names           START              559758087 ( +0.00)    214748364.70 (   +0.00)             0 (       0)              
##>                                  END              559758087 ( +0.00)    214748364.70 (   +0.00)             0 (       0)           0  
##>datapath_rewrite_post_csa_one_  START              559758087 ( +0.00)    214748364.70 (   +0.00)             0 (       0)              
##>                                  END              559758087 ( +0.00)    214748364.70 (   +0.00)             0 (       0)           0  
##>datapath_csa_factoring_one_gde  START              559758087 ( +0.00)    214748364.70 (   +0.00)             0 (       0)              
##>                                  END              559758087 ( +0.00)    214748364.70 (   +0.00)             0 (       0)           0  
##>dpopt_share_one_def             START              559758087 ( +0.00)    214748364.70 (   +0.00)             0 (       0)              
##>                                  END              559758087 ( +0.00)    214748364.70 (   +0.00)             0 (       0)           0  
##>datapath_rewrite_post_share     START              559758087 ( +0.00)    214748364.70 (   +0.00)             0 (       0)              
##>                                  END              559758087 ( +0.00)    214748364.70 (   +0.00)             0 (       0)           0  
##>dp_combine_const_mult_with_com  START              559758087 ( +0.00)    214748364.70 (   +0.00)             0 (       0)              
##>                                  END              559758087 ( +0.00)    214748364.70 (   +0.00)             0 (       0)           0  
##>dp_operator_level_decompositio  START              559758087 ( +0.00)    214748364.70 (   +0.00)             0 (       0)              
##>                                  END              559758087 ( +0.00)    214748364.70 (   +0.00)             0 (       0)           0  
##>selective_flatten_dp_config     START              559758087 ( +0.00)    214748364.70 (   +0.00)             0 (       0)              
##>                                  END              559758087 ( +0.00)    214748364.70 (   +0.00)             0 (       0)           0  
##>createMaxCarrySave              START              559758087 ( +0.00)    214748364.70 (   +0.00)             0 (       0)              
##> datapath_rewrite_one_def       START              559758087 ( +0.00)    214748364.70 (   +0.00)             0 (       0)              
##>  fast_cse_elim                 START              559758087 ( +0.00)    214748364.70 (   +0.00)             0 (       0)              
##>                                  END              559758087 ( +0.00)    214748364.70 (   +0.00)             0 (       0)           0  
##>  fast_cse_elim                 START              559758087 ( +0.00)    214748364.70 (   +0.00)             0 (       0)              
##>                                  END              559758087 ( +0.00)    214748364.70 (   +0.00)             0 (       0)           0  
##>                                  END              559758087 ( +0.00)    214748364.70 (   +0.00)             0 (       0)           0  
##> dpopt_share_one_def            START              559758087 ( +0.00)    214748364.70 (   +0.00)             0 (       0)              
##>                                  END              559758087 ( +0.00)    214748364.70 (   +0.00)             0 (       0)           0  
##> csa_opto                       START              559758087 ( +0.00)    214748364.70 (   +0.00)             0 (       0)              
##>                                  END              559758087 ( +0.00)    214748364.70 (   +0.00)             0 (       0)           0  
##>                                  END              559758087 ( +0.00)    214748364.70 (   +0.00)             0 (       0)           0  
##>context_based_simplify          START              559758087 ( +0.00)    214748364.70 (   +0.00)             0 (       0)              
##>                                  END              405342063 (-27.59)    214748364.70 (   +0.00)             0 (       0)           0  
##>group_csa_final_adder_dp        START              405342063 ( +0.00)    214748364.70 (   +0.00)             0 (       0)              
##>                                  END              405342063 ( +0.00)    214748364.70 (   +0.00)             0 (       0)           0  
##>dpopt_flatten_critical_muxes_i  START              405342063 ( +0.00)    214748364.70 (   +0.00)             0 (       0)              
##>                                  END              405342063 ( +0.00)    214748364.70 (   +0.00)             0 (       0)           0  
##>create_score                    START              405342063 ( +0.00)    17647.40 (-214730717.30)             0 (       0)              
##>                                  END              405342063 ( +0.00)    17647.40 (   +0.00)             0 (       0)           0  
##>+------------------------------------------------------------------------------------------------------------------------------------------------------------+
Committed config: CDN_DP_region_12_1_c6
          Optimizations applied to 'very_fast' configuration:
            rewriting(0), factoring(0), sharing(0), cmultcse(0), downsizing(0), speculation(0)
CDN_DP_region_10_2 level = 1 loads = 0 drivers = 1 is driven by : CDN_DP_region_10_4 
CDN_DP_region_10_2_c0 in hardware: area: 1408299874884 ,dp = 120 mux = 64 sg = slow         worst_clk_period: -1.0000 
    wns: 0  norm_wns:  -1.0000 
    fail_endp: -1 
    tns:  0  tns_per_endp:  -1.0000   norm_tns_per_endp:  -1.0000 
    tns_sense_max:  -1.0000  tns_sense_avg:  -1.0000   tns_sense_num: -1
 skipped
CDN_DP_region_10_2_c1 in hardware: area: 1293980545116 ,dp = 81 mux = 88 sg = fast         worst_clk_period: -1.0000 
    wns: 0  norm_wns:  -1.0000 
    fail_endp: -1 
    tns:  0  tns_per_endp:  -1.0000   norm_tns_per_endp:  -1.0000 
    tns_sense_max:  -1.0000  tns_sense_avg:  -1.0000   tns_sense_num: -1
 is current best
CDN_DP_region_10_2_c2 in hardware: area: 1293980545116 ,dp = 81 mux = 88 sg = very_slow    worst_clk_period: -1.0000 
    wns: 0  norm_wns:  -1.0000 
    fail_endp: -1 
    tns:  0  tns_per_endp:  -1.0000   norm_tns_per_endp:  -1.0000 
    tns_sense_max:  -1.0000  tns_sense_avg:  -1.0000   tns_sense_num: -1
 is current best
CDN_DP_region_10_2_c3 in hardware: area: 1293980545116 ,dp = 81 mux = 88 sg = very_fast    worst_clk_period: -1.0000 
    wns: 0  norm_wns:  -1.0000 
    fail_endp: -1 
    tns:  0  tns_per_endp:  -1.0000   norm_tns_per_endp:  -1.0000 
    tns_sense_max:  -1.0000  tns_sense_avg:  -1.0000   tns_sense_num: -1
 is current best
CDN_DP_region_10_2_c4 in hardware: area: 1293980545116 ,dp = 81 mux = 88 sg = very_fast    worst_clk_period: -1.0000 
    wns: 0  norm_wns:  -1.0000 
    fail_endp: -1 
    tns:  0  tns_per_endp:  -1.0000   norm_tns_per_endp:  -1.0000 
    tns_sense_max:  -1.0000  tns_sense_avg:  -1.0000   tns_sense_num: -1
 is current best
CDN_DP_region_10_2_c5 in hardware: area: 1293980545116 ,dp = 81 mux = 88 sg = very_fast    worst_clk_period: -1.0000 
    wns: 0  norm_wns:  -1.0000 
    fail_endp: -1 
    tns:  0  tns_per_endp:  -1.0000   norm_tns_per_endp:  -1.0000 
    tns_sense_max:  -1.0000  tns_sense_avg:  -1.0000   tns_sense_num: -1
 is current best
CDN_DP_region_10_2_c6 in hardware: area: 1300774850172 ,dp = 81 mux = 80 sg = very_fast    worst_clk_period: -1.0000 
    wns: 0  norm_wns:  -1.0000 
    fail_endp: -1 
    tns:  0  tns_per_endp:  -1.0000   norm_tns_per_endp:  -1.0000 
    tns_sense_max:  -1.0000  tns_sense_avg:  -1.0000   tns_sense_num: -1

Best config: CDN_DP_region_10_2_c5 in hardware: area: 1293980545116 ,dp = 81 mux = 88 sg = very_fast    worst_clk_period: -1.0000 
    wns: 0  norm_wns:  -1.0000 
    fail_endp: -1 
    tns:  0  tns_per_endp:  -1.0000   norm_tns_per_endp:  -1.0000 
    tns_sense_max:  -1.0000  tns_sense_avg:  -1.0000   tns_sense_num: -1
  Smallest config area : 1293980545116.  Fastest config wns;  0
##>+----------------------------------------------------------------------------------------------------------------------------------------------------------------+
##>Summary table of configs (Best config is CDN_DP_region_10_2_c5)
##>+----------------------------------------------------------------------------------------------------------------------------------------------------------------+
##>                     0                  1                  2                  3                  4                  5                  6            
##>+----------------------------------------------------------------------------------------------------------------------------------------------------------------+
##>           Area    1408299874884      1293980545116      1293980545116      1293980545116      1293980545116      1293980545116      1300774850172  
##>            WNS        +16305.50          +16503.90          +16503.90          +16503.90          +16503.90          +16503.90          +16503.90  
##>            TNS                0                  0                  0                  0                  0                  0                  0  
##>    Num Rewrite                0                  0                  0                  0                  0                  0                  0  
##>     Num Factor                0                  0                  0                  0                  0                  0                  0  
##>      Num Share                0                  8                  8                  8                  8                  8                  8  
##>   Num CmultCse                0                  0                  0                  0                  0                  0                  0  
##>   Num Downsize                0                  0                  0                  0                  0                  0                  0  
##>  Num Speculate                0                  0                  0                  0                  0                  0                  0  
##>     Runtime(s)                0                 20                 17                 18                 17                 18                 17  
+----------------------------------------------------------------------------------------------------------------------------------------------------------------+
##>
##>
##>+------------------------------------------------------------------------------------------------------------------------------------------------------------+
##>Optimization Step DEBUG Table for config CDN_DP_region_10_2_c5
##>
##>                          Step                        Area   ( % Chg)        WNS (Change)        TNS (Change)          Runtime (s)        Comment                   
##>+------------------------------------------------------------------------------------------------------------------------------------------------------------+
##>createMaxCarrySave              START          1408299874884 (      )    16305.50 (        )             0 (        )              
##> datapath_rewrite_one_def       START          1408299874884 ( +0.00)    16305.50 (   +0.00)             0 (       0)              
##>  fast_cse_elim                 START          1408299874884 ( +0.00)    16305.50 (   +0.00)             0 (       0)              
##>                                  END          1408299874884 ( +0.00)    16305.50 (   +0.00)             0 (       0)           0  
##>  fast_cse_elim                 START          1408299874884 ( +0.00)    16305.50 (   +0.00)             0 (       0)              
##>                                  END          1408299874884 ( +0.00)    16305.50 (   +0.00)             0 (       0)           0  
##>                                  END          1408299874884 ( +0.00)    16305.50 (   +0.00)             0 (       0)           0  
##> speculate_in_gdef              START          1408299874884 ( +0.00)    16305.50 (   +0.00)             0 (       0)              
##>  pre_speculate_mux_merge       START          1408299874884 ( +0.00)    16305.50 (   +0.00)             0 (       0)              
##>                                  END          1408299874884 ( +0.00)    16305.50 (   +0.00)             0 (       0)           0  
##>                                  END          1408299874884 ( +0.00)    16305.50 (   +0.00)             0 (       0)           0  
##> csa_opto                       START          1408299874884 ( +0.00)    16305.50 (   +0.00)             0 (       0)              
##>                                  END          1338194999988 ( -4.98)    16465.80 ( +160.30)             0 (       0)           4  
##>                                  END          1338194999988 ( -4.98)    16465.80 ( +160.30)             0 (       0)           4  
##>canonicalize_by_names           START          1338194999988 ( +0.00)    16465.80 (   +0.00)             0 (       0)              
##>                                  END          1338194999988 ( +0.00)    16465.80 (   +0.00)             0 (       0)           0  
##>datapath_rewrite_post_csa_one_  START          1338194999988 ( +0.00)    16465.80 (   +0.00)             0 (       0)              
##>                                  END          1338194999988 ( +0.00)    16465.80 (   +0.00)             0 (       0)           0  
##>datapath_csa_factoring_one_gde  START          1338194999988 ( +0.00)    16465.80 (   +0.00)             0 (       0)              
##>                                  END          1338194999988 ( +0.00)    16465.80 (   +0.00)             0 (       0)           0  
##>dpopt_share_one_def             START          1338194999988 ( +0.00)    16465.80 (   +0.00)             0 (       0)              
##>                                  END          1298021097744 ( -3.00)    16465.80 (   +0.00)             0 (       0)           0  
##>datapath_rewrite_post_share     START          1298021097744 ( +0.00)    16465.80 (   +0.00)             0 (       0)              
##>                                  END          1298021097744 ( +0.00)    16465.80 (   +0.00)             0 (       0)           0  
##>dp_combine_const_mult_with_com  START          1298021097744 ( +0.00)    16465.80 (   +0.00)             0 (       0)              
##>                                  END          1298021097744 ( +0.00)    16465.80 (   +0.00)             0 (       0)           0  
##>speculate_in_gdef               START          1298021097744 ( +0.00)    16465.80 (   +0.00)             0 (       0)              
##> pre_speculate_mux_merge        START          1298021097744 ( +0.00)    16465.80 (   +0.00)             0 (       0)              
##>                                  END          1298021097744 ( +0.00)    16465.80 (   +0.00)             0 (       0)           0  
##>                                  END          1298021097744 ( +0.00)    16465.80 (   +0.00)             0 (       0)           0  
##>dp_operator_level_decompositio  START          1298021097744 ( +0.00)    16465.80 (   +0.00)             0 (       0)              
##>                                  END          1298021097744 ( +0.00)    16465.80 (   +0.00)             0 (       0)           0  
##>selective_flatten_dp_config     START          1298021097744 ( +0.00)    16465.80 (   +0.00)             0 (       0)              
##>                                  END          1296348257484 ( -0.13)    16467.40 (   +1.60)             0 (       0)           1  
##>createMaxCarrySave              START          1296348257484 ( +0.00)    16467.40 (   +0.00)             0 (       0)              
##> datapath_rewrite_one_def       START          1296348257484 ( +0.00)    16467.40 (   +0.00)             0 (       0)              
##>  fast_cse_elim                 START          1296348257484 ( +0.00)    16467.40 (   +0.00)             0 (       0)              
##>                                  END          1296348257484 ( +0.00)    16467.40 (   +0.00)             0 (       0)           0  
##>  fast_cse_elim                 START          1296348257484 ( +0.00)    16467.40 (   +0.00)             0 (       0)              
##>                                  END          1296348257484 ( +0.00)    16467.40 (   +0.00)             0 (       0)           0  
##>                                  END          1296348257484 ( +0.00)    16467.40 (   +0.00)             0 (       0)           0  
##> speculate_in_gdef              START          1296348257484 ( +0.00)    16467.40 (   +0.00)             0 (       0)              
##>  pre_speculate_mux_merge       START          1296348257484 ( +0.00)    16467.40 (   +0.00)             0 (       0)              
##>                                  END          1296348257484 ( +0.00)    16467.40 (   +0.00)             0 (       0)           0  
##>                                  END          1296348257484 ( +0.00)    16467.40 (   +0.00)             0 (       0)           0  
##> csa_opto                       START          1296348257484 ( +0.00)    16467.40 (   +0.00)             0 (       0)              
##>                                  END          1296348257484 ( +0.00)    16467.40 (   +0.00)             0 (       0)           0  
##>                                  END          1296348257484 ( +0.00)    16467.40 (   +0.00)             0 (       0)           0  
##>datapath_rewrite_post_csa_one_  START          1296348257484 ( +0.00)    16467.40 (   +0.00)             0 (       0)              
##>                                  END          1296348257484 ( +0.00)    16467.40 (   +0.00)             0 (       0)           0  
##>datapath_csa_factoring_one_gde  START          1296348257484 ( +0.00)    16467.40 (   +0.00)             0 (       0)              
##>                                  END          1296348257484 ( +0.00)    16467.40 (   +0.00)             0 (       0)           0  
##>dpopt_share_one_def             START          1296348257484 ( +0.00)    16467.40 (   +0.00)             0 (       0)              
##>                                  END          1296348257484 ( +0.00)    16467.40 (   +0.00)             0 (       0)           0  
##>datapath_rewrite_post_share     START          1296348257484 ( +0.00)    16467.40 (   +0.00)             0 (       0)              
##>                                  END          1296348257484 ( +0.00)    16467.40 (   +0.00)             0 (       0)           0  
##>dp_combine_const_mult_with_com  START          1296348257484 ( +0.00)    16467.40 (   +0.00)             0 (       0)              
##>                                  END          1296348257484 ( +0.00)    16467.40 (   +0.00)             0 (       0)           0  
##>speculate_in_gdef               START          1296348257484 ( +0.00)    16467.40 (   +0.00)             0 (       0)              
##> pre_speculate_mux_merge        START          1296348257484 ( +0.00)    16467.40 (   +0.00)             0 (       0)              
##>                                  END          1296348257484 ( +0.00)    16467.40 (   +0.00)             0 (       0)           0  
##>                                  END          1296348257484 ( +0.00)    16467.40 (   +0.00)             0 (       0)           0  
##>dp_operator_level_decompositio  START          1296348257484 ( +0.00)    16467.40 (   +0.00)             0 (       0)              
##>                                  END          1296348257484 ( +0.00)    16467.40 (   +0.00)             0 (       0)           0  
##>selective_flatten_dp_config     START          1296348257484 ( +0.00)    16467.40 (   +0.00)             0 (       0)              
##>                                  END          1296348257484 ( +0.00)    16467.40 (   +0.00)             0 (       0)           1  
##>createMaxCarrySave              START          1296348257484 ( +0.00)    16467.40 (   +0.00)             0 (       0)              
##> datapath_rewrite_one_def       START          1296348257484 ( +0.00)    16467.40 (   +0.00)             0 (       0)              
##>  fast_cse_elim                 START          1296348257484 ( +0.00)    16467.40 (   +0.00)             0 (       0)              
##>                                  END          1296348257484 ( +0.00)    16467.40 (   +0.00)             0 (       0)           0  
##>  fast_cse_elim                 START          1296348257484 ( +0.00)    16467.40 (   +0.00)             0 (       0)              
##>                                  END          1296348257484 ( +0.00)    16467.40 (   +0.00)             0 (       0)           0  
##>                                  END          1296348257484 ( +0.00)    16467.40 (   +0.00)             0 (       0)           0  
##> speculate_in_gdef              START          1296348257484 ( +0.00)    16467.40 (   +0.00)             0 (       0)              
##>  pre_speculate_mux_merge       START          1296348257484 ( +0.00)    16467.40 (   +0.00)             0 (       0)              
##>                                  END          1296348257484 ( +0.00)    16467.40 (   +0.00)             0 (       0)           0  
##>                                  END          1296348257484 ( +0.00)    16467.40 (   +0.00)             0 (       0)           0  
##> csa_opto                       START          1296348257484 ( +0.00)    16467.40 (   +0.00)             0 (       0)              
##>                                  END          1296348257484 ( +0.00)    16467.40 (   +0.00)             0 (       0)           0  
##>                                  END          1296348257484 ( +0.00)    16467.40 (   +0.00)             0 (       0)           0  
##>context_based_simplify          START          1296348257484 ( +0.00)    16467.40 (   +0.00)             0 (       0)              
##>                                  END          1294392321180 ( -0.15)    16510.00 (  +42.60)             0 (       0)           0  
##>group_csa_final_adder_dp        START          1294392321180 ( +0.00)    16510.00 (   +0.00)             0 (       0)              
##>                                  END          1293980545116 ( -0.03)    16503.90 (   -6.10)             0 (       0)           5  
##>dpopt_flatten_critical_muxes_i  START          1293980545116 ( +0.00)    16503.90 (   +0.00)             0 (       0)              
##>                                  END          1293980545116 ( +0.00)    16503.90 (   +0.00)             0 (       0)           0  
##>speculate_in_gdef               START          1293980545116 ( +0.00)    16503.90 (   +0.00)             0 (       0)              
##> pre_speculate_mux_merge        START          1293980545116 ( +0.00)    16503.90 (   +0.00)             0 (       0)              
##>                                  END          1293980545116 ( +0.00)    16503.90 (   +0.00)             0 (       0)           0  
##>                                  END          1293980545116 ( +0.00)    16503.90 (   +0.00)             0 (       0)           0  
##>create_score                    START          1293980545116 ( +0.00)    16503.90 (   +0.00)             0 (       0)              
##>                                  END          1293980545116 ( +0.00)    16503.90 (   +0.00)             0 (       0)           0  
##>+------------------------------------------------------------------------------------------------------------------------------------------------------------+
Committed config: CDN_DP_region_10_2_c5
          Optimizations applied to 'very_fast' configuration:
            rewriting(0), factoring(0), sharing(8), cmultcse(0), downsizing(0), speculation(0)
CSAGen Prep Share:0 Re-Write:0 Speculation: 0
MaxCSA: Successfully built Maximal CSA Expression Expr33
CDN_DP_region_11_1 level = 2 loads = 0 drivers = 1 is driven by : CDN_DP_region_11_0 
CDN_DP_region_11_1_c0 in picorv32_BARREL_SHIFTER1_ENABLE_PCPI1_ENABLE_IRQ1_ENABLE_IRQ_QREGS1_PROGADDR_RESET0_PROGADDR_IRQ16_STACKADDR8192: area: 218756034 ,dp = 1 mux = 1 sg = slow         worst_clk_period: -1.0000 
    wns: 0  norm_wns:  -1.0000 
    fail_endp: -1 
    tns:  0  tns_per_endp:  -1.0000   norm_tns_per_endp:  -1.0000 
    tns_sense_max:  -1.0000  tns_sense_avg:  -1.0000   tns_sense_num: -1
 skipped
CDN_DP_region_11_1_c1 in picorv32_BARREL_SHIFTER1_ENABLE_PCPI1_ENABLE_IRQ1_ENABLE_IRQ_QREGS1_PROGADDR_RESET0_PROGADDR_IRQ16_STACKADDR8192: area: 218756034 ,dp = 1 mux = 1 sg = fast         worst_clk_period: -1.0000 
    wns: 0  norm_wns:  -1.0000 
    fail_endp: -1 
    tns:  0  tns_per_endp:  -1.0000   norm_tns_per_endp:  -1.0000 
    tns_sense_max:  -1.0000  tns_sense_avg:  -1.0000   tns_sense_num: -1
 is current best
CDN_DP_region_11_1_c2 in picorv32_BARREL_SHIFTER1_ENABLE_PCPI1_ENABLE_IRQ1_ENABLE_IRQ_QREGS1_PROGADDR_RESET0_PROGADDR_IRQ16_STACKADDR8192: area: 218756034 ,dp = 1 mux = 1 sg = very_slow    worst_clk_period: -1.0000 
    wns: 0  norm_wns:  -1.0000 
    fail_endp: -1 
    tns:  0  tns_per_endp:  -1.0000   norm_tns_per_endp:  -1.0000 
    tns_sense_max:  -1.0000  tns_sense_avg:  -1.0000   tns_sense_num: -1
 is current best
CDN_DP_region_11_1_c3 in picorv32_BARREL_SHIFTER1_ENABLE_PCPI1_ENABLE_IRQ1_ENABLE_IRQ_QREGS1_PROGADDR_RESET0_PROGADDR_IRQ16_STACKADDR8192: area: 218756034 ,dp = 1 mux = 1 sg = very_fast    worst_clk_period: -1.0000 
    wns: 0  norm_wns:  -1.0000 
    fail_endp: -1 
    tns:  0  tns_per_endp:  -1.0000   norm_tns_per_endp:  -1.0000 
    tns_sense_max:  -1.0000  tns_sense_avg:  -1.0000   tns_sense_num: -1
 is current best
CDN_DP_region_11_1_c4 in picorv32_BARREL_SHIFTER1_ENABLE_PCPI1_ENABLE_IRQ1_ENABLE_IRQ_QREGS1_PROGADDR_RESET0_PROGADDR_IRQ16_STACKADDR8192: area: 218756034 ,dp = 1 mux = 1 sg = very_fast    worst_clk_period: -1.0000 
    wns: 0  norm_wns:  -1.0000 
    fail_endp: -1 
    tns:  0  tns_per_endp:  -1.0000   norm_tns_per_endp:  -1.0000 
    tns_sense_max:  -1.0000  tns_sense_avg:  -1.0000   tns_sense_num: -1
 is current best
CDN_DP_region_11_1_c5 in picorv32_BARREL_SHIFTER1_ENABLE_PCPI1_ENABLE_IRQ1_ENABLE_IRQ_QREGS1_PROGADDR_RESET0_PROGADDR_IRQ16_STACKADDR8192: area: 218756034 ,dp = 1 mux = 1 sg = very_fast    worst_clk_period: -1.0000 
    wns: 0  norm_wns:  -1.0000 
    fail_endp: -1 
    tns:  0  tns_per_endp:  -1.0000   norm_tns_per_endp:  -1.0000 
    tns_sense_max:  -1.0000  tns_sense_avg:  -1.0000   tns_sense_num: -1
 is current best
CDN_DP_region_11_1_c6 in picorv32_BARREL_SHIFTER1_ENABLE_PCPI1_ENABLE_IRQ1_ENABLE_IRQ_QREGS1_PROGADDR_RESET0_PROGADDR_IRQ16_STACKADDR8192: area: 218756034 ,dp = 1 mux = 1 sg = very_fast    worst_clk_period: -1.0000 
    wns: 0  norm_wns:  -1.0000 
    fail_endp: -1 
    tns:  0  tns_per_endp:  -1.0000   norm_tns_per_endp:  -1.0000 
    tns_sense_max:  -1.0000  tns_sense_avg:  -1.0000   tns_sense_num: -1
 is current best
CDN_DP_region_11_1_c7 in picorv32_BARREL_SHIFTER1_ENABLE_PCPI1_ENABLE_IRQ1_ENABLE_IRQ_QREGS1_PROGADDR_RESET0_PROGADDR_IRQ16_STACKADDR8192: area: 218756034 ,dp = 1 mux = 1 sg = very_fast    worst_clk_period: -1.0000 
    wns: 0  norm_wns:  -1.0000 
    fail_endp: -1 
    tns:  0  tns_per_endp:  -1.0000   norm_tns_per_endp:  -1.0000 
    tns_sense_max:  -1.0000  tns_sense_avg:  -1.0000   tns_sense_num: -1
 is current best
Best config: CDN_DP_region_11_1_c7 in picorv32_BARREL_SHIFTER1_ENABLE_PCPI1_ENABLE_IRQ1_ENABLE_IRQ_QREGS1_PROGADDR_RESET0_PROGADDR_IRQ16_STACKADDR8192: area: 218756034 ,dp = 1 mux = 1 sg = very_fast    worst_clk_period: -1.0000 
    wns: 0  norm_wns:  -1.0000 
    fail_endp: -1 
    tns:  0  tns_per_endp:  -1.0000   norm_tns_per_endp:  -1.0000 
    tns_sense_max:  -1.0000  tns_sense_avg:  -1.0000   tns_sense_num: -1
  Smallest config area : 218756034.  Fastest config wns;  0
##>+----------------------------------------------------------------------------------------------------------------------------------------------------------------+
##>Summary table of configs (Best config is CDN_DP_region_11_1_c7)
##>+----------------------------------------------------------------------------------------------------------------------------------------------------------------+
##>                     0                  1                  2                  3                  4                  5                  6                  7            
##>+----------------------------------------------------------------------------------------------------------------------------------------------------------------+
##>           Area        218756034          218756034          218756034          218756034          218756034          218756034          218756034          218756034  
##>            WNS        +16272.50          +16272.50          +16272.50          +16272.50          +16272.50          +16272.50          +16272.50          +16272.50  
##>            TNS                0                  0                  0                  0                  0                  0                  0                  0  
##>    Num Rewrite                0                  0                  0                  0                  0                  0                  0                  0  
##>     Num Factor                0                  0                  0                  0                  0                  0                  0                  0  
##>      Num Share                0                  0                  0                  0                  0                  0                  0                  0  
##>   Num CmultCse                0                  0                  0                  0                  0                  0                  0                  0  
##>   Num Downsize                0                  0                  0                  0                  0                  0                  0                  0  
##>  Num Speculate                0                  0                  0                  0                  0                  0                  0                  0  
##>     Runtime(s)                0                  0                  0                  0                  0                  0                  0                  0  
+----------------------------------------------------------------------------------------------------------------------------------------------------------------+
##>
##>
##>+------------------------------------------------------------------------------------------------------------------------------------------------------------+
##>Optimization Step DEBUG Table for config CDN_DP_region_11_1_c7
##>
##>                          Step                        Area   ( % Chg)        WNS (Change)        TNS (Change)          Runtime (s)        Comment                   
##>+------------------------------------------------------------------------------------------------------------------------------------------------------------+
##>EquationExtraction              START              218756034 (      )    16272.50 (        )             0 (        )              
##> rewrite                        START              373172058 (+70.59)    16272.50 (   +0.00)             0 (       0)              (a,ar) Expr33_from --> Expr33_to
##>                                  END              508286079 (+36.21)    16272.50 (   +0.00)             0 (       0)           0  
##>                                  END              218756034 ( +0.00)    16272.50 (   +0.00)             0 (       0)           0  
##>createMaxCarrySave              START              218756034 ( +0.00)    16272.50 (   +0.00)             0 (       0)              
##> datapath_rewrite_one_def       START              218756034 ( +0.00)    16272.50 (   +0.00)             0 (       0)              
##>                                  END              218756034 ( +0.00)    16272.50 (   +0.00)             0 (       0)           0  
##> csa_opto                       START              218756034 ( +0.00)    16272.50 (   +0.00)             0 (       0)              
##>                                  END              244492038 (+11.76)    16272.50 (   +0.00)             0 (       0)           0  
##>                                  END              244492038 (+11.76)    16272.50 (   +0.00)             0 (       0)           0  
##>canonicalize_by_names           START              244492038 ( +0.00)    16272.50 (   +0.00)             0 (       0)              
##>                                  END              244492038 ( +0.00)    16272.50 (   +0.00)             0 (       0)           0  
##>datapath_rewrite_post_csa_one_  START              244492038 ( +0.00)    16272.50 (   +0.00)             0 (       0)              
##>                                  END              244492038 ( +0.00)    16272.50 (   +0.00)             0 (       0)           0  
##>datapath_csa_factoring_one_gde  START              244492038 ( +0.00)    16272.50 (   +0.00)             0 (       0)              
##>                                  END              244492038 ( +0.00)    16272.50 (   +0.00)             0 (       0)           0  
##>dpopt_share_one_def             START              244492038 ( +0.00)    16272.50 (   +0.00)             0 (       0)              
##>                                  END              244492038 ( +0.00)    16272.50 (   +0.00)             0 (       0)           0  
##>datapath_rewrite_post_share     START              244492038 ( +0.00)    16272.50 (   +0.00)             0 (       0)              
##>                                  END              244492038 ( +0.00)    16272.50 (   +0.00)             0 (       0)           0  
##>dp_combine_const_mult_with_com  START              244492038 ( +0.00)    16272.50 (   +0.00)             0 (       0)              
##>                                  END              244492038 ( +0.00)    16272.50 (   +0.00)             0 (       0)           0  
##>dp_operator_level_decompositio  START              244492038 ( +0.00)    16272.50 (   +0.00)             0 (       0)              
##>                                  END              244492038 ( +0.00)    16272.50 (   +0.00)             0 (       0)           0  
##>selective_flatten_dp_config     START              244492038 ( +0.00)    16272.50 (   +0.00)             0 (       0)              
##>                                  END              244492038 ( +0.00)    16272.50 (   +0.00)             0 (       0)           0  
##>createMaxCarrySave              START              244492038 ( +0.00)    16272.50 (   +0.00)             0 (       0)              
##> datapath_rewrite_one_def       START              244492038 ( +0.00)    16272.50 (   +0.00)             0 (       0)              
##>  fast_cse_elim                 START              244492038 ( +0.00)    16272.50 (   +0.00)             0 (       0)              
##>                                  END              244492038 ( +0.00)    16272.50 (   +0.00)             0 (       0)           0  
##>  fast_cse_elim                 START              244492038 ( +0.00)    16272.50 (   +0.00)             0 (       0)              
##>                                  END              244492038 ( +0.00)    16272.50 (   +0.00)             0 (       0)           0  
##>                                  END              244492038 ( +0.00)    16272.50 (   +0.00)             0 (       0)           0  
##> csa_opto                       START              244492038 ( +0.00)    16272.50 (   +0.00)             0 (       0)              
##>                                  END              244492038 ( +0.00)    16272.50 (   +0.00)             0 (       0)           0  
##>                                  END              244492038 ( +0.00)    16272.50 (   +0.00)             0 (       0)           0  
##>context_based_simplify          START              244492038 ( +0.00)    16272.50 (   +0.00)             0 (       0)              
##>                                  END              218756034 (-10.53)    16272.50 (   +0.00)             0 (       0)           0  
##>group_csa_final_adder_dp        START              218756034 ( +0.00)    16272.50 (   +0.00)             0 (       0)              
##>                                  END              218756034 ( +0.00)    16272.50 (   +0.00)             0 (       0)           0  
##>dpopt_flatten_critical_muxes_i  START              218756034 ( +0.00)    16272.50 (   +0.00)             0 (       0)              
##>                                  END              218756034 ( +0.00)    16272.50 (   +0.00)             0 (       0)           0  
##>create_score                    START              218756034 ( +0.00)    16272.50 (   +0.00)             0 (       0)              
##>                                  END              218756034 ( +0.00)    16272.50 (   +0.00)             0 (       0)           0  
##>+------------------------------------------------------------------------------------------------------------------------------------------------------------+
Committed config: CDN_DP_region_11_1_c7
          Optimizations applied to 'very_fast' configuration:
            rewriting(0), factoring(0), sharing(0), cmultcse(0), downsizing(0), speculation(0)
Info    : Done optimizing datapath logic. [DPOPT-2]
        : Done optimizing datapath logic in 'hardware'.
Number of big hc bmuxes after = 4
Starting logic reduction [v1.0] (stage: post_rtlopt, startdef: hardware, recur: true)
Completed logic reduction (accepts: 0, rejects: 0, runtime: 0.002s)
Starting mux data reorder optimization [v1.0] (stage: post_rtlopt, startdef: hardware, recur: true)
Completed mux data reorder optimization (accepts: 0, rejects: 0, runtime: 0.032s)
Info    : Deleting instances not driving any primary outputs. [GLO-34]
        : Deleting 7 sequential instances.
Info    : Deleting instances not driving any primary outputs. [GLO-34]
        : Deleting 15 sequential instances.
Info    : Deleting instances not driving any primary outputs. [GLO-34]
        : Deleting 32 sequential instances.
Starting mux speculation [v1.0] (stage: post_muxopt, startdef: hardware, recur: true)
Starting speculation optimization
Completed speculation optimization (accepts:0)
Completed mux speculation (accepts: 0, rejects: 0, runtime: 2.238s)
==================================
Stage : to_generic 
==================================
  =================
   Message Summary
  =================
----------------------------------------------------------------------------
|     Id      |  Sev   |Count |               Message Text                 |
----------------------------------------------------------------------------
| CDFG-250    |Info    |    3 |Processing multi-dimensional arrays.        |
| CDFG-372    |Info    |  795 |Bitwidth mismatch in assignment.            |
|             |        |      |Review and make sure the mismatch is        |
|             |        |      | unintentional. Genus can possibly issue    |
|             |        |      | bitwidth mismatch warning for explicit     |
|             |        |      | assignments present in RTL as-well-as for  |
|             |        |      | implicit assignments inferred by the tool. |
|             |        |      | For example, in case of enum declaration   |
|             |        |      | without value, the tool will implicitly    |
|             |        |      | assign value to the enum variables. It     |
|             |        |      | also issues the warning for any bitwidth   |
|             |        |      | mismatch that appears in this implicit     |
|             |        |      | assignment.                                |
| CDFG-373    |Info    |   20 |Sign mismatch in assignment.                |
| CDFG-472    |Warning |    3 |Unreachable statements for case item.       |
| CDFG-480    |Warning |    1 |Ignored redundant case item.                |
|             |        |      |When multiple case item expressions match   |
|             |        |      | the case condition, only the statements    |
|             |        |      | associated with the first matching item    |
|             |        |      | are considered.                            |
| CDFG-500    |Info    |    9 |Unused module input port.                   |
|             |        |      |(In port definition within the module, the  |
|             |        |      | input port is not used in any assignment   |
|             |        |      | statements or conditional expressions for  |
|             |        |      | decision statements.                       |
| CDFG-508    |Warning |   44 |Removing unused register.                   |
|             |        |      |Genus removes the flip-flop or latch        |
|             |        |      | inferred for an unused signal or variable. |
|             |        |      | To preserve the flip-flop or latch, set    |
|             |        |      | the hdl_preserve_unused_registers          |
|             |        |      | attribute to true or use a pragma in the   |
|             |        |      | RTL.                                       |
| CDFG-738    |Info    |  100 |Common subexpression eliminated.            |
| CDFG-739    |Info    |  100 |Common subexpression kept.                  |
| CDFG-769    |Info    |    3 |Identified sum-of-products logic to be      |
|             |        |      | optimized during syn_generic.              |
| CDFG-771    |Info    |    6 |Replaced logic with a constant value.       |
| CDFG-773    |Info    |    1 |Skip related conditional write and read     |
|             |        |      | sequence.                                  |
| CWD-19      |Info    | 1230 |An implementation was inferred.             |
| DPOPT-1     |Info    |    1 |Optimizing datapath logic.                  |
| DPOPT-2     |Info    |    1 |Done optimizing datapath logic.             |
| DPOPT-3     |Info    |   30 |Implementing datapath configurations.       |
| DPOPT-4     |Info    |   30 |Done implementing datapath configurations.  |
| DPOPT-6     |Info    |    1 |Pre-processed datapath logic.               |
| DPOPT-10    |Info    |   55 |Optimized a mux chain.                      |
| DPOPT-54    |Info    |    1 |User hierarchy not ungrouped.               |
| ELAB-1      |Info    |    1 |Elaborating Design.                         |
| ELAB-2      |Info    |   29 |Elaborating Subdesign.                      |
| ELAB-3      |Info    |    1 |Done Elaborating Design.                    |
| ELABUTL-132 |Info    |   11 |Unused instance port.                       |
|             |        |      |Please check the reported scenario of       |
|             |        |      | unconnected instance port to ensure that   |
|             |        |      | it matches the design intent.              |
| GB-2        |Info    |    5 |Generating Booth encoder for Product-Of-Sum |
|             |        |      | form.                                      |
| GB-6        |Info    |   31 |A datapath component has been ungrouped.    |
| GLO-34      |Info    |    7 |Deleting instances not driving any primary  |
|             |        |      | outputs.                                   |
|             |        |      |Optimizations such as constant propagation  |
|             |        |      | or redundancy removal could change the     |
|             |        |      | connections so a hierarchical instance     |
|             |        |      | does not drive any primary outputs         |
|             |        |      | anymore. To see the list of deleted        |
|             |        |      | hierarchical instances, set the            |
|             |        |      | 'information_level' attribute to 2 or      |
|             |        |      | above. If the message is truncated set the |
|             |        |      | message attribute 'truncate' to false to   |
|             |        |      | see the complete list. To prevent this     |
|             |        |      | optimization, set the                      |
|             |        |      | 'delete_unloaded_insts' root/subdesign     |
|             |        |      | attribute to 'false' or 'preserve'         |
|             |        |      | instance attribute to 'true'.              |
| GLO-40      |Info    |    5 |Combinational hierarchical blocks with      |
|             |        |      | identical inputs have been merged.         |
|             |        |      |This optimization usually reduces design    |
|             |        |      | area. To prevent merging of combinational  |
|             |        |      | hierarchical blocks, set the               |
|             |        |      | 'merge_combinational_hier_instances' root  |
|             |        |      | attribute to 'false' or the                |
|             |        |      | 'merge_combinational_hier_instance'        |
|             |        |      | instance attribute to 'false'.             |
| GLO-42      |Info    |   25 |Equivalent sequential instances have been   |
|             |        |      | merged.                                    |
|             |        |      |To prevent merging of sequential instances, |
|             |        |      | set the 'optimize_merge_flops' and         |
|             |        |      | 'optimize_merge_latches' root attributes   |
|             |        |      | to 'false' or the 'optimize_merge_seq'     |
|             |        |      | instance attribute to 'false'.             |
| GLO-51      |Info    |   34 |Hierarchical instance automatically         |
|             |        |      | ungrouped.                                 |
|             |        |      |Hierarchical instances can be automatically |
|             |        |      | ungrouped to allow for better area or      |
|             |        |      | timing optimization. To prevent this       |
|             |        |      | ungroup, set the root-level attribute      |
|             |        |      | 'auto_ungroup' to 'none'. You can also     |
|             |        |      | prevent individual ungroup with setting    |
|             |        |      | the attribute 'ungroup_ok' of instances or |
|             |        |      | modules to 'false'.                        |
| LBR-3       |Info    |    3 |Appending library.                          |
|             |        |      |Appending libraries will overwrite some of  |
|             |        |      | the characteristics of the library.        |
| LBR-39      |Warning |    4 |Relaxing an attribute value in the library. |
|             |        |      |Relaxing one of the library's attribute     |
|             |        |      | value                                      |
|             |        |      | (for example, a library-cell's dont_use or |
|             |        |      | dont_touch attribute)                      |
|             |        |      | should be done with caution. This warning  |
|             |        |      | means that a dont_use or dont_touch        |
|             |        |      | attribute defined for a library cell       |
|             |        |      | (in liberty file)                          |
|             |        |      | is overridden by the user in the run. When |
|             |        |      | you do 'read_cpf -library' in a CPF based  |
|             |        |      | flow, apart from loading libraries, this   |
|             |        |      | command automatically marks low power      |
|             |        |      | standard cells as usable. So that the      |
|             |        |      | synthesis can use them. These low power    |
|             |        |      | standard cells are usually marked          |
|             |        |      | 'dont_use true' in the liberty. That's why |
|             |        |      | when the tool makes them usable            |
|             |        |      | (avoid = false)                            |
|             |        |      | , these warnings are flagged.              |
| LBR-41      |Info    |   97 |An output library pin lacks a function      |
|             |        |      | attribute.                                 |
|             |        |      |If the remainder of this library cell's     |
|             |        |      | semantic checks are successful, it will be |
|             |        |      | considered as a timing-model               |
|             |        |      | (because one of its outputs does not have  |
|             |        |      | a valid function.                          |
| LBR-101     |Warning |    4 |Unusable clock gating integrated cell found |
|             |        |      | at the time of loading libraries. This     |
|             |        |      | warning happens because a particular       |
|             |        |      | library cell is defined as                 |
|             |        |      | 'clock_gating_integrated_cell', but        |
|             |        |      | 'dont_use' attribute is defined as true in |
|             |        |      | the liberty library. To make Genus use     |
|             |        |      | this cell for clock gating insertion,      |
|             |        |      | 'dont_use' attribute should be set to      |
|             |        |      | false.                                     |
|             |        |      |To make the cell usable, change the value   |
|             |        |      | of 'dont_use' attribute to false.          |
| LBR-162     |Info    |  245 |Both 'pos_unate' and 'neg_unate'            |
|             |        |      | timing_sense arcs have been processed.     |
|             |        |      |Setting the 'timing_sense' to non_unate.    |
| LBR-412     |Info    |    2 |Created nominal operating condition.        |
|             |        |      |The nominal operating condition is          |
|             |        |      | represented, either by the nominal PVT     |
|             |        |      | values specified in the library source     |
|             |        |      | (via nom_process,nom_voltage and nom_tempe |
|             |        |      | rature respectively)                       |
|             |        |      | , or by the default PVT values             |
|             |        |      | (1.0,1.0,1.0).                             |
| PHYS-12     |Warning |    3 |The variant range of wire parameters is too |
|             |        |      | large. An example of wire parameters are,  |
|             |        |      | a WIDTH for layer, PITCH for layer,        |
|             |        |      | MINSPACING for layers, etc.                |
|             |        |      |Check the consistency of the parameters,    |
|             |        |      | and see if you can ignore this message or  |
|             |        |      | you're using different LEF file with wrong |
|             |        |      | parameters.                                |
| PHYS-127    |Info    |   15 |Macro with non-zero origin.                 |
| PHYS-752    |Info    |    1 |Partition Based Synthesis execution         |
|             |        |      | skipped.                                   |
| RTLOPT-30   |Info    |   68 |Accepted resource sharing opportunity.      |
| RTLOPT-40   |Info    |   28 |Transformed datapath macro.                 |
| RTLOPT-54   |Warning |   91 |Use of 'parallel_case' pragma may hinder    |
|             |        |      | datapath resource sharing.                 |
| SYNTH-1     |Info    |    1 |Synthesizing.                               |
| TIM-1000    |Info    |    1 |Multimode clock gating check is disabled.   |
| TUI-40      |Error   |    2 |Invalid attribute name.                     |
|             |        |      |Use '::legacy::set_attribute -h'            |
|             |        |      | (in legacy UI mode)                        |
|             |        |      | or 'help * <attr_name> -detail'            |
|             |        |      | (in CUI mode)                              |
|             |        |      | to see a list of all valid attributes that |
|             |        |      | can be set.                                |
| TUI-61      |Error   |    1 |A required object parameter could not be    |
|             |        |      | found.                                     |
|             |        |      |Check to make sure that the object exists   |
|             |        |      | and is of the correct type.  The 'what_is' |
|             |        |      | command can be used to determine the type  |
|             |        |      | of an object.                              |
| VLOGPT-37   |Warning |   14 |Ignoring unsynthesizable construct.         |
|             |        |      |For example, the following constructs will  |
|             |        |      | be ignored:
    - initial block
    -      |
|             |        |      | final block
    - program block
    -      |
|             |        |      | property block
    - sequence block
    -  |
|             |        |      | covergroup
    - checker block
    - gate  |
|             |        |      | drive strength
    - system task enable
   |
|             |        |      | - reg declaration with initial value
    - |
|             |        |      | specify block.                             |
----------------------------------------------------------------------------
Current PLE settings:

Aspect ratio        : 1.000
Shrink factor       : 1.000
Scale of res/length : 1.000
Scale of cap/length : 1.000
Net derating factor : 1.000
Thermal factor      : 1.000
Via Resistance      : 1.137 ohm (from lef_library)
Site size           : 2.000 um (from lef [tech+cell])

                                   Capacitance    
  Layer                             / Length           Data source:
Name        Direction Utilization  (pF/micron)         lef_library
--------------------------------------------------
M1              H         0.00        0.000192    
M2              V         1.00        0.000179    
M3              H         1.00        0.000179    
M4              V         1.00        0.000179    
M5              H         1.00        0.000179    
M6              V         1.00        0.000179    
M7              H         1.00        0.000184    
M8              V         1.00        0.000208    
M9              H         1.00        0.000217    
AP              V         1.00        0.000302 ** 

** = 'AP' is dropped because its width (3) is too large (threshold 2)

                                    Resistance     
  Layer                              / Length           Data source:
Name        Direction Utilization  (ohm/micron)         lef_library
---------------------------------------------------
M1              H         0.00         1.777778    
M2              V         1.00         1.399000    
M3              H         1.00         1.399000    
M4              V         1.00         1.399000    
M5              H         1.00         1.399000    
M6              V         1.00         1.399000    
M7              H         1.00         1.399000    
M8              V         1.00         0.054500    
M9              H         1.00         0.054500    
AP              V         1.00         0.007000 ** 

** = 'AP' is dropped because its width (3) is too large (threshold 2)

                                        Area       
  Layer                               / Length          Data source:
Name        Direction Utilization     (micron)          lef_library
---------------------------------------------------
M1              H         0.00         0.090000    
M2              V         1.00         0.100000    
M3              H         1.00         0.100000    
M4              V         1.00         0.100000    
M5              H         1.00         0.100000    
M6              V         1.00         0.100000    
M7              H         1.00         0.100000    
M8              V         1.00         0.400000    
M9              H         1.00         0.400000    
AP              V         1.00         3.000000 ** 

** = 'AP' is dropped because its width (3) is too large (threshold 2)

Mapper: Libraries have:
	domain _default_: 441 combo usable cells and 280 sequential usable cells
Info    : Attempting to launch a super-threading server. [ST-120]
        : Attempting to Launch server 1 of 1.
        : The tool is entering super-threading mode and is launching a CPU server process.  This is enabled by the root attribute 'super_thread_servers' or 'auto_super_thread'.
Info    : Connection established with super-threading server. [ST-110]
        : The server 'localhost_1_0' is process '2883369' on this host.
        : The tool is entering super-threading mode and has established a connection with a CPU server process.  This is enabled by the root attributes 'super_thread_servers' or 'auto_super_thread'.
                  Library loading done successfully on server 'localhost_1_0'.
Multi-threaded constant propagation [1|1] ...
Info    : Replacing the synchronous part of an always feeding back flip-flop with a logic constant. [GLO-45]
        : The instance is 'decoder_acc_inst_rms_norm_lut_mean_in_reg[39]'. The constant is '0'.
        : To prevent this optimization, set 'optimize_constant_feedback_seqs' root attribute to 'false'. The instance attribute 'optimize_constant_feedback_seq' controls this optimization. 
Info    : Replacing the synchronous part of an always feeding back flip-flop with a logic constant. [GLO-45]
        : The instance is 'decoder_acc_inst_rms_norm_lut_mean_in_reg[38]'. The constant is '0'.
Info    : Replacing the synchronous part of an always feeding back flip-flop with a logic constant. [GLO-45]
        : The instance is 'decoder_acc_inst_control_signal_reg[3]'. The constant is '0'.
Info    : Replacing the synchronous part of an always feeding back flip-flop with a logic constant. [GLO-45]
        : The instance is 'decoder_acc_inst_rms_norm_sq_reg_reg[1]'. The constant is '0'.
Info    : Replacing the synchronous part of an always feeding back flip-flop with a logic constant. [GLO-45]
        : The instance is 'decoder_acc_inst_rms_norm_sq_stage1_reg_reg[1]'. The constant is '0'.
Info    : Replacing the synchronous part of an always feeding back flip-flop with a logic constant. [GLO-45]
        : The instance is 'decoder_acc_inst_pcpi_rd_reg[31]'. The constant is '0'.
Info    : Replacing the synchronous part of an always feeding back flip-flop with a logic constant. [GLO-45]
        : The instance is 'decoder_acc_inst_pcpi_rd_reg[30]'. The constant is '0'.
Info    : Replacing the synchronous part of an always feeding back flip-flop with a logic constant. [GLO-45]
        : The instance is 'decoder_acc_inst_pcpi_rd_reg[29]'. The constant is '0'.
Info    : Replacing the synchronous part of an always feeding back flip-flop with a logic constant. [GLO-45]
        : The instance is 'decoder_acc_inst_pcpi_rd_reg[28]'. The constant is '0'.
Info    : Replacing the synchronous part of an always feeding back flip-flop with a logic constant. [GLO-45]
        : The instance is 'decoder_acc_inst_pcpi_rd_reg[27]'. The constant is '0'.
Info    : Replacing the synchronous part of an always feeding back flip-flop with a logic constant. [GLO-45]
        : The instance is 'decoder_acc_inst_pcpi_rd_reg[26]'. The constant is '0'.
Info    : Replacing the synchronous part of an always feeding back flip-flop with a logic constant. [GLO-45]
        : The instance is 'decoder_acc_inst_pcpi_rd_reg[25]'. The constant is '0'.
Info    : Replacing the synchronous part of an always feeding back flip-flop with a logic constant. [GLO-45]
        : The instance is 'decoder_acc_inst_pcpi_rd_reg[24]'. The constant is '0'.
Info    : Replacing the synchronous part of an always feeding back flip-flop with a logic constant. [GLO-45]
        : The instance is 'decoder_acc_inst_pcpi_rd_reg[23]'. The constant is '0'.
Info    : Replacing the synchronous part of an always feeding back flip-flop with a logic constant. [GLO-45]
        : The instance is 'decoder_acc_inst_pcpi_rd_reg[22]'. The constant is '0'.
Info    : Replacing the synchronous part of an always feeding back flip-flop with a logic constant. [GLO-45]
        : The instance is 'decoder_acc_inst_pcpi_rd_reg[21]'. The constant is '0'.
Info    : Replacing the synchronous part of an always feeding back flip-flop with a logic constant. [GLO-45]
        : The instance is 'decoder_acc_inst_pcpi_rd_reg[20]'. The constant is '0'.
Info    : Replacing the synchronous part of an always feeding back flip-flop with a logic constant. [GLO-45]
        : The instance is 'decoder_acc_inst_pcpi_rd_reg[19]'. The constant is '0'.
Info    : Replacing the synchronous part of an always feeding back flip-flop with a logic constant. [GLO-45]
        : The instance is 'decoder_acc_inst_pcpi_rd_reg[18]'. The constant is '0'.
Info    : Replacing the synchronous part of an always feeding back flip-flop with a logic constant. [GLO-45]
        : The instance is 'decoder_acc_inst_pcpi_rd_reg[17]'. The constant is '0'.
Info    : Deleting instances not driving any primary outputs. [GLO-34]
        : Deleting 7 sequential instances.
Info    : Deleting instances not driving any primary outputs. [GLO-34]
        : Deleting 1 sequential instance.
Info    : Deleting instances not driving any primary outputs. [GLO-34]
        : Deleting 1 sequential instance.
        Distributing super-thread jobs: mult_unsigned mult_signed_3659 csa_tree_21491 square_signed_13229 cb_oseq_16049 cb_part_16060 arith_shift_right_vlog_signed_rtlopto_model_166 add_signed_2449_8 shift_left_vlog_unsigned_1841_rtlopto_model_175 csa_tree_5639 addsub_unsigned_450 add_unsigned_73_6 arith_shift_right_vlog_signed_1311_rtlopto_model_138 shift_left_vlog_unsigned_277 arith_shift_right_vlog_signed_955 increment_unsigned_393_1983_3899 increment_unsigned_393_1983 add_unsigned_3471
          Sending 'mult_unsigned' to server 'localhost_1_0'...
            Sent 'mult_unsigned' to server 'localhost_1_0'.
          Received 'mult_unsigned' from server 'localhost_1_0'. (3678 ms elapsed)
          Sending 'mult_signed_3659' to server 'localhost_1_0'...
            Sent 'mult_signed_3659' to server 'localhost_1_0'.
          Received 'mult_signed_3659' from server 'localhost_1_0'. (3062 ms elapsed)
          Sending 'csa_tree_21491' to server 'localhost_1_0'...
            Sent 'csa_tree_21491' to server 'localhost_1_0'.
          Received 'csa_tree_21491' from server 'localhost_1_0'. (1598 ms elapsed)
          Sending 'square_signed_13229' to server 'localhost_1_0'...
            Sent 'square_signed_13229' to server 'localhost_1_0'.
          Received 'square_signed_13229' from server 'localhost_1_0'. (930 ms elapsed)
          Sending 'cb_oseq_16049' to server 'localhost_1_0'...
            Sent 'cb_oseq_16049' to server 'localhost_1_0'.
          Received 'cb_oseq_16049' from server 'localhost_1_0'. (1695 ms elapsed)
          Sending 'cb_part_16060' to server 'localhost_1_0'...
            Sent 'cb_part_16060' to server 'localhost_1_0'.
          Received 'cb_part_16060' from server 'localhost_1_0'. (867 ms elapsed)
          Sending 'arith_shift_right_vlog_signed_rtlopto_model_166' to server 'localhost_1_0'...
            Sent 'arith_shift_right_vlog_signed_rtlopto_model_166' to server 'localhost_1_0'.
          Received 'arith_shift_right_vlog_signed_rtlopto_model_166' from server 'localhost_1_0'. (518 ms elapsed)
          Sending 'add_signed_2449_8' to server 'localhost_1_0'...
            Sent 'add_signed_2449_8' to server 'localhost_1_0'.
          Received 'add_signed_2449_8' from server 'localhost_1_0'. (457 ms elapsed)
          Sending 'shift_left_vlog_unsigned_1841_rtlopto_model_175' to server 'localhost_1_0'...
            Sent 'shift_left_vlog_unsigned_1841_rtlopto_model_175' to server 'localhost_1_0'.
          Received 'shift_left_vlog_unsigned_1841_rtlopto_model_175' from server 'localhost_1_0'. (250 ms elapsed)
          Sending 'csa_tree_5639' to server 'localhost_1_0'...
            Sent 'csa_tree_5639' to server 'localhost_1_0'.
          Received 'csa_tree_5639' from server 'localhost_1_0'. (537 ms elapsed)
          Sending 'addsub_unsigned_450' to server 'localhost_1_0'...
            Sent 'addsub_unsigned_450' to server 'localhost_1_0'.
          Received 'addsub_unsigned_450' from server 'localhost_1_0'. (446 ms elapsed)
          Sending 'add_unsigned_73_6' to server 'localhost_1_0'...
            Sent 'add_unsigned_73_6' to server 'localhost_1_0'.
          Received 'add_unsigned_73_6' from server 'localhost_1_0'. (339 ms elapsed)
          Sending 'arith_shift_right_vlog_signed_1311_rtlopto_model_138' to server 'localhost_1_0'...
            Sent 'arith_shift_right_vlog_signed_1311_rtlopto_model_138' to server 'localhost_1_0'.
          Received 'arith_shift_right_vlog_signed_1311_rtlopto_model_138' from server 'localhost_1_0'. (319 ms elapsed)
          Sending 'shift_left_vlog_unsigned_277' to server 'localhost_1_0'...
            Sent 'shift_left_vlog_unsigned_277' to server 'localhost_1_0'.
          Received 'shift_left_vlog_unsigned_277' from server 'localhost_1_0'. (298 ms elapsed)
          Sending 'arith_shift_right_vlog_signed_955' to server 'localhost_1_0'...
            Sent 'arith_shift_right_vlog_signed_955' to server 'localhost_1_0'.
          Received 'arith_shift_right_vlog_signed_955' from server 'localhost_1_0'. (259 ms elapsed)
          Sending 'increment_unsigned_393_1983_3899' to server 'localhost_1_0'...
            Sent 'increment_unsigned_393_1983_3899' to server 'localhost_1_0'.
          Received 'increment_unsigned_393_1983_3899' from server 'localhost_1_0'. (287 ms elapsed)
          Sending 'increment_unsigned_393_1983' to server 'localhost_1_0'...
            Sent 'increment_unsigned_393_1983' to server 'localhost_1_0'.
          Received 'increment_unsigned_393_1983' from server 'localhost_1_0'. (286 ms elapsed)
          Sending 'add_unsigned_3471' to server 'localhost_1_0'...
            Sent 'add_unsigned_3471' to server 'localhost_1_0'.
          Received 'add_unsigned_3471' from server 'localhost_1_0'. (174 ms elapsed)
        Distributing super-thread jobs: csa_tree_decoder_acc_inst_rms_norm_req_inst_add_39_32_group_8 csa_tree_decoder_acc_inst_pe_array_PE4_requantizer0_add_43_32_group_58 csa_tree_decoder_acc_inst_pe_array_PE0_requantizer0_add_43_32_group_66 csa_tree_decoder_acc_inst_pe_array_PE5_requantizer0_add_43_32_group_56 csa_tree_decoder_acc_inst_pe_array_PE6_requantizer0_add_43_32_group_54 csa_tree_decoder_acc_inst_pe_array_PE7_requantizer0_add_43_32_group_52 csa_tree_decoder_acc_inst_pe_array_PE3_requantizer0_add_43_32_group_60 csa_tree_decoder_acc_inst_pe_array_PE1_requantizer0_add_43_32_group_64 csa_tree_decoder_acc_inst_pe_array_PE2_requantizer0_add_43_32_group_62 cb_part_16059 cb_part_16052 add_signed_carry_21638 counter_width16_restart_behav1
          Sending 'csa_tree_decoder_acc_inst_rms_norm_req_inst_add_39_32_group_8' to server 'localhost_1_0'...
            Sent 'csa_tree_decoder_acc_inst_rms_norm_req_inst_add_39_32_group_8' to server 'localhost_1_0'.
          Received 'csa_tree_decoder_acc_inst_rms_norm_req_inst_add_39_32_group_8' from server 'localhost_1_0'. (12536 ms elapsed)
          Sending 'csa_tree_decoder_acc_inst_pe_array_PE4_requantizer0_add_43_32_group_58' to server 'localhost_1_0'...
            Sent 'csa_tree_decoder_acc_inst_pe_array_PE4_requantizer0_add_43_32_group_58' to server 'localhost_1_0'.
          Received 'csa_tree_decoder_acc_inst_pe_array_PE4_requantizer0_add_43_32_group_58' from server 'localhost_1_0'. (11257 ms elapsed)
          Sending 'csa_tree_decoder_acc_inst_pe_array_PE0_requantizer0_add_43_32_group_66' to server 'localhost_1_0'...
            Sent 'csa_tree_decoder_acc_inst_pe_array_PE0_requantizer0_add_43_32_group_66' to server 'localhost_1_0'.
          Received 'csa_tree_decoder_acc_inst_pe_array_PE0_requantizer0_add_43_32_group_66' from server 'localhost_1_0'. (11277 ms elapsed)
          Sending 'csa_tree_decoder_acc_inst_pe_array_PE5_requantizer0_add_43_32_group_56' to server 'localhost_1_0'...
            Sent 'csa_tree_decoder_acc_inst_pe_array_PE5_requantizer0_add_43_32_group_56' to server 'localhost_1_0'.
          Received 'csa_tree_decoder_acc_inst_pe_array_PE5_requantizer0_add_43_32_group_56' from server 'localhost_1_0'. (11274 ms elapsed)
          Sending 'csa_tree_decoder_acc_inst_pe_array_PE6_requantizer0_add_43_32_group_54' to server 'localhost_1_0'...
            Sent 'csa_tree_decoder_acc_inst_pe_array_PE6_requantizer0_add_43_32_group_54' to server 'localhost_1_0'.
          Received 'csa_tree_decoder_acc_inst_pe_array_PE6_requantizer0_add_43_32_group_54' from server 'localhost_1_0'. (11355 ms elapsed)
          Sending 'csa_tree_decoder_acc_inst_pe_array_PE7_requantizer0_add_43_32_group_52' to server 'localhost_1_0'...
            Sent 'csa_tree_decoder_acc_inst_pe_array_PE7_requantizer0_add_43_32_group_52' to server 'localhost_1_0'.
          Received 'csa_tree_decoder_acc_inst_pe_array_PE7_requantizer0_add_43_32_group_52' from server 'localhost_1_0'. (11276 ms elapsed)
          Sending 'csa_tree_decoder_acc_inst_pe_array_PE3_requantizer0_add_43_32_group_60' to server 'localhost_1_0'...
            Sent 'csa_tree_decoder_acc_inst_pe_array_PE3_requantizer0_add_43_32_group_60' to server 'localhost_1_0'.
          Received 'csa_tree_decoder_acc_inst_pe_array_PE3_requantizer0_add_43_32_group_60' from server 'localhost_1_0'. (11291 ms elapsed)
          Sending 'csa_tree_decoder_acc_inst_pe_array_PE1_requantizer0_add_43_32_group_64' to server 'localhost_1_0'...
            Sent 'csa_tree_decoder_acc_inst_pe_array_PE1_requantizer0_add_43_32_group_64' to server 'localhost_1_0'.
          Received 'csa_tree_decoder_acc_inst_pe_array_PE1_requantizer0_add_43_32_group_64' from server 'localhost_1_0'. (11262 ms elapsed)
          Sending 'csa_tree_decoder_acc_inst_pe_array_PE2_requantizer0_add_43_32_group_62' to server 'localhost_1_0'...
            Sent 'csa_tree_decoder_acc_inst_pe_array_PE2_requantizer0_add_43_32_group_62' to server 'localhost_1_0'.
          Received 'csa_tree_decoder_acc_inst_pe_array_PE2_requantizer0_add_43_32_group_62' from server 'localhost_1_0'. (11380 ms elapsed)
          Sending 'cb_part_16059' to server 'localhost_1_0'...
            Sent 'cb_part_16059' to server 'localhost_1_0'.
          Received 'cb_part_16059' from server 'localhost_1_0'. (633 ms elapsed)
          Sending 'cb_part_16052' to server 'localhost_1_0'...
            Sent 'cb_part_16052' to server 'localhost_1_0'.
          Received 'cb_part_16052' from server 'localhost_1_0'. (602 ms elapsed)
          Sending 'add_signed_carry_21638' to server 'localhost_1_0'...
            Sent 'add_signed_carry_21638' to server 'localhost_1_0'.
          Received 'add_signed_carry_21638' from server 'localhost_1_0'. (462 ms elapsed)
          Sending 'counter_width16_restart_behav1' to server 'localhost_1_0'...
            Sent 'counter_width16_restart_behav1' to server 'localhost_1_0'.
          Received 'counter_width16_restart_behav1' from server 'localhost_1_0'. (377 ms elapsed)
        Distributing super-thread jobs: arith_shift_right_vlog_signed_2414 arith_shift_right_vlog_signed_4957 cb_seq_15990 add_unsigned_73_6_3971
          Sending 'arith_shift_right_vlog_signed_2414' to server 'localhost_1_0'...
            Sent 'arith_shift_right_vlog_signed_2414' to server 'localhost_1_0'.
          Received 'arith_shift_right_vlog_signed_2414' from server 'localhost_1_0'. (913 ms elapsed)
          Sending 'arith_shift_right_vlog_signed_4957' to server 'localhost_1_0'...
            Sent 'arith_shift_right_vlog_signed_4957' to server 'localhost_1_0'.
          Received 'arith_shift_right_vlog_signed_4957' from server 'localhost_1_0'. (855 ms elapsed)
          Sending 'cb_seq_15990' to server 'localhost_1_0'...
            Sent 'cb_seq_15990' to server 'localhost_1_0'.
          Received 'cb_seq_15990' from server 'localhost_1_0'. (262 ms elapsed)
          Sending 'add_unsigned_73_6_3971' to server 'localhost_1_0'...
            Sent 'add_unsigned_73_6_3971' to server 'localhost_1_0'.
          Received 'add_unsigned_73_6_3971' from server 'localhost_1_0'. (360 ms elapsed)
        Distributing super-thread jobs: cb_oseq_16055 add_signed_3201 add_signed_3361
          Sending 'cb_oseq_16055' to server 'localhost_1_0'...
            Sent 'cb_oseq_16055' to server 'localhost_1_0'.
          Received 'cb_oseq_16055' from server 'localhost_1_0'. (15435 ms elapsed)
          Sending 'add_signed_3201' to server 'localhost_1_0'...
            Sent 'add_signed_3201' to server 'localhost_1_0'.
          Received 'add_signed_3201' from server 'localhost_1_0'. (446 ms elapsed)
          Sending 'add_signed_3361' to server 'localhost_1_0'...
            Sent 'add_signed_3361' to server 'localhost_1_0'.
          Received 'add_signed_3361' from server 'localhost_1_0'. (424 ms elapsed)
        Distributing super-thread jobs: cb_part_16061 cb_seq_15992
          Sending 'cb_part_16061' to server 'localhost_1_0'...
            Sent 'cb_part_16061' to server 'localhost_1_0'.
          Received 'cb_part_16061' from server 'localhost_1_0'. (39345 ms elapsed)
          Sending 'cb_seq_15992' to server 'localhost_1_0'...
            Sent 'cb_seq_15992' to server 'localhost_1_0'.
          Received 'cb_seq_15992' from server 'localhost_1_0'. (2648 ms elapsed)
        Distributing super-thread jobs: csa_tree_decoder_acc_inst_u_sigmoid_add_52_42_group_6 cb_seq_16043 square_signed_13812_13814 csa_tree_ADD_UNS_OP_group_16
          Sending 'csa_tree_decoder_acc_inst_u_sigmoid_add_52_42_group_6' to server 'localhost_1_0'...
            Sent 'csa_tree_decoder_acc_inst_u_sigmoid_add_52_42_group_6' to server 'localhost_1_0'.
          Received 'csa_tree_decoder_acc_inst_u_sigmoid_add_52_42_group_6' from server 'localhost_1_0'. (1829 ms elapsed)
          Sending 'cb_seq_16043' to server 'localhost_1_0'...
            Sent 'cb_seq_16043' to server 'localhost_1_0'.
          Received 'cb_seq_16043' from server 'localhost_1_0'. (639 ms elapsed)
          Sending 'square_signed_13812_13814' to server 'localhost_1_0'...
            Sent 'square_signed_13812_13814' to server 'localhost_1_0'.
          Received 'square_signed_13812_13814' from server 'localhost_1_0'. (1065 ms elapsed)
          Sending 'csa_tree_ADD_UNS_OP_group_16' to server 'localhost_1_0'...
            Sent 'csa_tree_ADD_UNS_OP_group_16' to server 'localhost_1_0'.
          Received 'csa_tree_ADD_UNS_OP_group_16' from server 'localhost_1_0'. (649 ms elapsed)
        Distributing super-thread jobs: cb_seq_15996
          Sending 'cb_seq_15996' to server 'localhost_1_0'...
            Sent 'cb_seq_15996' to server 'localhost_1_0'.
          Received 'cb_seq_15996' from server 'localhost_1_0'. (15031 ms elapsed)
==================================
Stage : first_condense 
==================================
  =================
   Message Summary
  =================
----------------------------------------------------------------------------
|   Id   |Sev  |Count |                   Message Text                     |
----------------------------------------------------------------------------
| GB-6   |Info |   83 |A datapath component has been ungrouped.            |
| GLO-34 |Info |    3 |Deleting instances not driving any primary outputs. |
|        |     |      |Optimizations such as constant propagation or       |
|        |     |      | redundancy removal could change the connections so |
|        |     |      | a hierarchical instance does not drive any primary |
|        |     |      | outputs anymore. To see the list of deleted        |
|        |     |      | hierarchical instances, set the                    |
|        |     |      | 'information_level' attribute to 2 or above. If    |
|        |     |      | the message is truncated set the message attribute |
|        |     |      | 'truncate' to false to see the complete list. To   |
|        |     |      | prevent this optimization, set the                 |
|        |     |      | 'delete_unloaded_insts' root/subdesign attribute   |
|        |     |      | to 'false' or 'preserve' instance attribute to     |
|        |     |      | 'true'.                                            |
| GLO-42 |Info |    2 |Equivalent sequential instances have been merged.   |
|        |     |      |To prevent merging of sequential instances, set the |
|        |     |      | 'optimize_merge_flops' and                         |
|        |     |      | 'optimize_merge_latches' root attributes to        |
|        |     |      | 'false' or the 'optimize_merge_seq' instance       |
|        |     |      | attribute to 'false'.                              |
| GLO-45 |Info |   88 |Replacing the synchronous part of an always feeding |
|        |     |      | back flip-flop with a logic constant.              |
|        |     |      |To prevent this optimization, set                   |
|        |     |      | 'optimize_constant_feedback_seqs' root attribute   |
|        |     |      | to 'false'. The instance attribute                 |
|        |     |      | 'optimize_constant_feedback_seq' controls this     |
|        |     |      | optimization.                                      |
| GLO-51 |Info |   22 |Hierarchical instance automatically ungrouped.      |
|        |     |      |Hierarchical instances can be automatically         |
|        |     |      | ungrouped to allow for better area or timing       |
|        |     |      | optimization. To prevent this ungroup, set the     |
|        |     |      | root-level attribute 'auto_ungroup' to 'none'. You |
|        |     |      | can also prevent individual ungroup with setting   |
|        |     |      | the attribute 'ungroup_ok' of instances or modules |
|        |     |      | to 'false'.                                        |
| ST-110 |Info |    1 |Connection established with super-threading server. |
|        |     |      |The tool is entering super-threading mode and has   |
|        |     |      | established a connection with a CPU server         |
|        |     |      | process.  This is enabled by the root attributes   |
|        |     |      | 'super_thread_servers' or 'auto_super_thread'.     |
| ST-120 |Info |    1 |Attempting to launch a super-threading server.      |
|        |     |      |The tool is entering super-threading mode and is    |
|        |     |      | launching a CPU server process.  This is enabled   |
|        |     |      | by the root attribute 'super_thread_servers' or    |
|        |     |      | 'auto_super_thread'.                               |
| ST-128 |Info |    1 |Super thread servers are launched successfully.     |
----------------------------------------------------------------------------
 
Global mapping target info
==========================
Cost Group 'clk_16mhz' target slack:   210 ps
Target path end-point (Port: hardware/qspi_sck)


+-----------+-----------+-----+----------------------+---------------------------+
|   Host    |  Machine  | CPU | Physical Memory (MB) | Peak Physical Memory (MB) |
+-----------+-----------+-----+----------------------+---------------------------+
| localhost | localhost |  1  |        2233.1        |          2258.1           |
+-----------+-----------+-----+----------------------+---------------------------+

+---------------+----------------------+---------------------------+
|    Server     | Physical Memory (MB) | Peak Physical Memory (MB) |
+---------------+----------------------+---------------------------+
| localhost_1_0 |        548.1         |           586.7           |
+---------------+----------------------+---------------------------+

Info    : Using '2' number of super-threading servers using the attribute 'super_thread_servers' could have
          saved '63' more seconds during global map.
Info    : Using '3' number of super-threading servers using the attribute 'super_thread_servers' could have
          saved '88' more seconds during global map.
Info    : Using '5' number of super-threading servers using the attribute 'super_thread_servers' could have
          saved '102' more seconds during global map.

State Retention Synthesis Status
================================

Category                        Flops   Percentage
--------------------------------------------------
Total instances                  9472        100.0
Excluded from State Retention    9472        100.0
    - Will not convert           9472        100.0
      - Preserved                   0          0.0
      - Power intent excluded    9472        100.0
    - Could not convert             0          0.0
      - Scan type                   0          0.0
      - No suitable cell            0          0.0
State Retention instances           0          0.0
--------------------------------------------------


+-----------+-----------+-----+----------------------+---------------------------+
|   Host    |  Machine  | CPU | Physical Memory (MB) | Peak Physical Memory (MB) |
+-----------+-----------+-----+----------------------+---------------------------+
| localhost | localhost |  1  |        2233.1        |          2258.1           |
+-----------+-----------+-----+----------------------+---------------------------+

+---------------+----------------------+---------------------------+
|    Server     | Physical Memory (MB) | Peak Physical Memory (MB) |
+---------------+----------------------+---------------------------+
| localhost_1_0 |        548.1         |           586.7           |
+---------------+----------------------+---------------------------+

Info    : Using '2' number of super-threading servers using the attribute 'super_thread_servers' could have
          saved '63' more seconds during global map.
Info    : Using '3' number of super-threading servers using the attribute 'super_thread_servers' could have
          saved '88' more seconds during global map.
Info    : Using '5' number of super-threading servers using the attribute 'super_thread_servers' could have
          saved '102' more seconds during global map.
PBS_Generic_Opt-Post - Elapsed_Time 680, CPU_Time 654.998164
stamp 'PBS_Generic_Opt-Post' being created for table 'pbs_debug'

  Total Time (Wall) |  Stage Time (Wall)  |   % (Wall)   |    Date - Time     |  Memory   | Stage
--------------------+---------------------+--------------+--------------------+-----------+----------------------
 00:00:34(00:00:46) |  00:00:00(00:00:00) |   0.0(  0.0) |    7:19:09 (May25) |  776.3 MB | PBS_Generic-Start
--------------------+---------------------+--------------+--------------------+-----------+----------------------
 00:11:28(00:12:06) |  00:10:54(00:11:20) | 100.0(100.0) |    7:30:29 (May25) |   2.26 GB | PBS_Generic_Opt-Post
--------------------+---------------------+--------------+--------------------+-----------+----------------------
Number of threads: 1 * 1   (id: pbs_debug, time_info v1.57)
Info: (*N*) indicates data that was populated from previously saved time_info database
Info: CPU time includes time of parent + longest thread
PBS_Generic-Postgen HBO Optimizations - Elapsed_Time 2, CPU_Time 2.0
stamp 'PBS_Generic-Postgen HBO Optimizations' being created for table 'pbs_debug'

  Total Time (Wall) |  Stage Time (Wall)  |   % (Wall)   |    Date - Time     |  Memory   | Stage
--------------------+---------------------+--------------+--------------------+-----------+----------------------
 00:00:34(00:00:46) |  00:00:00(00:00:00) |   0.0(  0.0) |    7:19:09 (May25) |  776.3 MB | PBS_Generic-Start
--------------------+---------------------+--------------+--------------------+-----------+----------------------
 00:11:28(00:12:06) |  00:10:54(00:11:20) |  99.7( 99.7) |    7:30:29 (May25) |   2.26 GB | PBS_Generic_Opt-Post
--------------------+---------------------+--------------+--------------------+-----------+----------------------
 00:11:30(00:12:08) |  00:00:02(00:00:02) |   0.3(  0.3) |    7:30:31 (May25) |   2.26 GB | PBS_Generic-Postgen HBO Optimizations
--------------------+---------------------+--------------+--------------------+-----------+----------------------
Number of threads: 1 * 1   (id: pbs_debug, time_info v1.57)
Info: (*N*) indicates data that was populated from previously saved time_info database
Info: CPU time includes time of parent + longest thread
##>=================== Cadence Confidential (Generic-Logical) ===================
##>=================== Cadence Confidential (Generic-Logical) ===================
##>Main Thread Summary:
##>----------------------------------------------------------------------------------------
##>STEP                           Elapsed       WNS       TNS     Insts      Area    Memory
##>----------------------------------------------------------------------------------------
##>G:Initial                            4         -         -    178080   1866222       776
##>G:Setup                              0         -         -         -         -         -
##>G:Launch ST                          0         -         -         -         -         -
##>G:Design Partition                   0         -         -         -         -         -
##>G:Create Partition Netlists          0         -         -         -         -         -
##>G:Init Power                         0         -         -         -         -         -
##>G:Budgeting                          0         -         -         -         -         -
##>G:Derenv-DB                          0         -         -         -         -         -
##>G:Debug Outputs                      0         -         -         -         -         -
##>G:ST loading                         0         -         -         -         -         -
##>G:Distributed                        0         -         -         -         -         -
##>G:Timer                              0         -         -         -         -         -
##>G:Assembly                           0         -         -         -         -         -
##>G:DFT                                0         -         -         -         -         -
##>G:Const Prop                         2         -         -    212133   1929134      2258
##>G:Misc                             679
##>----------------------------------------------------------------------------------------
##>Total Elapsed                      685
##>========================================================================================
Info    : Done synthesizing. [SYNTH-2]
        : Done synthesizing 'hardware' to generic gates.
--- Starting Mapping ---
##Generic Timing Info for library domain: _default_ typical gate delay: 40.3 ps std_slew: 9.5 ps std_load: 2.4 fF
Current PLE settings:

Aspect ratio        : 1.000
Shrink factor       : 1.000
Scale of res/length : 1.000
Scale of cap/length : 1.000
Net derating factor : 1.000
Thermal factor      : 1.000
Via Resistance      : 1.137 ohm (from lef_library)
Site size           : 2.000 um (from lef [tech+cell])

                                   Capacitance    
  Layer                             / Length           Data source:
Name        Direction Utilization  (pF/micron)         lef_library
--------------------------------------------------
M1              H         0.00        0.000192    
M2              V         1.00        0.000179    
M3              H         1.00        0.000179    
M4              V         1.00        0.000179    
M5              H         1.00        0.000179    
M6              V         1.00        0.000179    
M7              H         1.00        0.000184    
M8              V         1.00        0.000208    
M9              H         1.00        0.000217    
AP              V         1.00        0.000302 ** 

** = 'AP' is dropped because its width (3) is too large (threshold 2)

                                    Resistance     
  Layer                              / Length           Data source:
Name        Direction Utilization  (ohm/micron)         lef_library
---------------------------------------------------
M1              H         0.00         1.777778    
M2              V         1.00         1.399000    
M3              H         1.00         1.399000    
M4              V         1.00         1.399000    
M5              H         1.00         1.399000    
M6              V         1.00         1.399000    
M7              H         1.00         1.399000    
M8              V         1.00         0.054500    
M9              H         1.00         0.054500    
AP              V         1.00         0.007000 ** 

** = 'AP' is dropped because its width (3) is too large (threshold 2)

                                        Area       
  Layer                               / Length          Data source:
Name        Direction Utilization     (micron)          lef_library
---------------------------------------------------
M1              H         0.00         0.090000    
M2              V         1.00         0.100000    
M3              H         1.00         0.100000    
M4              V         1.00         0.100000    
M5              H         1.00         0.100000    
M6              V         1.00         0.100000    
M7              H         1.00         0.100000    
M8              V         1.00         0.400000    
M9              H         1.00         0.400000    
AP              V         1.00         3.000000 ** 

** = 'AP' is dropped because its width (3) is too large (threshold 2)

Info    : Mapping. [SYNTH-4]
        : Mapping 'hardware' using 'high' effort.
Mapper: Libraries have:
	domain _default_: 441 combo usable cells and 280 sequential usable cells
Configuring mapper costing (none)
TNS Restructuring config: no_value at stage: map applied.
PBS_TechMap-Start - Elapsed_Time 0, CPU_Time 0.0
stamp 'PBS_TechMap-Start' being created for table 'pbs_debug'

  Total Time (Wall) |  Stage Time (Wall)  |   % (Wall)   |    Date - Time     |  Memory   | Stage
--------------------+---------------------+--------------+--------------------+-----------+----------------------
 00:00:34(00:00:46) |  00:00:00(00:00:00) |   0.0(  0.0) |    7:19:09 (May25) |  776.3 MB | PBS_Generic-Start
--------------------+---------------------+--------------+--------------------+-----------+----------------------
 00:11:28(00:12:06) |  00:10:54(00:11:20) |  98.8( 98.7) |    7:30:29 (May25) |   2.26 GB | PBS_Generic_Opt-Post
--------------------+---------------------+--------------+--------------------+-----------+----------------------
 00:11:30(00:12:08) |  00:00:02(00:00:02) |   0.3(  0.3) |    7:30:31 (May25) |   2.26 GB | PBS_Generic-Postgen HBO Optimizations
--------------------+---------------------+--------------+--------------------+-----------+----------------------
 00:11:36(00:12:15) |  00:00:06(00:00:07) |   0.9(  1.0) |    7:30:38 (May25) |   2.22 GB | PBS_TechMap-Start
--------------------+---------------------+--------------+--------------------+-----------+----------------------
Number of threads: 1 * 1   (id: pbs_debug, time_info v1.57)
Info: (*N*) indicates data that was populated from previously saved time_info database
Info: CPU time includes time of parent + longest thread
PBS_TechMap-Premap HBO Optimizations - Elapsed_Time 2, CPU_Time 3.0
stamp 'PBS_TechMap-Premap HBO Optimizations' being created for table 'pbs_debug'

  Total Time (Wall) |  Stage Time (Wall)  |   % (Wall)   |    Date - Time     |  Memory   | Stage
--------------------+---------------------+--------------+--------------------+-----------+----------------------
 00:00:34(00:00:46) |  00:00:00(00:00:00) |   0.0(  0.0) |    7:19:09 (May25) |  776.3 MB | PBS_Generic-Start
--------------------+---------------------+--------------+--------------------+-----------+----------------------
 00:11:28(00:12:06) |  00:10:54(00:11:20) |  98.3( 98.4) |    7:30:29 (May25) |   2.26 GB | PBS_Generic_Opt-Post
--------------------+---------------------+--------------+--------------------+-----------+----------------------
 00:11:30(00:12:08) |  00:00:02(00:00:02) |   0.3(  0.3) |    7:30:31 (May25) |   2.26 GB | PBS_Generic-Postgen HBO Optimizations
--------------------+---------------------+--------------+--------------------+-----------+----------------------
 00:11:36(00:12:15) |  00:00:06(00:00:07) |   0.9(  1.0) |    7:30:38 (May25) |   2.22 GB | PBS_TechMap-Start
--------------------+---------------------+--------------+--------------------+-----------+----------------------
 00:11:39(00:12:17) |  00:00:03(00:00:02) |   0.5(  0.3) |    7:30:40 (May25) |   2.22 GB | PBS_TechMap-Premap HBO Optimizations
--------------------+---------------------+--------------+--------------------+-----------+----------------------
Number of threads: 1 * 1   (id: pbs_debug, time_info v1.57)
Info: (*N*) indicates data that was populated from previously saved time_info database
Info: CPU time includes time of parent + longest thread
Info    : Partition Based Synthesis execution skipped. [PHYS-752]
        : Design size is less than the partition threshold '300000' for distributed mapping optimization to kick in.
Current PLE settings:

Aspect ratio        : 1.000
Shrink factor       : 1.000
Scale of res/length : 1.000
Scale of cap/length : 1.000
Net derating factor : 1.000
Thermal factor      : 1.000
Via Resistance      : 1.137 ohm (from lef_library)
Site size           : 2.000 um (from lef [tech+cell])

                                   Capacitance    
  Layer                             / Length           Data source:
Name        Direction Utilization  (pF/micron)         lef_library
--------------------------------------------------
M1              H         0.00        0.000192    
M2              V         1.00        0.000179    
M3              H         1.00        0.000179    
M4              V         1.00        0.000179    
M5              H         1.00        0.000179    
M6              V         1.00        0.000179    
M7              H         1.00        0.000184    
M8              V         1.00        0.000208    
M9              H         1.00        0.000217    
AP              V         1.00        0.000302 ** 

** = 'AP' is dropped because its width (3) is too large (threshold 2)

                                    Resistance     
  Layer                              / Length           Data source:
Name        Direction Utilization  (ohm/micron)         lef_library
---------------------------------------------------
M1              H         0.00         1.777778    
M2              V         1.00         1.399000    
M3              H         1.00         1.399000    
M4              V         1.00         1.399000    
M5              H         1.00         1.399000    
M6              V         1.00         1.399000    
M7              H         1.00         1.399000    
M8              V         1.00         0.054500    
M9              H         1.00         0.054500    
AP              V         1.00         0.007000 ** 

** = 'AP' is dropped because its width (3) is too large (threshold 2)

                                        Area       
  Layer                               / Length          Data source:
Name        Direction Utilization     (micron)          lef_library
---------------------------------------------------
M1              H         0.00         0.090000    
M2              V         1.00         0.100000    
M3              H         1.00         0.100000    
M4              V         1.00         0.100000    
M5              H         1.00         0.100000    
M6              V         1.00         0.100000    
M7              H         1.00         0.100000    
M8              V         1.00         0.400000    
M9              H         1.00         0.400000    
AP              V         1.00         3.000000 ** 

** = 'AP' is dropped because its width (3) is too large (threshold 2)

Mapper: Libraries have:
	domain _default_: 441 combo usable cells and 280 sequential usable cells
Updating ST server settings
Updating ST server settings
        Distributing super-thread jobs: cb_seq_17548 cb_seq_17544 cb_part_17564
          Sending 'cb_seq_17548' to server 'localhost_1_0'...
            Sent 'cb_seq_17548' to server 'localhost_1_0'.
          Received 'cb_seq_17548' from server 'localhost_1_0'. (2139 ms elapsed)
          Sending 'cb_seq_17544' to server 'localhost_1_0'...
            Sent 'cb_seq_17544' to server 'localhost_1_0'.
          Received 'cb_seq_17544' from server 'localhost_1_0'. (1115 ms elapsed)
          Sending 'cb_part_17564' to server 'localhost_1_0'...
            Sent 'cb_part_17564' to server 'localhost_1_0'.
          Received 'cb_part_17564' from server 'localhost_1_0'. (946 ms elapsed)
        Distributing super-thread jobs: arith_shift_right_vlog_signed_rtlopto_model_166 csa_tree_5639 arith_shift_right_vlog_signed_1311_rtlopto_model_138 shift_left_vlog_unsigned_277 addsub_unsigned_450 arith_shift_right_vlog_signed_955 cb_part_17563 cb_part_17561 cb_part cb_part_17559 cb_part_17555 cb_part_17553 cb_part_17557 cb_part_17551 add_unsigned_73_6_3970 add_unsigned_73_6 increment_unsigned_393_1983 increment_unsigned_393_1983_3899 add_unsigned_3471
          Sending 'arith_shift_right_vlog_signed_rtlopto_model_166' to server 'localhost_1_0'...
            Sent 'arith_shift_right_vlog_signed_rtlopto_model_166' to server 'localhost_1_0'.
          Received 'arith_shift_right_vlog_signed_rtlopto_model_166' from server 'localhost_1_0'. (572 ms elapsed)
          Sending 'csa_tree_5639' to server 'localhost_1_0'...
            Sent 'csa_tree_5639' to server 'localhost_1_0'.
          Received 'csa_tree_5639' from server 'localhost_1_0'. (515 ms elapsed)
          Sending 'arith_shift_right_vlog_signed_1311_rtlopto_model_138' to server 'localhost_1_0'...
            Sent 'arith_shift_right_vlog_signed_1311_rtlopto_model_138' to server 'localhost_1_0'.
          Received 'arith_shift_right_vlog_signed_1311_rtlopto_model_138' from server 'localhost_1_0'. (209 ms elapsed)
          Sending 'shift_left_vlog_unsigned_277' to server 'localhost_1_0'...
            Sent 'shift_left_vlog_unsigned_277' to server 'localhost_1_0'.
          Received 'shift_left_vlog_unsigned_277' from server 'localhost_1_0'. (196 ms elapsed)
          Sending 'addsub_unsigned_450' to server 'localhost_1_0'...
            Sent 'addsub_unsigned_450' to server 'localhost_1_0'.
          Received 'addsub_unsigned_450' from server 'localhost_1_0'. (258 ms elapsed)
          Sending 'arith_shift_right_vlog_signed_955' to server 'localhost_1_0'...
            Sent 'arith_shift_right_vlog_signed_955' to server 'localhost_1_0'.
          Received 'arith_shift_right_vlog_signed_955' from server 'localhost_1_0'. (174 ms elapsed)
          Sending 'cb_part_17563' to server 'localhost_1_0'...
            Sent 'cb_part_17563' to server 'localhost_1_0'.
          Received 'cb_part_17563' from server 'localhost_1_0'. (183 ms elapsed)
          Sending 'cb_part_17561' to server 'localhost_1_0'...
            Sent 'cb_part_17561' to server 'localhost_1_0'.
          Received 'cb_part_17561' from server 'localhost_1_0'. (224 ms elapsed)
          Sending 'cb_part' to server 'localhost_1_0'...
            Sent 'cb_part' to server 'localhost_1_0'.
          Received 'cb_part' from server 'localhost_1_0'. (226 ms elapsed)
          Sending 'cb_part_17559' to server 'localhost_1_0'...
            Sent 'cb_part_17559' to server 'localhost_1_0'.
          Received 'cb_part_17559' from server 'localhost_1_0'. (223 ms elapsed)
          Sending 'cb_part_17555' to server 'localhost_1_0'...
            Sent 'cb_part_17555' to server 'localhost_1_0'.
          Received 'cb_part_17555' from server 'localhost_1_0'. (222 ms elapsed)
          Sending 'cb_part_17553' to server 'localhost_1_0'...
            Sent 'cb_part_17553' to server 'localhost_1_0'.
          Received 'cb_part_17553' from server 'localhost_1_0'. (224 ms elapsed)
          Sending 'cb_part_17557' to server 'localhost_1_0'...
            Sent 'cb_part_17557' to server 'localhost_1_0'.
          Received 'cb_part_17557' from server 'localhost_1_0'. (223 ms elapsed)
          Sending 'cb_part_17551' to server 'localhost_1_0'...
            Sent 'cb_part_17551' to server 'localhost_1_0'.
          Received 'cb_part_17551' from server 'localhost_1_0'. (222 ms elapsed)
          Sending 'add_unsigned_73_6_3970' to server 'localhost_1_0'...
            Sent 'add_unsigned_73_6_3970' to server 'localhost_1_0'.
          Received 'add_unsigned_73_6_3970' from server 'localhost_1_0'. (206 ms elapsed)
          Sending 'add_unsigned_73_6' to server 'localhost_1_0'...
            Sent 'add_unsigned_73_6' to server 'localhost_1_0'.
          Received 'add_unsigned_73_6' from server 'localhost_1_0'. (200 ms elapsed)
          Sending 'increment_unsigned_393_1983' to server 'localhost_1_0'...
            Sent 'increment_unsigned_393_1983' to server 'localhost_1_0'.
          Received 'increment_unsigned_393_1983' from server 'localhost_1_0'. (215 ms elapsed)
          Sending 'increment_unsigned_393_1983_3899' to server 'localhost_1_0'...
            Sent 'increment_unsigned_393_1983_3899' to server 'localhost_1_0'.
          Received 'increment_unsigned_393_1983_3899' from server 'localhost_1_0'. (216 ms elapsed)
          Sending 'add_unsigned_3471' to server 'localhost_1_0'...
            Sent 'add_unsigned_3471' to server 'localhost_1_0'.
          Received 'add_unsigned_3471' from server 'localhost_1_0'. (111 ms elapsed)
        Distributing super-thread jobs: csa_tree_decoder_acc_inst_pe_array_PE7_requantizer0_add_43_32_group_52 csa_tree_decoder_acc_inst_pe_array_PE6_requantizer0_add_43_32_group_54 csa_tree_decoder_acc_inst_pe_array_PE0_requantizer0_add_43_32_group_66 csa_tree_decoder_acc_inst_pe_array_PE1_requantizer0_add_43_32_group_64 csa_tree_decoder_acc_inst_pe_array_PE3_requantizer0_add_43_32_group_60 csa_tree_decoder_acc_inst_pe_array_PE2_requantizer0_add_43_32_group_62 csa_tree_decoder_acc_inst_pe_array_PE5_requantizer0_add_43_32_group_56 csa_tree_decoder_acc_inst_pe_array_PE4_requantizer0_add_43_32_group_58 cb_seq_17542 cb_part_17580 counter_width16_restart_behav1 counter_width12_restart_behav1
          Sending 'csa_tree_decoder_acc_inst_pe_array_PE7_requantizer0_add_43_32_group_52' to server 'localhost_1_0'...
            Sent 'csa_tree_decoder_acc_inst_pe_array_PE7_requantizer0_add_43_32_group_52' to server 'localhost_1_0'.
          Received 'csa_tree_decoder_acc_inst_pe_array_PE7_requantizer0_add_43_32_group_52' from server 'localhost_1_0'. (6043 ms elapsed)
          Sending 'csa_tree_decoder_acc_inst_pe_array_PE6_requantizer0_add_43_32_group_54' to server 'localhost_1_0'...
            Sent 'csa_tree_decoder_acc_inst_pe_array_PE6_requantizer0_add_43_32_group_54' to server 'localhost_1_0'.
          Received 'csa_tree_decoder_acc_inst_pe_array_PE6_requantizer0_add_43_32_group_54' from server 'localhost_1_0'. (6084 ms elapsed)
          Sending 'csa_tree_decoder_acc_inst_pe_array_PE0_requantizer0_add_43_32_group_66' to server 'localhost_1_0'...
            Sent 'csa_tree_decoder_acc_inst_pe_array_PE0_requantizer0_add_43_32_group_66' to server 'localhost_1_0'.
          Received 'csa_tree_decoder_acc_inst_pe_array_PE0_requantizer0_add_43_32_group_66' from server 'localhost_1_0'. (6066 ms elapsed)
          Sending 'csa_tree_decoder_acc_inst_pe_array_PE1_requantizer0_add_43_32_group_64' to server 'localhost_1_0'...
            Sent 'csa_tree_decoder_acc_inst_pe_array_PE1_requantizer0_add_43_32_group_64' to server 'localhost_1_0'.
          Received 'csa_tree_decoder_acc_inst_pe_array_PE1_requantizer0_add_43_32_group_64' from server 'localhost_1_0'. (6073 ms elapsed)
          Sending 'csa_tree_decoder_acc_inst_pe_array_PE3_requantizer0_add_43_32_group_60' to server 'localhost_1_0'...
            Sent 'csa_tree_decoder_acc_inst_pe_array_PE3_requantizer0_add_43_32_group_60' to server 'localhost_1_0'.
          Received 'csa_tree_decoder_acc_inst_pe_array_PE3_requantizer0_add_43_32_group_60' from server 'localhost_1_0'. (6079 ms elapsed)
          Sending 'csa_tree_decoder_acc_inst_pe_array_PE2_requantizer0_add_43_32_group_62' to server 'localhost_1_0'...
            Sent 'csa_tree_decoder_acc_inst_pe_array_PE2_requantizer0_add_43_32_group_62' to server 'localhost_1_0'.
          Received 'csa_tree_decoder_acc_inst_pe_array_PE2_requantizer0_add_43_32_group_62' from server 'localhost_1_0'. (6071 ms elapsed)
          Sending 'csa_tree_decoder_acc_inst_pe_array_PE5_requantizer0_add_43_32_group_56' to server 'localhost_1_0'...
            Sent 'csa_tree_decoder_acc_inst_pe_array_PE5_requantizer0_add_43_32_group_56' to server 'localhost_1_0'.
          Received 'csa_tree_decoder_acc_inst_pe_array_PE5_requantizer0_add_43_32_group_56' from server 'localhost_1_0'. (6057 ms elapsed)
          Sending 'csa_tree_decoder_acc_inst_pe_array_PE4_requantizer0_add_43_32_group_58' to server 'localhost_1_0'...
            Sent 'csa_tree_decoder_acc_inst_pe_array_PE4_requantizer0_add_43_32_group_58' to server 'localhost_1_0'.
          Received 'csa_tree_decoder_acc_inst_pe_array_PE4_requantizer0_add_43_32_group_58' from server 'localhost_1_0'. (6071 ms elapsed)
          Sending 'cb_seq_17542' to server 'localhost_1_0'...
            Sent 'cb_seq_17542' to server 'localhost_1_0'.
          Received 'cb_seq_17542' from server 'localhost_1_0'. (793 ms elapsed)
          Sending 'cb_part_17580' to server 'localhost_1_0'...
            Sent 'cb_part_17580' to server 'localhost_1_0'.
          Received 'cb_part_17580' from server 'localhost_1_0'. (1033 ms elapsed)
          Sending 'counter_width16_restart_behav1' to server 'localhost_1_0'...
            Sent 'counter_width16_restart_behav1' to server 'localhost_1_0'.
          Received 'counter_width16_restart_behav1' from server 'localhost_1_0'. (385 ms elapsed)
          Sending 'counter_width12_restart_behav1' to server 'localhost_1_0'...
            Sent 'counter_width12_restart_behav1' to server 'localhost_1_0'.
          Received 'counter_width12_restart_behav1' from server 'localhost_1_0'. (302 ms elapsed)
        Distributing super-thread jobs: arith_shift_right_vlog_signed_4957 arith_shift_right_vlog_signed_4957_17385 cb_oseq_17547 add_unsigned_73_6_3971
          Sending 'arith_shift_right_vlog_signed_4957' to server 'localhost_1_0'...
            Sent 'arith_shift_right_vlog_signed_4957' to server 'localhost_1_0'.
          Received 'arith_shift_right_vlog_signed_4957' from server 'localhost_1_0'. (517 ms elapsed)
          Sending 'arith_shift_right_vlog_signed_4957_17385' to server 'localhost_1_0'...
            Sent 'arith_shift_right_vlog_signed_4957_17385' to server 'localhost_1_0'.
          Received 'arith_shift_right_vlog_signed_4957_17385' from server 'localhost_1_0'. (514 ms elapsed)
          Sending 'cb_oseq_17547' to server 'localhost_1_0'...
            Sent 'cb_oseq_17547' to server 'localhost_1_0'.
          Received 'cb_oseq_17547' from server 'localhost_1_0'. (348 ms elapsed)
          Sending 'add_unsigned_73_6_3971' to server 'localhost_1_0'...
            Sent 'add_unsigned_73_6_3971' to server 'localhost_1_0'.
          Received 'add_unsigned_73_6_3971' from server 'localhost_1_0'. (179 ms elapsed)
        Distributing super-thread jobs: add_signed_3361 add_signed_3361_17391 add_signed_3361_17389 increment_unsigned_12580_12710_3976 increment_unsigned_12580_12710
          Sending 'add_signed_3361' to server 'localhost_1_0'...
            Sent 'add_signed_3361' to server 'localhost_1_0'.
          Received 'add_signed_3361' from server 'localhost_1_0'. (218 ms elapsed)
          Sending 'add_signed_3361_17391' to server 'localhost_1_0'...
            Sent 'add_signed_3361_17391' to server 'localhost_1_0'.
          Received 'add_signed_3361_17391' from server 'localhost_1_0'. (216 ms elapsed)
          Sending 'add_signed_3361_17389' to server 'localhost_1_0'...
            Sent 'add_signed_3361_17389' to server 'localhost_1_0'.
          Received 'add_signed_3361_17389' from server 'localhost_1_0'. (215 ms elapsed)
          Sending 'increment_unsigned_12580_12710_3976' to server 'localhost_1_0'...
            Sent 'increment_unsigned_12580_12710_3976' to server 'localhost_1_0'.
          Received 'increment_unsigned_12580_12710_3976' from server 'localhost_1_0'. (109 ms elapsed)
          Sending 'increment_unsigned_12580_12710' to server 'localhost_1_0'...
            Sent 'increment_unsigned_12580_12710' to server 'localhost_1_0'.
          Received 'increment_unsigned_12580_12710' from server 'localhost_1_0'. (109 ms elapsed)
        Distributing super-thread jobs: cb_part_17564 cb_seq_17546
          Sending 'cb_part_17564' to server 'localhost_1_0'...
            Sent 'cb_part_17564' to server 'localhost_1_0'.
          Received 'cb_part_17564' from server 'localhost_1_0'. (12683 ms elapsed)
          Sending 'cb_seq_17546' to server 'localhost_1_0'...
            Sent 'cb_seq_17546' to server 'localhost_1_0'.
          Received 'cb_seq_17546' from server 'localhost_1_0'. (1106 ms elapsed)
        Distributing super-thread jobs: cb_seq_17544 csa_tree_decoder_acc_inst_rms_norm_req_inst_add_39_32_group_8 mult_unsigned mult_signed_3659 csa_tree_decoder_acc_inst_u_sigmoid_add_52_42_group_6 csa_tree_21491 square_signed_13812_13814 square_signed_13229 csa_tree_ADD_UNS_OP_group_16 add_signed_2449_8 counter_width10_restart_behav0 cb_oseq_17541
          Sending 'cb_seq_17544' to server 'localhost_1_0'...
            Sent 'cb_seq_17544' to server 'localhost_1_0'.
          Received 'cb_seq_17544' from server 'localhost_1_0'. (20379 ms elapsed)
          Sending 'csa_tree_decoder_acc_inst_rms_norm_req_inst_add_39_32_group_8' to server 'localhost_1_0'...
            Sent 'csa_tree_decoder_acc_inst_rms_norm_req_inst_add_39_32_group_8' to server 'localhost_1_0'.
          Received 'csa_tree_decoder_acc_inst_rms_norm_req_inst_add_39_32_group_8' from server 'localhost_1_0'. (6675 ms elapsed)
          Sending 'mult_unsigned' to server 'localhost_1_0'...
            Sent 'mult_unsigned' to server 'localhost_1_0'.
          Received 'mult_unsigned' from server 'localhost_1_0'. (2112 ms elapsed)
          Sending 'mult_signed_3659' to server 'localhost_1_0'...
            Sent 'mult_signed_3659' to server 'localhost_1_0'.
          Received 'mult_signed_3659' from server 'localhost_1_0'. (1939 ms elapsed)
          Sending 'csa_tree_decoder_acc_inst_u_sigmoid_add_52_42_group_6' to server 'localhost_1_0'...
            Sent 'csa_tree_decoder_acc_inst_u_sigmoid_add_52_42_group_6' to server 'localhost_1_0'.
          Received 'csa_tree_decoder_acc_inst_u_sigmoid_add_52_42_group_6' from server 'localhost_1_0'. (1107 ms elapsed)
          Sending 'csa_tree_21491' to server 'localhost_1_0'...
            Sent 'csa_tree_21491' to server 'localhost_1_0'.
          Received 'csa_tree_21491' from server 'localhost_1_0'. (1506 ms elapsed)
          Sending 'square_signed_13812_13814' to server 'localhost_1_0'...
            Sent 'square_signed_13812_13814' to server 'localhost_1_0'.
          Received 'square_signed_13812_13814' from server 'localhost_1_0'. (611 ms elapsed)
          Sending 'square_signed_13229' to server 'localhost_1_0'...
            Sent 'square_signed_13229' to server 'localhost_1_0'.
          Received 'square_signed_13229' from server 'localhost_1_0'. (545 ms elapsed)
          Sending 'csa_tree_ADD_UNS_OP_group_16' to server 'localhost_1_0'...
            Sent 'csa_tree_ADD_UNS_OP_group_16' to server 'localhost_1_0'.
          Received 'csa_tree_ADD_UNS_OP_group_16' from server 'localhost_1_0'. (417 ms elapsed)
          Sending 'add_signed_2449_8' to server 'localhost_1_0'...
            Sent 'add_signed_2449_8' to server 'localhost_1_0'.
          Received 'add_signed_2449_8' from server 'localhost_1_0'. (222 ms elapsed)
          Sending 'counter_width10_restart_behav0' to server 'localhost_1_0'...
            Sent 'counter_width10_restart_behav0' to server 'localhost_1_0'.
          Received 'counter_width10_restart_behav0' from server 'localhost_1_0'. (210 ms elapsed)
          Sending 'cb_oseq_17541' to server 'localhost_1_0'...
            Sent 'cb_oseq_17541' to server 'localhost_1_0'.
          Received 'cb_oseq_17541' from server 'localhost_1_0'. (192 ms elapsed)
        Distributing super-thread jobs: arith_shift_right_vlog_signed_2414 shift_left_vlog_unsigned_1841_rtlopto_model_175 mux_ctl_0x_17503 mux_ctl_0x_17509 mux_ctl_0x_17512 mux_ctl_0x_17497 mux_ctl_0x_17518 mux_ctl_0x_17506 mux_ctl_0x_17515 mux_ctl_0x_17500 mux_ctl_0x_17505 mux_ctl_0x_17514 mux_ctl_0x_17511 mux_ctl_0x_17502 mux_ctl_0x_17517 mux_ctl_0x_17499 mux_ctl_0x mux_ctl_0x_17508
          Sending 'arith_shift_right_vlog_signed_2414' to server 'localhost_1_0'...
            Sent 'arith_shift_right_vlog_signed_2414' to server 'localhost_1_0'.
          Received 'arith_shift_right_vlog_signed_2414' from server 'localhost_1_0'. (544 ms elapsed)
          Sending 'shift_left_vlog_unsigned_1841_rtlopto_model_175' to server 'localhost_1_0'...
            Sent 'shift_left_vlog_unsigned_1841_rtlopto_model_175' to server 'localhost_1_0'.
          Received 'shift_left_vlog_unsigned_1841_rtlopto_model_175' from server 'localhost_1_0'. (152 ms elapsed)
          Sending 'mux_ctl_0x_17503' to server 'localhost_1_0'...
            Sent 'mux_ctl_0x_17503' to server 'localhost_1_0'.
          Received 'mux_ctl_0x_17503' from server 'localhost_1_0'. (144 ms elapsed)
          Sending 'mux_ctl_0x_17509' to server 'localhost_1_0'...
            Sent 'mux_ctl_0x_17509' to server 'localhost_1_0'.
          Received 'mux_ctl_0x_17509' from server 'localhost_1_0'. (144 ms elapsed)
          Sending 'mux_ctl_0x_17512' to server 'localhost_1_0'...
            Sent 'mux_ctl_0x_17512' to server 'localhost_1_0'.
          Received 'mux_ctl_0x_17512' from server 'localhost_1_0'. (186 ms elapsed)
          Sending 'mux_ctl_0x_17497' to server 'localhost_1_0'...
            Sent 'mux_ctl_0x_17497' to server 'localhost_1_0'.
          Received 'mux_ctl_0x_17497' from server 'localhost_1_0'. (186 ms elapsed)
          Sending 'mux_ctl_0x_17518' to server 'localhost_1_0'...
            Sent 'mux_ctl_0x_17518' to server 'localhost_1_0'.
          Received 'mux_ctl_0x_17518' from server 'localhost_1_0'. (186 ms elapsed)
          Sending 'mux_ctl_0x_17506' to server 'localhost_1_0'...
            Sent 'mux_ctl_0x_17506' to server 'localhost_1_0'.
          Received 'mux_ctl_0x_17506' from server 'localhost_1_0'. (184 ms elapsed)
          Sending 'mux_ctl_0x_17515' to server 'localhost_1_0'...
            Sent 'mux_ctl_0x_17515' to server 'localhost_1_0'.
          Received 'mux_ctl_0x_17515' from server 'localhost_1_0'. (185 ms elapsed)
          Sending 'mux_ctl_0x_17500' to server 'localhost_1_0'...
            Sent 'mux_ctl_0x_17500' to server 'localhost_1_0'.
          Received 'mux_ctl_0x_17500' from server 'localhost_1_0'. (184 ms elapsed)
          Sending 'mux_ctl_0x_17505' to server 'localhost_1_0'...
            Sent 'mux_ctl_0x_17505' to server 'localhost_1_0'.
          Received 'mux_ctl_0x_17505' from server 'localhost_1_0'. (184 ms elapsed)
          Sending 'mux_ctl_0x_17514' to server 'localhost_1_0'...
            Sent 'mux_ctl_0x_17514' to server 'localhost_1_0'.
          Received 'mux_ctl_0x_17514' from server 'localhost_1_0'. (189 ms elapsed)
          Sending 'mux_ctl_0x_17511' to server 'localhost_1_0'...
            Sent 'mux_ctl_0x_17511' to server 'localhost_1_0'.
          Received 'mux_ctl_0x_17511' from server 'localhost_1_0'. (186 ms elapsed)
          Sending 'mux_ctl_0x_17502' to server 'localhost_1_0'...
            Sent 'mux_ctl_0x_17502' to server 'localhost_1_0'.
          Received 'mux_ctl_0x_17502' from server 'localhost_1_0'. (185 ms elapsed)
          Sending 'mux_ctl_0x_17517' to server 'localhost_1_0'...
            Sent 'mux_ctl_0x_17517' to server 'localhost_1_0'.
          Received 'mux_ctl_0x_17517' from server 'localhost_1_0'. (184 ms elapsed)
          Sending 'mux_ctl_0x_17499' to server 'localhost_1_0'...
            Sent 'mux_ctl_0x_17499' to server 'localhost_1_0'.
          Received 'mux_ctl_0x_17499' from server 'localhost_1_0'. (185 ms elapsed)
          Sending 'mux_ctl_0x' to server 'localhost_1_0'...
            Sent 'mux_ctl_0x' to server 'localhost_1_0'.
          Received 'mux_ctl_0x' from server 'localhost_1_0'. (185 ms elapsed)
          Sending 'mux_ctl_0x_17508' to server 'localhost_1_0'...
            Sent 'mux_ctl_0x_17508' to server 'localhost_1_0'.
          Received 'mux_ctl_0x_17508' from server 'localhost_1_0'. (184 ms elapsed)
        Distributing super-thread jobs: add_signed_carry_21638 add_signed_3201 cb_seq_17540
          Sending 'add_signed_carry_21638' to server 'localhost_1_0'...
            Sent 'add_signed_carry_21638' to server 'localhost_1_0'.
          Received 'add_signed_carry_21638' from server 'localhost_1_0'. (211 ms elapsed)
          Sending 'add_signed_3201' to server 'localhost_1_0'...
            Sent 'add_signed_3201' to server 'localhost_1_0'.
          Received 'add_signed_3201' from server 'localhost_1_0'. (226 ms elapsed)
          Sending 'cb_seq_17540' to server 'localhost_1_0'...
            Sent 'cb_seq_17540' to server 'localhost_1_0'.
          Received 'cb_seq_17540' from server 'localhost_1_0'. (242 ms elapsed)
        Distributing super-thread jobs: cb_seq_17548
          Sending 'cb_seq_17548' to server 'localhost_1_0'...
            Sent 'cb_seq_17548' to server 'localhost_1_0'.
          Received 'cb_seq_17548' from server 'localhost_1_0'. (40653 ms elapsed)
 
Global mapping target info
==========================
Cost Group 'clk_16mhz' target slack:   210 ps
Target path end-point (Port: hardware/qspi_sck)

        Distributing super-thread jobs: cb_seq_17548
          Sending 'cb_seq_17548' to server 'localhost_1_0'...
            Sent 'cb_seq_17548' to server 'localhost_1_0'.
          Received 'cb_seq_17548' from server 'localhost_1_0'. (114536 ms elapsed)
        Distributing super-thread jobs: cb_seq_17540
          Sending 'cb_seq_17540' to server 'localhost_1_0'...
            Sent 'cb_seq_17540' to server 'localhost_1_0'.
          Received 'cb_seq_17540' from server 'localhost_1_0'. (475 ms elapsed)
        Distributing super-thread jobs: add_signed_carry_21638 add_signed_3201
          Sending 'add_signed_carry_21638' to server 'localhost_1_0'...
            Sent 'add_signed_carry_21638' to server 'localhost_1_0'.
          Received 'add_signed_carry_21638' from server 'localhost_1_0'. (1180 ms elapsed)
          Sending 'add_signed_3201' to server 'localhost_1_0'...
            Sent 'add_signed_3201' to server 'localhost_1_0'.
          Received 'add_signed_3201' from server 'localhost_1_0'. (1600 ms elapsed)
        Distributing super-thread jobs: arith_shift_right_vlog_signed_2414 shift_left_vlog_unsigned_1841_rtlopto_model_175 mux_ctl_0x_17503 mux_ctl_0x_17518 mux_ctl_0x_17497 mux_ctl_0x_17506 mux_ctl_0x_17515 mux_ctl_0x_17509 mux_ctl_0x_17500 mux_ctl_0x_17512 mux_ctl_0x_17508 mux_ctl_0x_17511 mux_ctl_0x mux_ctl_0x_17517 mux_ctl_0x_17499 mux_ctl_0x_17502 mux_ctl_0x_17505 mux_ctl_0x_17514
          Sending 'arith_shift_right_vlog_signed_2414' to server 'localhost_1_0'...
            Sent 'arith_shift_right_vlog_signed_2414' to server 'localhost_1_0'.
          Received 'arith_shift_right_vlog_signed_2414' from server 'localhost_1_0'. (4974 ms elapsed)
          Sending 'shift_left_vlog_unsigned_1841_rtlopto_model_175' to server 'localhost_1_0'...
            Sent 'shift_left_vlog_unsigned_1841_rtlopto_model_175' to server 'localhost_1_0'.
          Received 'shift_left_vlog_unsigned_1841_rtlopto_model_175' from server 'localhost_1_0'. (1068 ms elapsed)
          Sending 'mux_ctl_0x_17503' to server 'localhost_1_0'...
            Sent 'mux_ctl_0x_17503' to server 'localhost_1_0'.
          Received 'mux_ctl_0x_17503' from server 'localhost_1_0'. (232 ms elapsed)
          Sending 'mux_ctl_0x_17518' to server 'localhost_1_0'...
            Sent 'mux_ctl_0x_17518' to server 'localhost_1_0'.
          Received 'mux_ctl_0x_17518' from server 'localhost_1_0'. (232 ms elapsed)
          Sending 'mux_ctl_0x_17497' to server 'localhost_1_0'...
            Sent 'mux_ctl_0x_17497' to server 'localhost_1_0'.
          Received 'mux_ctl_0x_17497' from server 'localhost_1_0'. (232 ms elapsed)
          Sending 'mux_ctl_0x_17506' to server 'localhost_1_0'...
            Sent 'mux_ctl_0x_17506' to server 'localhost_1_0'.
          Received 'mux_ctl_0x_17506' from server 'localhost_1_0'. (231 ms elapsed)
          Sending 'mux_ctl_0x_17515' to server 'localhost_1_0'...
            Sent 'mux_ctl_0x_17515' to server 'localhost_1_0'.
          Received 'mux_ctl_0x_17515' from server 'localhost_1_0'. (231 ms elapsed)
          Sending 'mux_ctl_0x_17509' to server 'localhost_1_0'...
            Sent 'mux_ctl_0x_17509' to server 'localhost_1_0'.
          Received 'mux_ctl_0x_17509' from server 'localhost_1_0'. (231 ms elapsed)
          Sending 'mux_ctl_0x_17500' to server 'localhost_1_0'...
            Sent 'mux_ctl_0x_17500' to server 'localhost_1_0'.
          Received 'mux_ctl_0x_17500' from server 'localhost_1_0'. (231 ms elapsed)
          Sending 'mux_ctl_0x_17512' to server 'localhost_1_0'...
            Sent 'mux_ctl_0x_17512' to server 'localhost_1_0'.
          Received 'mux_ctl_0x_17512' from server 'localhost_1_0'. (231 ms elapsed)
          Sending 'mux_ctl_0x_17508' to server 'localhost_1_0'...
            Sent 'mux_ctl_0x_17508' to server 'localhost_1_0'.
          Received 'mux_ctl_0x_17508' from server 'localhost_1_0'. (233 ms elapsed)
          Sending 'mux_ctl_0x_17511' to server 'localhost_1_0'...
            Sent 'mux_ctl_0x_17511' to server 'localhost_1_0'.
          Received 'mux_ctl_0x_17511' from server 'localhost_1_0'. (234 ms elapsed)
          Sending 'mux_ctl_0x' to server 'localhost_1_0'...
            Sent 'mux_ctl_0x' to server 'localhost_1_0'.
          Received 'mux_ctl_0x' from server 'localhost_1_0'. (233 ms elapsed)
          Sending 'mux_ctl_0x_17517' to server 'localhost_1_0'...
            Sent 'mux_ctl_0x_17517' to server 'localhost_1_0'.
          Received 'mux_ctl_0x_17517' from server 'localhost_1_0'. (232 ms elapsed)
          Sending 'mux_ctl_0x_17499' to server 'localhost_1_0'...
            Sent 'mux_ctl_0x_17499' to server 'localhost_1_0'.
          Received 'mux_ctl_0x_17499' from server 'localhost_1_0'. (233 ms elapsed)
          Sending 'mux_ctl_0x_17502' to server 'localhost_1_0'...
            Sent 'mux_ctl_0x_17502' to server 'localhost_1_0'.
          Received 'mux_ctl_0x_17502' from server 'localhost_1_0'. (233 ms elapsed)
          Sending 'mux_ctl_0x_17505' to server 'localhost_1_0'...
            Sent 'mux_ctl_0x_17505' to server 'localhost_1_0'.
          Received 'mux_ctl_0x_17505' from server 'localhost_1_0'. (234 ms elapsed)
          Sending 'mux_ctl_0x_17514' to server 'localhost_1_0'...
            Sent 'mux_ctl_0x_17514' to server 'localhost_1_0'.
          Received 'mux_ctl_0x_17514' from server 'localhost_1_0'. (233 ms elapsed)
        Distributing super-thread jobs: cb_seq_17544 counter_width10_restart_behav0
          Sending 'cb_seq_17544' to server 'localhost_1_0'...
            Sent 'cb_seq_17544' to server 'localhost_1_0'.
          Received 'cb_seq_17544' from server 'localhost_1_0'. (62580 ms elapsed)
          Sending 'counter_width10_restart_behav0' to server 'localhost_1_0'...
            Sent 'counter_width10_restart_behav0' to server 'localhost_1_0'.
          Received 'counter_width10_restart_behav0' from server 'localhost_1_0'. (369 ms elapsed)
        Distributing super-thread jobs: csa_tree_decoder_acc_inst_rms_norm_req_inst_add_39_32_group_8 mult_unsigned mult_signed_3659 csa_tree_decoder_acc_inst_u_sigmoid_add_52_42_group_6 csa_tree_21491 square_signed_13812_13814 square_signed_13229 csa_tree_ADD_UNS_OP_group_16 add_signed_2449_8 cb_oseq_17541
          Sending 'csa_tree_decoder_acc_inst_rms_norm_req_inst_add_39_32_group_8' to server 'localhost_1_0'...
            Sent 'csa_tree_decoder_acc_inst_rms_norm_req_inst_add_39_32_group_8' to server 'localhost_1_0'.
          Received 'csa_tree_decoder_acc_inst_rms_norm_req_inst_add_39_32_group_8' from server 'localhost_1_0'. (103707 ms elapsed)
          Sending 'mult_unsigned' to server 'localhost_1_0'...
            Sent 'mult_unsigned' to server 'localhost_1_0'.
          Received 'mult_unsigned' from server 'localhost_1_0'. (24288 ms elapsed)
          Sending 'mult_signed_3659' to server 'localhost_1_0'...
            Sent 'mult_signed_3659' to server 'localhost_1_0'.
          Received 'mult_signed_3659' from server 'localhost_1_0'. (23106 ms elapsed)
          Sending 'csa_tree_decoder_acc_inst_u_sigmoid_add_52_42_group_6' to server 'localhost_1_0'...
            Sent 'csa_tree_decoder_acc_inst_u_sigmoid_add_52_42_group_6' to server 'localhost_1_0'.
          Received 'csa_tree_decoder_acc_inst_u_sigmoid_add_52_42_group_6' from server 'localhost_1_0'. (21950 ms elapsed)
          Sending 'csa_tree_21491' to server 'localhost_1_0'...
            Sent 'csa_tree_21491' to server 'localhost_1_0'.
          Received 'csa_tree_21491' from server 'localhost_1_0'. (4094 ms elapsed)
          Sending 'square_signed_13812_13814' to server 'localhost_1_0'...
            Sent 'square_signed_13812_13814' to server 'localhost_1_0'.
          Received 'square_signed_13812_13814' from server 'localhost_1_0'. (3292 ms elapsed)
          Sending 'square_signed_13229' to server 'localhost_1_0'...
            Sent 'square_signed_13229' to server 'localhost_1_0'.
          Received 'square_signed_13229' from server 'localhost_1_0'. (3126 ms elapsed)
          Sending 'csa_tree_ADD_UNS_OP_group_16' to server 'localhost_1_0'...
            Sent 'csa_tree_ADD_UNS_OP_group_16' to server 'localhost_1_0'.
          Received 'csa_tree_ADD_UNS_OP_group_16' from server 'localhost_1_0'. (3165 ms elapsed)
          Sending 'add_signed_2449_8' to server 'localhost_1_0'...
            Sent 'add_signed_2449_8' to server 'localhost_1_0'.
          Received 'add_signed_2449_8' from server 'localhost_1_0'. (955 ms elapsed)
          Sending 'cb_oseq_17541' to server 'localhost_1_0'...
            Sent 'cb_oseq_17541' to server 'localhost_1_0'.
          Received 'cb_oseq_17541' from server 'localhost_1_0'. (236 ms elapsed)
        Distributing super-thread jobs: cb_seq_17546
          Sending 'cb_seq_17546' to server 'localhost_1_0'...
            Sent 'cb_seq_17546' to server 'localhost_1_0'.
          Received 'cb_seq_17546' from server 'localhost_1_0'. (1935 ms elapsed)
        Distributing super-thread jobs: cb_part_17564
          Sending 'cb_part_17564' to server 'localhost_1_0'...
            Sent 'cb_part_17564' to server 'localhost_1_0'.
          Received 'cb_part_17564' from server 'localhost_1_0'. (21106 ms elapsed)
        Distributing super-thread jobs: add_signed_3361 add_signed_3361_17388 add_signed_3361_17393 add_signed_3361_17389 add_signed_3361_17387 add_signed_3361_17392 add_signed_3361_17391 add_signed_3361_17390 increment_unsigned_12580_12710_3976 increment_unsigned_12580_12710
          Sending 'add_signed_3361' to server 'localhost_1_0'...
            Sent 'add_signed_3361' to server 'localhost_1_0'.
          Received 'add_signed_3361' from server 'localhost_1_0'. (1520 ms elapsed)
          Sending 'add_signed_3361_17388' to server 'localhost_1_0'...
            Sent 'add_signed_3361_17388' to server 'localhost_1_0'.
          Received 'add_signed_3361_17388' from server 'localhost_1_0'. (1514 ms elapsed)
          Sending 'add_signed_3361_17393' to server 'localhost_1_0'...
            Sent 'add_signed_3361_17393' to server 'localhost_1_0'.
          Received 'add_signed_3361_17393' from server 'localhost_1_0'. (1513 ms elapsed)
          Sending 'add_signed_3361_17389' to server 'localhost_1_0'...
            Sent 'add_signed_3361_17389' to server 'localhost_1_0'.
          Received 'add_signed_3361_17389' from server 'localhost_1_0'. (1517 ms elapsed)
          Sending 'add_signed_3361_17387' to server 'localhost_1_0'...
            Sent 'add_signed_3361_17387' to server 'localhost_1_0'.
          Received 'add_signed_3361_17387' from server 'localhost_1_0'. (1514 ms elapsed)
          Sending 'add_signed_3361_17392' to server 'localhost_1_0'...
            Sent 'add_signed_3361_17392' to server 'localhost_1_0'.
          Received 'add_signed_3361_17392' from server 'localhost_1_0'. (1515 ms elapsed)
          Sending 'add_signed_3361_17391' to server 'localhost_1_0'...
            Sent 'add_signed_3361_17391' to server 'localhost_1_0'.
          Received 'add_signed_3361_17391' from server 'localhost_1_0'. (1522 ms elapsed)
          Sending 'add_signed_3361_17390' to server 'localhost_1_0'...
            Sent 'add_signed_3361_17390' to server 'localhost_1_0'.
          Received 'add_signed_3361_17390' from server 'localhost_1_0'. (1515 ms elapsed)
          Sending 'increment_unsigned_12580_12710_3976' to server 'localhost_1_0'...
            Sent 'increment_unsigned_12580_12710_3976' to server 'localhost_1_0'.
          Received 'increment_unsigned_12580_12710_3976' from server 'localhost_1_0'. (561 ms elapsed)
          Sending 'increment_unsigned_12580_12710' to server 'localhost_1_0'...
            Sent 'increment_unsigned_12580_12710' to server 'localhost_1_0'.
          Received 'increment_unsigned_12580_12710' from server 'localhost_1_0'. (561 ms elapsed)
        Distributing super-thread jobs: arith_shift_right_vlog_signed_4957_17385 arith_shift_right_vlog_signed_4957 arith_shift_right_vlog_signed_4957_17384 arith_shift_right_vlog_signed_4957_17382 cb_oseq_17547 add_unsigned_73_6_3971
          Sending 'arith_shift_right_vlog_signed_4957_17385' to server 'localhost_1_0'...
            Sent 'arith_shift_right_vlog_signed_4957_17385' to server 'localhost_1_0'.
          Received 'arith_shift_right_vlog_signed_4957_17385' from server 'localhost_1_0'. (4663 ms elapsed)
          Sending 'arith_shift_right_vlog_signed_4957' to server 'localhost_1_0'...
            Sent 'arith_shift_right_vlog_signed_4957' to server 'localhost_1_0'.
          Received 'arith_shift_right_vlog_signed_4957' from server 'localhost_1_0'. (4670 ms elapsed)
          Sending 'arith_shift_right_vlog_signed_4957_17384' to server 'localhost_1_0'...
            Sent 'arith_shift_right_vlog_signed_4957_17384' to server 'localhost_1_0'.
          Received 'arith_shift_right_vlog_signed_4957_17384' from server 'localhost_1_0'. (4665 ms elapsed)
          Sending 'arith_shift_right_vlog_signed_4957_17382' to server 'localhost_1_0'...
            Sent 'arith_shift_right_vlog_signed_4957_17382' to server 'localhost_1_0'.
          Received 'arith_shift_right_vlog_signed_4957_17382' from server 'localhost_1_0'. (4663 ms elapsed)
          Sending 'cb_oseq_17547' to server 'localhost_1_0'...
            Sent 'cb_oseq_17547' to server 'localhost_1_0'.
          Received 'cb_oseq_17547' from server 'localhost_1_0'. (609 ms elapsed)
          Sending 'add_unsigned_73_6_3971' to server 'localhost_1_0'...
            Sent 'add_unsigned_73_6_3971' to server 'localhost_1_0'.
          Received 'add_unsigned_73_6_3971' from server 'localhost_1_0'. (751 ms elapsed)
        Distributing super-thread jobs: cb_seq_17542 counter_width16_restart_behav1 counter_width12_restart_behav1
          Sending 'cb_seq_17542' to server 'localhost_1_0'...
            Sent 'cb_seq_17542' to server 'localhost_1_0'.
          Received 'cb_seq_17542' from server 'localhost_1_0'. (2137 ms elapsed)
          Sending 'counter_width16_restart_behav1' to server 'localhost_1_0'...
            Sent 'counter_width16_restart_behav1' to server 'localhost_1_0'.
          Received 'counter_width16_restart_behav1' from server 'localhost_1_0'. (734 ms elapsed)
          Sending 'counter_width12_restart_behav1' to server 'localhost_1_0'...
            Sent 'counter_width12_restart_behav1' to server 'localhost_1_0'.
          Received 'counter_width12_restart_behav1' from server 'localhost_1_0'. (588 ms elapsed)
        Distributing super-thread jobs: csa_tree_decoder_acc_inst_pe_array_PE0_requantizer0_add_43_32_group_66 csa_tree_decoder_acc_inst_pe_array_PE1_requantizer0_add_43_32_group_64 csa_tree_decoder_acc_inst_pe_array_PE2_requantizer0_add_43_32_group_62 csa_tree_decoder_acc_inst_pe_array_PE3_requantizer0_add_43_32_group_60 csa_tree_decoder_acc_inst_pe_array_PE6_requantizer0_add_43_32_group_54 csa_tree_decoder_acc_inst_pe_array_PE4_requantizer0_add_43_32_group_58 csa_tree_decoder_acc_inst_pe_array_PE5_requantizer0_add_43_32_group_56 csa_tree_decoder_acc_inst_pe_array_PE7_requantizer0_add_43_32_group_52 cb_part_17580
          Sending 'csa_tree_decoder_acc_inst_pe_array_PE0_requantizer0_add_43_32_group_66' to server 'localhost_1_0'...
            Sent 'csa_tree_decoder_acc_inst_pe_array_PE0_requantizer0_add_43_32_group_66' to server 'localhost_1_0'.
          Received 'csa_tree_decoder_acc_inst_pe_array_PE0_requantizer0_add_43_32_group_66' from server 'localhost_1_0'. (93806 ms elapsed)
          Sending 'csa_tree_decoder_acc_inst_pe_array_PE1_requantizer0_add_43_32_group_64' to server 'localhost_1_0'...
            Sent 'csa_tree_decoder_acc_inst_pe_array_PE1_requantizer0_add_43_32_group_64' to server 'localhost_1_0'.
          Received 'csa_tree_decoder_acc_inst_pe_array_PE1_requantizer0_add_43_32_group_64' from server 'localhost_1_0'. (57809 ms elapsed)
          Sending 'csa_tree_decoder_acc_inst_pe_array_PE2_requantizer0_add_43_32_group_62' to server 'localhost_1_0'...
            Sent 'csa_tree_decoder_acc_inst_pe_array_PE2_requantizer0_add_43_32_group_62' to server 'localhost_1_0'.
          Received 'csa_tree_decoder_acc_inst_pe_array_PE2_requantizer0_add_43_32_group_62' from server 'localhost_1_0'. (93819 ms elapsed)
          Sending 'csa_tree_decoder_acc_inst_pe_array_PE3_requantizer0_add_43_32_group_60' to server 'localhost_1_0'...
            Sent 'csa_tree_decoder_acc_inst_pe_array_PE3_requantizer0_add_43_32_group_60' to server 'localhost_1_0'.
          Received 'csa_tree_decoder_acc_inst_pe_array_PE3_requantizer0_add_43_32_group_60' from server 'localhost_1_0'. (57765 ms elapsed)
          Sending 'csa_tree_decoder_acc_inst_pe_array_PE6_requantizer0_add_43_32_group_54' to server 'localhost_1_0'...
            Sent 'csa_tree_decoder_acc_inst_pe_array_PE6_requantizer0_add_43_32_group_54' to server 'localhost_1_0'.
          Received 'csa_tree_decoder_acc_inst_pe_array_PE6_requantizer0_add_43_32_group_54' from server 'localhost_1_0'. (57853 ms elapsed)
          Sending 'csa_tree_decoder_acc_inst_pe_array_PE4_requantizer0_add_43_32_group_58' to server 'localhost_1_0'...
            Sent 'csa_tree_decoder_acc_inst_pe_array_PE4_requantizer0_add_43_32_group_58' to server 'localhost_1_0'.
          Received 'csa_tree_decoder_acc_inst_pe_array_PE4_requantizer0_add_43_32_group_58' from server 'localhost_1_0'. (93756 ms elapsed)
          Sending 'csa_tree_decoder_acc_inst_pe_array_PE5_requantizer0_add_43_32_group_56' to server 'localhost_1_0'...
            Sent 'csa_tree_decoder_acc_inst_pe_array_PE5_requantizer0_add_43_32_group_56' to server 'localhost_1_0'.
          Received 'csa_tree_decoder_acc_inst_pe_array_PE5_requantizer0_add_43_32_group_56' from server 'localhost_1_0'. (93767 ms elapsed)
          Sending 'csa_tree_decoder_acc_inst_pe_array_PE7_requantizer0_add_43_32_group_52' to server 'localhost_1_0'...
            Sent 'csa_tree_decoder_acc_inst_pe_array_PE7_requantizer0_add_43_32_group_52' to server 'localhost_1_0'.
          Received 'csa_tree_decoder_acc_inst_pe_array_PE7_requantizer0_add_43_32_group_52' from server 'localhost_1_0'. (57931 ms elapsed)
          Sending 'cb_part_17580' to server 'localhost_1_0'...
            Sent 'cb_part_17580' to server 'localhost_1_0'.
          Received 'cb_part_17580' from server 'localhost_1_0'. (1779 ms elapsed)
        Distributing super-thread jobs: arith_shift_right_vlog_signed_rtlopto_model_166 csa_tree_5639 arith_shift_right_vlog_signed_1311_rtlopto_model_138 shift_left_vlog_unsigned_277 addsub_unsigned_450 arith_shift_right_vlog_signed_955 cb_part cb_part_17559 cb_part_17555 cb_part_17561 cb_part_17551 cb_part_17553 cb_part_17557 cb_part_17563 add_unsigned_73_6 add_unsigned_73_6_3970 increment_unsigned_393_1983_3899 increment_unsigned_393_1983 add_unsigned_3471
          Sending 'arith_shift_right_vlog_signed_rtlopto_model_166' to server 'localhost_1_0'...
            Sent 'arith_shift_right_vlog_signed_rtlopto_model_166' to server 'localhost_1_0'.
          Received 'arith_shift_right_vlog_signed_rtlopto_model_166' from server 'localhost_1_0'. (2579 ms elapsed)
          Sending 'csa_tree_5639' to server 'localhost_1_0'...
            Sent 'csa_tree_5639' to server 'localhost_1_0'.
          Received 'csa_tree_5639' from server 'localhost_1_0'. (1391 ms elapsed)
          Sending 'arith_shift_right_vlog_signed_1311_rtlopto_model_138' to server 'localhost_1_0'...
            Sent 'arith_shift_right_vlog_signed_1311_rtlopto_model_138' to server 'localhost_1_0'.
          Received 'arith_shift_right_vlog_signed_1311_rtlopto_model_138' from server 'localhost_1_0'. (1674 ms elapsed)
          Sending 'shift_left_vlog_unsigned_277' to server 'localhost_1_0'...
            Sent 'shift_left_vlog_unsigned_277' to server 'localhost_1_0'.
          Received 'shift_left_vlog_unsigned_277' from server 'localhost_1_0'. (1520 ms elapsed)
          Sending 'addsub_unsigned_450' to server 'localhost_1_0'...
            Sent 'addsub_unsigned_450' to server 'localhost_1_0'.
          Received 'addsub_unsigned_450' from server 'localhost_1_0'. (1254 ms elapsed)
          Sending 'arith_shift_right_vlog_signed_955' to server 'localhost_1_0'...
            Sent 'arith_shift_right_vlog_signed_955' to server 'localhost_1_0'.
          Received 'arith_shift_right_vlog_signed_955' from server 'localhost_1_0'. (1303 ms elapsed)
          Sending 'cb_part' to server 'localhost_1_0'...
            Sent 'cb_part' to server 'localhost_1_0'.
          Received 'cb_part' from server 'localhost_1_0'. (527 ms elapsed)
          Sending 'cb_part_17559' to server 'localhost_1_0'...
            Sent 'cb_part_17559' to server 'localhost_1_0'.
          Received 'cb_part_17559' from server 'localhost_1_0'. (523 ms elapsed)
          Sending 'cb_part_17555' to server 'localhost_1_0'...
            Sent 'cb_part_17555' to server 'localhost_1_0'.
          Received 'cb_part_17555' from server 'localhost_1_0'. (522 ms elapsed)
          Sending 'cb_part_17561' to server 'localhost_1_0'...
            Sent 'cb_part_17561' to server 'localhost_1_0'.
          Received 'cb_part_17561' from server 'localhost_1_0'. (523 ms elapsed)
          Sending 'cb_part_17551' to server 'localhost_1_0'...
            Sent 'cb_part_17551' to server 'localhost_1_0'.
          Received 'cb_part_17551' from server 'localhost_1_0'. (524 ms elapsed)
          Sending 'cb_part_17553' to server 'localhost_1_0'...
            Sent 'cb_part_17553' to server 'localhost_1_0'.
          Received 'cb_part_17553' from server 'localhost_1_0'. (525 ms elapsed)
          Sending 'cb_part_17557' to server 'localhost_1_0'...
            Sent 'cb_part_17557' to server 'localhost_1_0'.
          Received 'cb_part_17557' from server 'localhost_1_0'. (522 ms elapsed)
          Sending 'cb_part_17563' to server 'localhost_1_0'...
            Sent 'cb_part_17563' to server 'localhost_1_0'.
          Received 'cb_part_17563' from server 'localhost_1_0'. (523 ms elapsed)
          Sending 'add_unsigned_73_6' to server 'localhost_1_0'...
            Sent 'add_unsigned_73_6' to server 'localhost_1_0'.
          Received 'add_unsigned_73_6' from server 'localhost_1_0'. (862 ms elapsed)
          Sending 'add_unsigned_73_6_3970' to server 'localhost_1_0'...
            Sent 'add_unsigned_73_6_3970' to server 'localhost_1_0'.
          Received 'add_unsigned_73_6_3970' from server 'localhost_1_0'. (873 ms elapsed)
          Sending 'increment_unsigned_393_1983_3899' to server 'localhost_1_0'...
            Sent 'increment_unsigned_393_1983_3899' to server 'localhost_1_0'.
          Received 'increment_unsigned_393_1983_3899' from server 'localhost_1_0'. (1115 ms elapsed)
          Sending 'increment_unsigned_393_1983' to server 'localhost_1_0'...
            Sent 'increment_unsigned_393_1983' to server 'localhost_1_0'.
          Received 'increment_unsigned_393_1983' from server 'localhost_1_0'. (1114 ms elapsed)
          Sending 'add_unsigned_3471' to server 'localhost_1_0'...
            Sent 'add_unsigned_3471' to server 'localhost_1_0'.
          Received 'add_unsigned_3471' from server 'localhost_1_0'. (644 ms elapsed)
 
Global mapping status
=====================
                                   Group   
                                  Tot Wrst 
                           Total  Weighted 
Operation                   Area   Slacks  
 global_map              1613591        0 

    Cost Group            Target    Slack    Diff.  Constr.
-----------------------------------------------------------
     clk_16mhz               210     4103             20000 

 
Global incremental target info
==============================
Cost Group 'clk_16mhz' target slack:   339 ps
Target path end-point (Pin: decoder_acc_inst_pe_array_PE2_relu_out_reg_reg[7]/D (DFQD1HVT/D))

              Distributing super-thread jobs: cb_seq_17548
                Sending 'cb_seq_17548' to server 'localhost_1_0'...
                  Sent 'cb_seq_17548' to server 'localhost_1_0'.
                Received 'cb_seq_17548' from server 'localhost_1_0'. (8649 ms elapsed)
              Distributing super-thread jobs: arith_shift_right_vlog_signed_2414
                Sending 'arith_shift_right_vlog_signed_2414' to server 'localhost_1_0'...
                  Sent 'arith_shift_right_vlog_signed_2414' to server 'localhost_1_0'.
                Received 'arith_shift_right_vlog_signed_2414' from server 'localhost_1_0'. (1109 ms elapsed)
              Distributing super-thread jobs: cb_seq_17544
                Sending 'cb_seq_17544' to server 'localhost_1_0'...
                  Sent 'cb_seq_17544' to server 'localhost_1_0'.
                Received 'cb_seq_17544' from server 'localhost_1_0'. (6035 ms elapsed)
              Distributing super-thread jobs: csa_tree_decoder_acc_inst_rms_norm_req_inst_add_39_32_group_8 mult_unsigned mult_signed_3659 csa_tree_decoder_acc_inst_u_sigmoid_add_52_42_group_6 csa_tree_21491
                Sending 'csa_tree_decoder_acc_inst_rms_norm_req_inst_add_39_32_group_8' to server 'localhost_1_0'...
                  Sent 'csa_tree_decoder_acc_inst_rms_norm_req_inst_add_39_32_group_8' to server 'localhost_1_0'.
                Received 'csa_tree_decoder_acc_inst_rms_norm_req_inst_add_39_32_group_8' from server 'localhost_1_0'. (6896 ms elapsed)
                Sending 'mult_unsigned' to server 'localhost_1_0'...
                  Sent 'mult_unsigned' to server 'localhost_1_0'.
                Received 'mult_unsigned' from server 'localhost_1_0'. (2349 ms elapsed)
                Sending 'mult_signed_3659' to server 'localhost_1_0'...
                  Sent 'mult_signed_3659' to server 'localhost_1_0'.
                Received 'mult_signed_3659' from server 'localhost_1_0'. (1903 ms elapsed)
                Sending 'csa_tree_decoder_acc_inst_u_sigmoid_add_52_42_group_6' to server 'localhost_1_0'...
                  Sent 'csa_tree_decoder_acc_inst_u_sigmoid_add_52_42_group_6' to server 'localhost_1_0'.
                Received 'csa_tree_decoder_acc_inst_u_sigmoid_add_52_42_group_6' from server 'localhost_1_0'. (161 ms elapsed)
                Sending 'csa_tree_21491' to server 'localhost_1_0'...
                  Sent 'csa_tree_21491' to server 'localhost_1_0'.
                Received 'csa_tree_21491' from server 'localhost_1_0'. (201 ms elapsed)
              Distributing super-thread jobs: cb_part_17564
                Sending 'cb_part_17564' to server 'localhost_1_0'...
                  Sent 'cb_part_17564' to server 'localhost_1_0'.
                Received 'cb_part_17564' from server 'localhost_1_0'. (1570 ms elapsed)
              Distributing super-thread jobs: cb_seq_17546
                Sending 'cb_seq_17546' to server 'localhost_1_0'...
                  Sent 'cb_seq_17546' to server 'localhost_1_0'.
                Received 'cb_seq_17546' from server 'localhost_1_0'. (515 ms elapsed)
              Distributing super-thread jobs: arith_shift_right_vlog_signed_4957 arith_shift_right_vlog_signed_4957_17384 arith_shift_right_vlog_signed_4957_17385 arith_shift_right_vlog_signed_4957_17382
                Sending 'arith_shift_right_vlog_signed_4957' to server 'localhost_1_0'...
                  Sent 'arith_shift_right_vlog_signed_4957' to server 'localhost_1_0'.
                Received 'arith_shift_right_vlog_signed_4957' from server 'localhost_1_0'. (886 ms elapsed)
                Sending 'arith_shift_right_vlog_signed_4957_17384' to server 'localhost_1_0'...
                  Sent 'arith_shift_right_vlog_signed_4957_17384' to server 'localhost_1_0'.
                Received 'arith_shift_right_vlog_signed_4957_17384' from server 'localhost_1_0'. (845 ms elapsed)
                Sending 'arith_shift_right_vlog_signed_4957_17385' to server 'localhost_1_0'...
                  Sent 'arith_shift_right_vlog_signed_4957_17385' to server 'localhost_1_0'.
                Received 'arith_shift_right_vlog_signed_4957_17385' from server 'localhost_1_0'. (843 ms elapsed)
                Sending 'arith_shift_right_vlog_signed_4957_17382' to server 'localhost_1_0'...
                  Sent 'arith_shift_right_vlog_signed_4957_17382' to server 'localhost_1_0'.
                Received 'arith_shift_right_vlog_signed_4957_17382' from server 'localhost_1_0'. (845 ms elapsed)
              Distributing super-thread jobs: cb_seq_17542
                Sending 'cb_seq_17542' to server 'localhost_1_0'...
                  Sent 'cb_seq_17542' to server 'localhost_1_0'.
                Received 'cb_seq_17542' from server 'localhost_1_0'. (299 ms elapsed)
              Distributing super-thread jobs: csa_tree_decoder_acc_inst_pe_array_PE1_requantizer0_add_43_32_group_64 csa_tree_decoder_acc_inst_pe_array_PE6_requantizer0_add_43_32_group_54 csa_tree_decoder_acc_inst_pe_array_PE7_requantizer0_add_43_32_group_52 csa_tree_decoder_acc_inst_pe_array_PE3_requantizer0_add_43_32_group_60 csa_tree_decoder_acc_inst_pe_array_PE5_requantizer0_add_43_32_group_56 csa_tree_decoder_acc_inst_pe_array_PE4_requantizer0_add_43_32_group_58 csa_tree_decoder_acc_inst_pe_array_PE0_requantizer0_add_43_32_group_66 csa_tree_decoder_acc_inst_pe_array_PE2_requantizer0_add_43_32_group_62 cb_part_17580 arith_shift_right_vlog_signed_rtlopto_model_166
                Sending 'csa_tree_decoder_acc_inst_pe_array_PE1_requantizer0_add_43_32_group_64' to server 'localhost_1_0'...
                  Sent 'csa_tree_decoder_acc_inst_pe_array_PE1_requantizer0_add_43_32_group_64' to server 'localhost_1_0'.
                Received 'csa_tree_decoder_acc_inst_pe_array_PE1_requantizer0_add_43_32_group_64' from server 'localhost_1_0'. (5921 ms elapsed)
                Sending 'csa_tree_decoder_acc_inst_pe_array_PE6_requantizer0_add_43_32_group_54' to server 'localhost_1_0'...
                  Sent 'csa_tree_decoder_acc_inst_pe_array_PE6_requantizer0_add_43_32_group_54' to server 'localhost_1_0'.
                Received 'csa_tree_decoder_acc_inst_pe_array_PE6_requantizer0_add_43_32_group_54' from server 'localhost_1_0'. (5897 ms elapsed)
                Sending 'csa_tree_decoder_acc_inst_pe_array_PE7_requantizer0_add_43_32_group_52' to server 'localhost_1_0'...
                  Sent 'csa_tree_decoder_acc_inst_pe_array_PE7_requantizer0_add_43_32_group_52' to server 'localhost_1_0'.
                Received 'csa_tree_decoder_acc_inst_pe_array_PE7_requantizer0_add_43_32_group_52' from server 'localhost_1_0'. (5919 ms elapsed)
                Sending 'csa_tree_decoder_acc_inst_pe_array_PE3_requantizer0_add_43_32_group_60' to server 'localhost_1_0'...
                  Sent 'csa_tree_decoder_acc_inst_pe_array_PE3_requantizer0_add_43_32_group_60' to server 'localhost_1_0'.
                Received 'csa_tree_decoder_acc_inst_pe_array_PE3_requantizer0_add_43_32_group_60' from server 'localhost_1_0'. (5915 ms elapsed)
                Sending 'csa_tree_decoder_acc_inst_pe_array_PE5_requantizer0_add_43_32_group_56' to server 'localhost_1_0'...
                  Sent 'csa_tree_decoder_acc_inst_pe_array_PE5_requantizer0_add_43_32_group_56' to server 'localhost_1_0'.
                Received 'csa_tree_decoder_acc_inst_pe_array_PE5_requantizer0_add_43_32_group_56' from server 'localhost_1_0'. (5943 ms elapsed)
                Sending 'csa_tree_decoder_acc_inst_pe_array_PE4_requantizer0_add_43_32_group_58' to server 'localhost_1_0'...
                  Sent 'csa_tree_decoder_acc_inst_pe_array_PE4_requantizer0_add_43_32_group_58' to server 'localhost_1_0'.
                Received 'csa_tree_decoder_acc_inst_pe_array_PE4_requantizer0_add_43_32_group_58' from server 'localhost_1_0'. (5935 ms elapsed)
                Sending 'csa_tree_decoder_acc_inst_pe_array_PE0_requantizer0_add_43_32_group_66' to server 'localhost_1_0'...
                  Sent 'csa_tree_decoder_acc_inst_pe_array_PE0_requantizer0_add_43_32_group_66' to server 'localhost_1_0'.
                Received 'csa_tree_decoder_acc_inst_pe_array_PE0_requantizer0_add_43_32_group_66' from server 'localhost_1_0'. (5993 ms elapsed)
                Sending 'csa_tree_decoder_acc_inst_pe_array_PE2_requantizer0_add_43_32_group_62' to server 'localhost_1_0'...
                  Sent 'csa_tree_decoder_acc_inst_pe_array_PE2_requantizer0_add_43_32_group_62' to server 'localhost_1_0'.
                Received 'csa_tree_decoder_acc_inst_pe_array_PE2_requantizer0_add_43_32_group_62' from server 'localhost_1_0'. (5981 ms elapsed)
                Sending 'cb_part_17580' to server 'localhost_1_0'...
                  Sent 'cb_part_17580' to server 'localhost_1_0'.
                Received 'cb_part_17580' from server 'localhost_1_0'. (431 ms elapsed)
                Sending 'arith_shift_right_vlog_signed_rtlopto_model_166' to server 'localhost_1_0'...
                  Sent 'arith_shift_right_vlog_signed_rtlopto_model_166' to server 'localhost_1_0'.
                Received 'arith_shift_right_vlog_signed_rtlopto_model_166' from server 'localhost_1_0'. (280 ms elapsed)
==================================
Stage : global_incr_map 
==================================
  =================
   Message Summary
  =================
----------------------------------------------------------------------------
|    Id    |Sev  |Count |                  Message Text                    |
----------------------------------------------------------------------------
| PA-7     |Info |  190 |Resetting power analysis results.                 |
|          |     |      |All computed switching activities are removed.    |
| PHYS-752 |Info |    1 |Partition Based Synthesis execution skipped.      |
| SYNTH-2  |Info |    1 |Done synthesizing.                                |
| SYNTH-4  |Info |    1 |Mapping.                                          |
| TIM-501  |Info |    1 |Resetting the break_timing_paths attribute of a   |
|          |     |      | pin removes exceptions set on the pin.           |
|          |     |      | break_timing_paths attribute has default value   |
|          |     |      | of false and can be reset to other values either |
|          |     |      | false or clock_gating depends on the enable      |
|          |     |      | signal.                                          |
|          |     |      |Do the analysis and apply the case analysis on    |
|          |     |      | the pin whether you want to break the timing     |
|          |     |      | paths or not                                     |
| TUI-58   |Info |    1 |Removed object.                                   |
----------------------------------------------------------------------------
 
Global incremental optimization status
======================================
                                   Group   
                                  Tot Wrst 
                           Total  Weighted 
Operation                   Area   Slacks  
 global_incr             1553052        0 

    Cost Group            Target    Slack    Diff.  Constr.
-----------------------------------------------------------
     clk_16mhz               339     4034             20000 


+-----------+-----------+-----+----------------------+---------------------------+
|   Host    |  Machine  | CPU | Physical Memory (MB) | Peak Physical Memory (MB) |
+-----------+-----------+-----+----------------------+---------------------------+
| localhost | localhost |  1  |        2253.5        |          2270.4           |
+-----------+-----------+-----+----------------------+---------------------------+

+---------------+----------------------+---------------------------+
|    Server     | Physical Memory (MB) | Peak Physical Memory (MB) |
+---------------+----------------------+---------------------------+
| localhost_1_0 |        586.3         |           608.0           |
+---------------+----------------------+---------------------------+

Info    : Using '2' number of super-threading servers using the attribute 'super_thread_servers' could have
          saved '566' more seconds during global map.
Info    : Using '3' number of super-threading servers using the attribute 'super_thread_servers' could have
          saved '709' more seconds during global map.
Info    : Using '5' number of super-threading servers using the attribute 'super_thread_servers' could have
          saved '804' more seconds during global map.
Info    : Using '8' number of super-threading servers using the attribute 'super_thread_servers' could have
          saved '876' more seconds during global map.

State Retention Synthesis Status
================================

Category                        Flops   Percentage
--------------------------------------------------
Total instances                  9472        100.0
Excluded from State Retention    9472        100.0
    - Will not convert           9472        100.0
      - Preserved                   0          0.0
      - Power intent excluded    9472        100.0
    - Could not convert             0          0.0
      - Scan type                   0          0.0
      - No suitable cell            0          0.0
State Retention instances           0          0.0
--------------------------------------------------

INFO: skipping constant propagation
PBS_Techmap-Global Mapping - Elapsed_Time 1392, CPU_Time 1378.9348139999997
stamp 'PBS_Techmap-Global Mapping' being created for table 'pbs_debug'

  Total Time (Wall) |  Stage Time (Wall)  |   % (Wall)   |    Date - Time     |  Memory   | Stage
--------------------+---------------------+--------------+--------------------+-----------+----------------------
 00:00:34(00:00:46) |  00:00:00(00:00:00) |   0.0(  0.0) |    7:19:09 (May25) |  776.3 MB | PBS_Generic-Start
--------------------+---------------------+--------------+--------------------+-----------+----------------------
 00:11:28(00:12:06) |  00:10:54(00:11:20) |  32.0( 32.6) |    7:30:29 (May25) |   2.26 GB | PBS_Generic_Opt-Post
--------------------+---------------------+--------------+--------------------+-----------+----------------------
 00:11:30(00:12:08) |  00:00:02(00:00:02) |   0.1(  0.1) |    7:30:31 (May25) |   2.26 GB | PBS_Generic-Postgen HBO Optimizations
--------------------+---------------------+--------------+--------------------+-----------+----------------------
 00:11:36(00:12:15) |  00:00:06(00:00:07) |   0.3(  0.3) |    7:30:38 (May25) |   2.22 GB | PBS_TechMap-Start
--------------------+---------------------+--------------+--------------------+-----------+----------------------
 00:11:39(00:12:17) |  00:00:03(00:00:02) |   0.1(  0.1) |    7:30:40 (May25) |   2.22 GB | PBS_TechMap-Premap HBO Optimizations
--------------------+---------------------+--------------+--------------------+-----------+----------------------
 00:34:38(00:35:29) |  00:22:58(00:23:12) |  67.4( 66.8) |    7:53:52 (May25) |   2.25 GB | PBS_Techmap-Global Mapping
--------------------+---------------------+--------------+--------------------+-----------+----------------------
Number of threads: 1 * 1   (id: pbs_debug, time_info v1.57)
Info: (*N*) indicates data that was populated from previously saved time_info database
Info: CPU time includes time of parent + longest thread
Warning : Command 'commit_power_intent' cannot proceed as there is no power intent loaded. [CPI-506]
        : Command 'commit_power_intent' requires a valid power_intent to be loaded.
Info    : Wrote formal verification information. [CFM-5]
        : Wrote 'fv/hardware/fv_map.fv.json' for netlist 'fv/hardware/fv_map.v.gz'.
Info    : Existing dofile found. Copied as fv/hardware/rtl_to_fv_map.do~.
Info    : Wrote dofile. [CFM-1]
        : Dofile is 'fv/hardware/rtl_to_fv_map.do'.
        : Alias mapping flow is enabled.
PBS_TechMap-Datapath Postmap Operations - Elapsed_Time 8, CPU_Time 7.0
stamp 'PBS_TechMap-Datapath Postmap Operations' being created for table 'pbs_debug'

  Total Time (Wall) |  Stage Time (Wall)  |   % (Wall)   |    Date - Time     |  Memory   | Stage
--------------------+---------------------+--------------+--------------------+-----------+----------------------
 00:00:34(00:00:46) |  00:00:00(00:00:00) |   0.0(  0.0) |    7:19:09 (May25) |  776.3 MB | PBS_Generic-Start
--------------------+---------------------+--------------+--------------------+-----------+----------------------
 00:11:28(00:12:06) |  00:10:54(00:11:20) |  31.9( 32.5) |    7:30:29 (May25) |   2.26 GB | PBS_Generic_Opt-Post
--------------------+---------------------+--------------+--------------------+-----------+----------------------
 00:11:30(00:12:08) |  00:00:02(00:00:02) |   0.1(  0.1) |    7:30:31 (May25) |   2.26 GB | PBS_Generic-Postgen HBO Optimizations
--------------------+---------------------+--------------+--------------------+-----------+----------------------
 00:11:36(00:12:15) |  00:00:06(00:00:07) |   0.3(  0.3) |    7:30:38 (May25) |   2.22 GB | PBS_TechMap-Start
--------------------+---------------------+--------------+--------------------+-----------+----------------------
 00:11:39(00:12:17) |  00:00:03(00:00:02) |   0.1(  0.1) |    7:30:40 (May25) |   2.22 GB | PBS_TechMap-Premap HBO Optimizations
--------------------+---------------------+--------------+--------------------+-----------+----------------------
 00:34:38(00:35:29) |  00:22:58(00:23:12) |  67.2( 66.6) |    7:53:52 (May25) |   2.25 GB | PBS_Techmap-Global Mapping
--------------------+---------------------+--------------+--------------------+-----------+----------------------
 00:34:45(00:35:37) |  00:00:07(00:00:08) |   0.3(  0.4) |    7:54:00 (May25) |   2.25 GB | PBS_TechMap-Datapath Postmap Operations
--------------------+---------------------+--------------+--------------------+-----------+----------------------
Number of threads: 1 * 1   (id: pbs_debug, time_info v1.57)
Info: (*N*) indicates data that was populated from previously saved time_info database
Info: CPU time includes time of parent + longest thread
PBS_TechMap-Postmap HBO Optimizations - Elapsed_Time 1, CPU_Time 2.0
stamp 'PBS_TechMap-Postmap HBO Optimizations' being created for table 'pbs_debug'

  Total Time (Wall) |  Stage Time (Wall)  |   % (Wall)   |    Date - Time     |  Memory   | Stage
--------------------+---------------------+--------------+--------------------+-----------+----------------------
 00:00:34(00:00:46) |  00:00:00(00:00:00) |   0.0(  0.0) |    7:19:09 (May25) |  776.3 MB | PBS_Generic-Start
--------------------+---------------------+--------------+--------------------+-----------+----------------------
 00:11:28(00:12:06) |  00:10:54(00:11:20) |  31.9( 32.5) |    7:30:29 (May25) |   2.26 GB | PBS_Generic_Opt-Post
--------------------+---------------------+--------------+--------------------+-----------+----------------------
 00:11:30(00:12:08) |  00:00:02(00:00:02) |   0.1(  0.1) |    7:30:31 (May25) |   2.26 GB | PBS_Generic-Postgen HBO Optimizations
--------------------+---------------------+--------------+--------------------+-----------+----------------------
 00:11:36(00:12:15) |  00:00:06(00:00:07) |   0.3(  0.3) |    7:30:38 (May25) |   2.22 GB | PBS_TechMap-Start
--------------------+---------------------+--------------+--------------------+-----------+----------------------
 00:11:39(00:12:17) |  00:00:03(00:00:02) |   0.1(  0.1) |    7:30:40 (May25) |   2.22 GB | PBS_TechMap-Premap HBO Optimizations
--------------------+---------------------+--------------+--------------------+-----------+----------------------
 00:34:38(00:35:29) |  00:22:58(00:23:12) |  67.1( 66.5) |    7:53:52 (May25) |   2.25 GB | PBS_Techmap-Global Mapping
--------------------+---------------------+--------------+--------------------+-----------+----------------------
 00:34:45(00:35:37) |  00:00:07(00:00:08) |   0.3(  0.4) |    7:54:00 (May25) |   2.25 GB | PBS_TechMap-Datapath Postmap Operations
--------------------+---------------------+--------------+--------------------+-----------+----------------------
 00:34:47(00:35:38) |  00:00:02(00:00:01) |   0.1(  0.0) |    7:54:01 (May25) |   2.25 GB | PBS_TechMap-Postmap HBO Optimizations
--------------------+---------------------+--------------+--------------------+-----------+----------------------
Number of threads: 1 * 1   (id: pbs_debug, time_info v1.57)
Info: (*N*) indicates data that was populated from previously saved time_info database
Info: CPU time includes time of parent + longest thread
 Doing ConstProp on /designs/hardware ... 

IOPT-REDREM: Performing redundancy removal: Detected 9 redundant wires. CPU time 0.419 seconds.

Time taken by ConstProp Step: 00:00:02
PBS_TechMap-Postmap Clock Gating - Elapsed_Time 3, CPU_Time 2.0
stamp 'PBS_TechMap-Postmap Clock Gating' being created for table 'pbs_debug'

  Total Time (Wall) |  Stage Time (Wall)  |   % (Wall)   |    Date - Time     |  Memory   | Stage
--------------------+---------------------+--------------+--------------------+-----------+----------------------
 00:00:34(00:00:46) |  00:00:00(00:00:00) |   0.0(  0.0) |    7:19:09 (May25) |  776.3 MB | PBS_Generic-Start
--------------------+---------------------+--------------+--------------------+-----------+----------------------
 00:11:28(00:12:06) |  00:10:54(00:11:20) |  31.9( 32.5) |    7:30:29 (May25) |   2.26 GB | PBS_Generic_Opt-Post
--------------------+---------------------+--------------+--------------------+-----------+----------------------
 00:11:30(00:12:08) |  00:00:02(00:00:02) |   0.1(  0.1) |    7:30:31 (May25) |   2.26 GB | PBS_Generic-Postgen HBO Optimizations
--------------------+---------------------+--------------+--------------------+-----------+----------------------
 00:11:36(00:12:15) |  00:00:06(00:00:07) |   0.3(  0.3) |    7:30:38 (May25) |   2.22 GB | PBS_TechMap-Start
--------------------+---------------------+--------------+--------------------+-----------+----------------------
 00:11:39(00:12:17) |  00:00:03(00:00:02) |   0.1(  0.1) |    7:30:40 (May25) |   2.22 GB | PBS_TechMap-Premap HBO Optimizations
--------------------+---------------------+--------------+--------------------+-----------+----------------------
 00:34:38(00:35:29) |  00:22:58(00:23:12) |  67.1( 66.4) |    7:53:52 (May25) |   2.25 GB | PBS_Techmap-Global Mapping
--------------------+---------------------+--------------+--------------------+-----------+----------------------
 00:34:45(00:35:37) |  00:00:07(00:00:08) |   0.3(  0.4) |    7:54:00 (May25) |   2.25 GB | PBS_TechMap-Datapath Postmap Operations
--------------------+---------------------+--------------+--------------------+-----------+----------------------
 00:34:47(00:35:38) |  00:00:02(00:00:01) |   0.1(  0.0) |    7:54:01 (May25) |   2.25 GB | PBS_TechMap-Postmap HBO Optimizations
--------------------+---------------------+--------------+--------------------+-----------+----------------------
 00:34:49(00:35:41) |  00:00:02(00:00:03) |   0.1(  0.1) |    7:54:04 (May25) |   2.25 GB | PBS_TechMap-Postmap Clock Gating
--------------------+---------------------+--------------+--------------------+-----------+----------------------
Number of threads: 1 * 1   (id: pbs_debug, time_info v1.57)
Info: (*N*) indicates data that was populated from previously saved time_info database
Info: CPU time includes time of parent + longest thread
-------------------------------------------------------------------------------
 hi_fo_buf               1553032        0         0         0        0      103

           Trick     Calls     Accepts   Attempts    Time(secs) 
-----------------------------------------------------------
       hi_fo_buf         0  (        0 /        0 )  0.00

 
Incremental optimization status
===============================
                                   Group   
                                  Tot Wrst     Total - - - - DRC Totals - - - -
                           Total  Weighted      Neg      Max       Max     Max  
Operation                   Area   Slacks      Slack    Trans      Cap   Fanout 
 init_delay              1553032        0         0         0        0      103

           Trick     Calls     Accepts   Attempts    Time(secs) 
-----------------------------------------------------------
       crit_upsz         0  (        0 /        0 )  0.00
    plc_bal_star         0  (        0 /        0 )  0.00
     drc_buftimb         0  (        0 /        0 )  0.00
          plc_st         0  (        0 /        0 )  0.00
    plc_st_fence         0  (        0 /        0 )  0.00
        plc_star         0  (        0 /        0 )  0.00
      plc_laf_st         0  (        0 /        0 )  0.00
 plc_laf_st_fence         0  (        0 /        0 )  0.00
     drc_buftims         0  (        0 /        0 )  0.00
            fopt         0  (        0 /        0 )  0.00
   plc_laf_lo_st         0  (        0 /        0 )  0.00
       plc_lo_st         0  (        0 /        0 )  0.00
        mb_split         0  (        0 /        0 )  0.00

 
Local TNS optimization status
=============================
                                   Group   
                                  Tot Wrst     Total - - - - DRC Totals - - - -
                           Total  Weighted      Neg      Max       Max     Max  
Operation                   Area   Slacks      Slack    Trans      Cap   Fanout 
 init_tns                1553032        0         0         0        0      103

           Trick     Calls     Accepts   Attempts    Time(secs) 
-----------------------------------------------------------
    plc_bal_star         0  (        0 /        0 )  0.00
     drc_buftimb         0  (        0 /        0 )  0.00
     drc_buftims         0  (        0 /        0 )  0.00
       crit_upsz         0  (        0 /        0 )  0.00
   plc_laf_lo_st         0  (        0 /        0 )  0.00
       plc_lo_st         0  (        0 /        0 )  0.00
            fopt         0  (        0 /        0 )  0.00
       crit_dnsz         0  (        0 /        0 )  0.00
             dup         0  (        0 /        0 )  0.00
        setup_dn         0  (        0 /        0 )  0.00
        mb_split         0  (        0 /        0 )  0.00

PBS_TechMap-Postmap Cleanup - Elapsed_Time 3, CPU_Time 3.0
stamp 'PBS_TechMap-Postmap Cleanup' being created for table 'pbs_debug'

  Total Time (Wall) |  Stage Time (Wall)  |   % (Wall)   |    Date - Time     |  Memory   | Stage
--------------------+---------------------+--------------+--------------------+-----------+----------------------
 00:00:34(00:00:46) |  00:00:00(00:00:00) |   0.0(  0.0) |    7:19:09 (May25) |  776.3 MB | PBS_Generic-Start
--------------------+---------------------+--------------+--------------------+-----------+----------------------
 00:11:28(00:12:06) |  00:10:54(00:11:20) |  31.8( 32.4) |    7:30:29 (May25) |   2.26 GB | PBS_Generic_Opt-Post
--------------------+---------------------+--------------+--------------------+-----------+----------------------
 00:11:30(00:12:08) |  00:00:02(00:00:02) |   0.1(  0.1) |    7:30:31 (May25) |   2.26 GB | PBS_Generic-Postgen HBO Optimizations
--------------------+---------------------+--------------+--------------------+-----------+----------------------
 00:11:36(00:12:15) |  00:00:06(00:00:07) |   0.3(  0.3) |    7:30:38 (May25) |   2.22 GB | PBS_TechMap-Start
--------------------+---------------------+--------------+--------------------+-----------+----------------------
 00:11:39(00:12:17) |  00:00:03(00:00:02) |   0.1(  0.1) |    7:30:40 (May25) |   2.22 GB | PBS_TechMap-Premap HBO Optimizations
--------------------+---------------------+--------------+--------------------+-----------+----------------------
 00:34:38(00:35:29) |  00:22:58(00:23:12) |  67.0( 66.3) |    7:53:52 (May25) |   2.25 GB | PBS_Techmap-Global Mapping
--------------------+---------------------+--------------+--------------------+-----------+----------------------
 00:34:45(00:35:37) |  00:00:07(00:00:08) |   0.3(  0.4) |    7:54:00 (May25) |   2.25 GB | PBS_TechMap-Datapath Postmap Operations
--------------------+---------------------+--------------+--------------------+-----------+----------------------
 00:34:47(00:35:38) |  00:00:02(00:00:01) |   0.1(  0.0) |    7:54:01 (May25) |   2.25 GB | PBS_TechMap-Postmap HBO Optimizations
--------------------+---------------------+--------------+--------------------+-----------+----------------------
 00:34:49(00:35:41) |  00:00:02(00:00:03) |   0.1(  0.1) |    7:54:04 (May25) |   2.25 GB | PBS_TechMap-Postmap Clock Gating
--------------------+---------------------+--------------+--------------------+-----------+----------------------
 00:34:52(00:35:44) |  00:00:03(00:00:03) |   0.1(  0.1) |    7:54:07 (May25) |   2.25 GB | PBS_TechMap-Postmap Cleanup
--------------------+---------------------+--------------+--------------------+-----------+----------------------
Number of threads: 1 * 1   (id: pbs_debug, time_info v1.57)
Info: (*N*) indicates data that was populated from previously saved time_info database
Info: CPU time includes time of parent + longest thread
PBS_Techmap-Post_MBCI - Elapsed_Time 0, CPU_Time 0.0
stamp 'PBS_Techmap-Post_MBCI' being created for table 'pbs_debug'

  Total Time (Wall) |  Stage Time (Wall)  |   % (Wall)   |    Date - Time     |  Memory   | Stage
--------------------+---------------------+--------------+--------------------+-----------+----------------------
 00:00:34(00:00:46) |  00:00:00(00:00:00) |   0.0(  0.0) |    7:19:09 (May25) |  776.3 MB | PBS_Generic-Start
--------------------+---------------------+--------------+--------------------+-----------+----------------------
 00:11:28(00:12:06) |  00:10:54(00:11:20) |  31.8( 32.4) |    7:30:29 (May25) |   2.26 GB | PBS_Generic_Opt-Post
--------------------+---------------------+--------------+--------------------+-----------+----------------------
 00:11:30(00:12:08) |  00:00:02(00:00:02) |   0.1(  0.1) |    7:30:31 (May25) |   2.26 GB | PBS_Generic-Postgen HBO Optimizations
--------------------+---------------------+--------------+--------------------+-----------+----------------------
 00:11:36(00:12:15) |  00:00:06(00:00:07) |   0.3(  0.3) |    7:30:38 (May25) |   2.22 GB | PBS_TechMap-Start
--------------------+---------------------+--------------+--------------------+-----------+----------------------
 00:11:39(00:12:17) |  00:00:03(00:00:02) |   0.1(  0.1) |    7:30:40 (May25) |   2.22 GB | PBS_TechMap-Premap HBO Optimizations
--------------------+---------------------+--------------+--------------------+-----------+----------------------
 00:34:38(00:35:29) |  00:22:58(00:23:12) |  67.0( 66.3) |    7:53:52 (May25) |   2.25 GB | PBS_Techmap-Global Mapping
--------------------+---------------------+--------------+--------------------+-----------+----------------------
 00:34:45(00:35:37) |  00:00:07(00:00:08) |   0.3(  0.4) |    7:54:00 (May25) |   2.25 GB | PBS_TechMap-Datapath Postmap Operations
--------------------+---------------------+--------------+--------------------+-----------+----------------------
 00:34:47(00:35:38) |  00:00:02(00:00:01) |   0.1(  0.0) |    7:54:01 (May25) |   2.25 GB | PBS_TechMap-Postmap HBO Optimizations
--------------------+---------------------+--------------+--------------------+-----------+----------------------
 00:34:49(00:35:41) |  00:00:02(00:00:03) |   0.1(  0.1) |    7:54:04 (May25) |   2.25 GB | PBS_TechMap-Postmap Clock Gating
--------------------+---------------------+--------------+--------------------+-----------+----------------------
 00:34:52(00:35:44) |  00:00:03(00:00:03) |   0.1(  0.1) |    7:54:07 (May25) |   2.25 GB | PBS_TechMap-Postmap Cleanup
--------------------+---------------------+--------------+--------------------+-----------+----------------------
 00:34:52(00:35:44) |  00:00:00(00:00:00) |   0.0(  0.0) |    7:54:07 (May25) |   2.25 GB | PBS_Techmap-Post_MBCI
--------------------+---------------------+--------------+--------------------+-----------+----------------------
Number of threads: 1 * 1   (id: pbs_debug, time_info v1.57)
Info: (*N*) indicates data that was populated from previously saved time_info database
Info: CPU time includes time of parent + longest thread
##>=================== Cadence Confidential (Mapping-Logical) ===================
##>Main Thread Summary:
##>----------------------------------------------------------------------------------------
##>STEP                           Elapsed       WNS       TNS     Insts      Area    Memory
##>----------------------------------------------------------------------------------------
##>M:Initial                            1         -         -    212133   1929134      2216
##>M:Pre Cleanup                        0         -         -    212133   1929134      2216
##>M:Setup                              0         -         -         -         -         -
##>M:Launch ST                          0         -         -         -         -         -
##>M:Design Partition                   0         -         -         -         -         -
##>M:Create Partition Netlists          0         -         -         -         -         -
##>M:Init Power                         0         -         -         -         -         -
##>M:Budgeting                          0         -         -         -         -         -
##>M:Derenv-DB                          0         -         -         -         -         -
##>M:Debug Outputs                      0         -         -         -         -         -
##>M:ST loading                         0         -         -         -         -         -
##>M:Distributed                        0         -         -         -         -         -
##>M:Timer                              0         -         -         -         -         -
##>M:Assembly                           0         -         -         -         -         -
##>M:DFT                                0         -         -         -         -         -
##>M:DP Operations                      8         -         -     56683   1443187      2254
##>M:Const Prop                         0      4034         0     56683   1443187      2254
##>M:Cleanup                            3      4034         0     56682   1443179      2252
##>M:MBCI                               0         -         -     56682   1443179      2252
##>M:Const Gate Removal                 0         -         -         -         -         -
##>M:Misc                            1398
##>----------------------------------------------------------------------------------------
##>Total Elapsed                     1410
##>========================================================================================

+-----------+-----------+-----+----------------------+---------------------------+
|   Host    |  Machine  | CPU | Physical Memory (MB) | Peak Physical Memory (MB) |
+-----------+-----------+-----+----------------------+---------------------------+
| localhost | localhost |  1  |        2252.9        |          2270.4           |
+-----------+-----------+-----+----------------------+---------------------------+

+---------------+----------------------+---------------------------+
|    Server     | Physical Memory (MB) | Peak Physical Memory (MB) |
+---------------+----------------------+---------------------------+
| localhost_1_0 |        586.3         |           608.0           |
+---------------+----------------------+---------------------------+

Info    : Done mapping. [SYNTH-5]
        : Done mapping 'hardware'.
Info    : Connecting constant net to TIELO/TIEHI cells. [UTUI-207]
        : Connecting all 1'b0 in module /designs/hardware.
Info    : Connecting constant net to TIELO/TIEHI cells. [UTUI-207]
        : Connecting all 1'b1 in module /designs/hardware.
Info    : Connecting constant net to TIELO/TIEHI cells. [UTUI-207]
        : Connecting all 1'b0 in module /designs/hardware/subdesigns/picorv32_BARREL_SHIFTER1_ENABLE_PCPI1_ENABLE_IRQ1_ENABLE_IRQ_QREGS1_PROGADDR_RESET0_PROGADDR_IRQ16_STACKADDR8192.
Info    : Connecting constant net to TIELO/TIEHI cells. [UTUI-207]
        : Connecting all 1'b1 in module /designs/hardware/subdesigns/picorv32_BARREL_SHIFTER1_ENABLE_PCPI1_ENABLE_IRQ1_ENABLE_IRQ_QREGS1_PROGADDR_RESET0_PROGADDR_IRQ16_STACKADDR8192.
Info    : Joules engine is used. [RPT-16]
        : Joules engine is being used for the command report_power.
Info   : ACTP-0001 [ACTPInfo] Activity propagation started for stim#0 netlist
       : hardware
Info   : ACTP-0009 [ACTPInfo] Activity Propagation Progress Report :   0%   1%   2%   3%   4%   5%   6%   7%   8%   9%  10%  11%  12%  13%  14%  15%  16%  17%  18%  19%  20%  21%  22%  23%  24%  25%  26%  27%  28%  29%  30%  31%  32%  33%  34%  35%  36%  37%  38%  39%  40%  41%  42%  43%  44%  45%  46%  47%  48%  49%  50%  51%  52%  53%  54%  55%  56%  57%  58%  59%  60%  61%  62%  63%  64%  65%  66%  67%  68%  69%  70%  71%  72%  73%  74%  75%  76%  77%  78%  79%  80%  81%  82%  83%  84%  85%  86%  87%  88%  89%  90%  91%  92%  93%  94%  95%  96%  97%  98%  99% 100%
Info   : ACTP-0001 Activity propagation ended for stim#0
Info   : PWRA-0001 [PwrInfo] compute_power effective options 
       : -mode : vectorless
       : -skip_propagation : 1
       : -frequency_scaling_factor : 1.0
       : -use_clock_freq : stim
       : -stim :/stim#0
       : -fromGenus : 1
Info   : ACTP-0001 Timing initialization started
Info   : ACTP-0001 Timing initialization ended
Info   : PWRA-0002 [PwrInfo] Skipping activity propagation due to -skip_ap
       : option....
Warning: PWRA-0302 [PwrWarn] Frequency scaling is not applicable for vectorless
       : flow. Ignoring frequency scaling.
Warning: PWRA-0304 [PwrWarn] -stim option is not applicable with vectorless mode
       : of power analysis, ignored this option.
Info   : PWRA-0002 Started 'vectorless' power computation.
Info   : PWRA-0009 [PwrInfo] Power Computation Progress Report :   0%   1%   2%   3%   4%   5%   6%   7%   8%   9%  10%  11%  12%  13%  14%  15%  16%  17%  18%  19%  20%  21%  22%  23%  24%  25%  26%  27%  28%  29%  30%  31%  32%  33%  34%  35%  36%  37%  38%  39%  40%  41%  42%  43%  44%  45%  46%  47%  48%  49%  50%  51%  52%  53%  54%  55%  56%  57%  58%  59%  60%  61%  62%  63%  64%  65%  66%  67%  68%  69%  70%  71%  72%  73%  74%  75%  76%  77%  78%  79%  80%  81%  82%  83%  84%  85%  86%  87%  88%  89%  90%  91%  92%  93%  94%  95%  96%  97%  98%  99% 100%
Info   : PWRA-0002 Finished power computation.
Info   : PWRA-0007 [PwrInfo] Completed successfully.
       : Info=6, Warn=2, Error=0, Fatal=0
Output file: ../reports/synthesis/power.rpt
Warning : Potential error generating clock gating report. [RPT_CG-12]
        : 'lp_insert_clock_gating' root attribute is set to 'false'.
        : The 'report clock_gating' command depends on the 'lp_insert_clock_gating' attribute.  Set it to 'true' before calling this command.


Finished SDC export (command execution time mm:ss (real) = 00:01).
Warning : Default value for an option has changed in this release. [WSDF-104]
        : Default value for -setuphold has changed from split to merge_always. Specify '-setuphold split' to preserve the behavior of the previous release.
        : Specify the option explicitly.
Warning : Default value for an option has changed in this release. [WSDF-104]
        : Default value for -recrem has changed from split to merge_always. Specify '-recrem split' to preserve the behavior of the previous release.
Warning : No delay description exists for an instance. [WSDF-201]
        : Cell soc_cpu/tie_0_cell.
        : The timing arc of the instance does not exist or is disabled by disable_timing or constant value. The delay information will not be generated for the instance. The instance could be a loop breaker or its inputs could be driven by constant
Warning : No delay description exists for an instance. [WSDF-201]
        : Cell soc_cpu/tie_1_cell.
Warning : No delay description exists for an instance. [WSDF-201]
        : Cell tie_0_cell.
Warning : No delay description exists for an instance. [WSDF-201]
        : Cell tie_1_cell.
Info    : Wrote formal verification information. [CFM-5]
        : Wrote 'fv/hardware/hardware_netlistv.fv.json' for netlist '../reports/synthesis/hardware_netlist.v'.
Info    : Wrote composite dofile. [CFM-2]
        : The composite dofile 'rtl2final.do' includes two compare operations: rtl-to-fv_map and fv_map-to-revised. The 'fv_map' netlist was automatically written in the verification directory during the syn_map command.
Final Runtime & Memory.
===========================================
The RUNTIME after FINAL is 705.000000 secs
and the MEMORY_USAGE after FINAL is 2251.75 MB
===========================================
============================
Synthesis Finished .........
============================

+-----------+-----------+-----+----------------------+---------------------------+
|   Host    |  Machine  | CPU | Physical Memory (MB) | Peak Physical Memory (MB) |
+-----------+-----------+-----+----------------------+---------------------------+
| localhost | localhost |  1  |        2261.6        |          2270.4           |
+-----------+-----------+-----+----------------------+---------------------------+

+---------------+----------------------+---------------------------+
|    Server     | Physical Memory (MB) | Peak Physical Memory (MB) |
+---------------+----------------------+---------------------------+
| localhost_1_0 |        586.3         |           608.0           |
+---------------+----------------------+---------------------------+

Info    : A super-threading server has been shut down normally. [ST-112]
        : The server 'localhost_1_0' was process '2883369' on this host.
        : A super-threaded optimization is complete and a CPU server was successfully shut down.
Normal exit.
